5.459,114
5.470,117
5.509,114
5.459,114
5.467,109
5.456,113
5.456,113
5.506,113
5.432,106
5.484,114
5.461,107
5.439,108
5.478,112
5.436,107
5.503,112
5.459,114
5.446,110
5.459,114
5.474,111
5.439,108
5.442,109
5.439,108
5.471,110
5.456,113
5.467,109
5.467,109
5.446,110
5.467,109
5.499,111
5.492,109
5.474,111
5.489,108
5.436,107
5.432,106
5.464,108
5.456,113
5.436,107
5.425,104
5.461,107
5.432,106
5.489,108
5.454,105
5.471,110
5.492,109
5.496,110
5.471,110
5.467,109
5.492,109
5.479,105
5.475,104
5.442,109
5.503,112
5.489,108
5.496,110
5.484,114
5.481,113
5.446,110
5.464,108
5.509,114
5.503,112
5.515,116
5.449,111
5.453,112
5.459,114
5.456,113
5.456,113
5.471,110
5.453,112
5.446,110
5.481,113
5.446,110
5.453,112
5.474,111
5.464,108
5.457,106
5.450,104
5.433,99
5.415,101
5.468,102
5.457,106
5.472,103
5.443,102
5.447,103
5.457,106
5.440,101
5.447,103
5.418,102
5.415,101
5.467,109
5.479,105
5.439,108
5.488,115
5.478,112
5.506,113
5.478,112
5.481,113
5.509,114
5.459,114
5.478,112
5.484,114
5.471,110
5.509,114
5.484,114
5.457,106
5.429,105
5.482,106
5.489,108
5.488,115
5.499,111
5.475,104
5.504,105
5.480,98
5.425,90
5.524,90
5.521,83
5.478,79
5.606,72
6.048,61
6.248,61
6.252,65
6.240,82
6.070,96
5.990,109
5.911,115
5.832,114
5.751,112
5.704,113
5.697,111
5.701,112
5.660,107
5.697,111
6.168,110
6.428,113
6.408,107
6.400,112
6.376,105
6.383,107
6.393,110
6.404,106
6.377,98
6.365,102
6.338,94
6.406,86
6.329,74
6.274,62
6.192,48
6.216,39
6.392,49
6.346,59
6.379,67
6.406,71
6.368,89
6.388,94
6.359,100
6.345,96
6.372,104
6.345,96
6.384,100
6.330,99
6.367,95
6.359,100
6.318,89
6.347,90
6.320,78
6.337,76
6.356,69
6.348,61
6.396,58
6.391,44
18.141,105
18.086,111
18.079,109
18.043,113
18.040,112
18.021,114
18.040,112
6.464,12
6.441,37
6.391,47
6.442,49
6.448,61
-9999999999
6.406,71
6.431,80
6.437,76
6.420,78
6.452,85
6.425,79
6.459,93
6.467,95
6.376,91
6.327,85
8.228,80
8.197,63
8.171,63
8.201,67
8.203,69
8.201,67
8.203,71
8.198,64
8.223,65
8.222,64
6.348,61
6.319,55
6.342,50
6.402,65
6.404,74
6.366,77
6.401,91
6.360,87
6.426,91
6.356,86
6.362,76
6.356,71
6.299,62
6.291,46
6.266,35
6.237,22
18.131,35
18.506,49
7.985,14
8.036,35
8.112,46
8.061,47
8.098,65
8.101,68
8.127,71
8.152,86
6.337,76
6.401,91
6.352,85
6.343,89
6.321,111
6.225,63
6.364,88
6.445,118
6.495,118
6.246,111
6.246,111
6.248,97
6.133,20
13.113,58
8.136,33
6.426,105
6.396,111
8.168,104
8.216,103
6.396,111
6.193,110
10.863,55
8.628,98
8.317,103
8.284,108
8.356,107
8.183,108
5.209,114
4.789,99
4.553,94
4.392,97
4.364,103
4.326,106
4.341,103
4.295,104
4.269,96
4.209,93
4.299,105
4.230,99
4.217,95
4.146,103
4.160,93
4.149,90
4.164,94
4.236,101
4.258,93
4.223,84
4.311,88
4.333,81
4.403,93
7.764,110
2.525,88
2.500,102
2.467,100
2.414,100
2.387,93
2.311,81
2.302,67
2.250,68
2.250,73
2.248,66
2.250,72
2.251,69
2.297,62
2.275,74
2.353,98
2.418,116
2.468,122
2.490,114
5.994,110
5.957,114
5.957,114
5.976,112
5.951,112
5.973,104
5.968,95
5.939,94
5.949,97
5.953,98
5.963,101
6.038,116
6.106,121
6.131,121
6.114,123
6.074,119
6.033,107
5.998,104
6.114,109
8.307,87
8.382,100
8.515,102
7.219,104
7.199,98
7.298,91
7.273,91
7.227,99
7.199,98
7.167,96
7.235,94
7.608,101
7.098,91
7.294,104
3.242,98
3.045,74
3.142,64
3.144,66
3.187,59
3.245,73
3.393,99
3.491,106
5.865,109
5.785,100
5.813,101
5.796,96
5.746,96
5.837,108
5.859,107
5.916,102
5.963,101
6.097,104
6.173,97
6.330,99
6.455,99
6.804,99
6.314,88
6.428,113
8.949,83
6.190,102
8.707,92
8.569,53
8.328,71
8.404,70
13.483,51

5.566,32
5.857,86
9.227,54
12.864,111
8.961,86
8.867,94
5.098,78
5.171,110
9.346,76
4.928,60
5.025,90
5.029,105
5.074,111
5.104,64
5.494,41
5.543,77
5.547,58
5.423,57
5.571,103
5.530,113
5.548,111
5.474,111
5.531,106
5.512,100
5.479,105
5.489,108
5.535,107
5.503,79
5.540,27
5.344,47
5.493,102
5.490,101
5.473,96
5.493,82
5.498,96
5.455,98
5.465,101
5.454,105
5.429,105
5.430,85
5.397,55
5.604,66
6.225,79
6.013,101
5.547,96
5.487,93
5.501,97
5.487,100
5.487,93
5.487,100
5.441,94
5.487,100
5.475,104
5.470,95
5.509,70
5.495,49
5.591,31
18.382,110
18.385,111
5.243,33
5.381,66
5.473,56
5.346,52
5.451,61
5.451,61
5.518,47
5.344,36
5.397,83
5.405,98
5.408,99
5.415,76
5.515,7
17.408,116
15.279,119
15.419,123
15.838,108
5.243,31
5.373,78
5.398,78
5.442,24
15.703,112
15.734,121
15.912,122
5.402,62
5.451,84
5.365,76
5.194,45
6.538,25



15.553,62
6.539,30
6.540,45
6.555,86
6.521,104
6.547,97
6.551,98
6.571,104
6.554,99
6.561,101
6.572,97
6.077,98
6.076,91
6.152,85
6.140,82
6.237,81
6.586,81
6.616,95
6.604,99
6.611,101
6.603,106
6.610,108
6.592,110
6.616,117
6.626,120
6.734,122
6.704,127
5.711,115
5.673,104
5.649,97
5.509,69
5.498,57
5.480,65
5.406,66
5.472,103
5.464,108
5.506,113
5.509,114
5.505,98
5.467,88
5.432,106
5.489,108
5.433,92
5.459,71
5.405,65
5.401,84
5.393,82
5.406,66
5.398,56
5.404,64
5.322,55
5.294,41
15.649,59
19.326,95
17.596,120
17.295,112
17.239,103
17.317,104
17.295,112
17.284,109
17.331,108
17.355,115
17.245,112
17.248,113
17.238,110
18.066,105
18.029,109
17.937,111
17.945,106
17.906,102
17.835,103
17.856,102
17.822,86
5.417,27
5.443,33
5.419,46
5.394,41
5.444,40
5.445,48
19.647,31
5.342,16
5.296,52
5.381,66
5.397,83
5.379,91
5.436,107
5.436,107
5.449,111
5.418,102
5.412,100
5.411,107
5.424,111
5.438,115
5.418,102
5.411,107
5.446,110
5.399,111
5.409,114
5.396,110
5.439,108
5.442,109
5.455,98
5.458,99
5.405,85
5.468,82
5.408,73
5.432,67
5.429,64
5.459,70
5.458,68
5.433,73
5.458,72
5.430,85
5.429,91
5.412,100
5.439,108
5.431,113
5.400,104
5.399,111
5.429,105
5.456,113
5.474,111
5.422,103
5.417,88
5.401,61
5.446,51
5.394,44



5.318,29
5.298,57
5.309,71
5.311,75
5.283,73
5.340,81
5.284,69
5.322,55
5.294,42



5.393,29
5.397,83
5.361,107
5.346,110
5.284,80
5.190,22


































13.362,58
13.345,67
6.066,46
5.956,92
5.876,112
5.773,125
5.679,120
5.711,115
5.608,114
5.566,109
5.565,116
5.533,114
5.535,107
5.463,87
5.384,70
5.423,78
5.363,87
5.421,89
5.407,74
5.398,57
5.445,49
5.443,32
5.317,17
5.367,15
5.467,13
5.461,20
5.442,28
5.343,29
5.444,46
5.396,51
5.346,52
5.348,56
5.349,58
5.345,48
5.319,43
5.268,33























13.361,57
5.399,59
5.359,86
5.362,100
5.375,104
5.343,102
5.379,91
5.440,81
5.387,93
5.429,105
5.382,106
5.407,106
5.455,85
6.430,99
6.483,107
6.440,102
6.405,92
6.451,91
6.494,103
6.464,109
6.430,68
6.514,82
6.483,107
6.512,116
6.496,111
6.487,76
6.444,55
6.498,61
6.479,106
6.532,107
5.844,110
5.554,98
5.546,103
5.706,99
6.471,111
5.904,113
5.648,111
5.574,104
5.563,108
5.585,107
5.570,110
5.563,108
5.553,105
5.617,102
5.607,99
5.629,98
5.571,103
5.556,106
5.523,111
5.555,113
5.515,116
5.547,118
5.540,116
5.565,116
5.553,105
5.524,104
5.521,103
5.539,101
5.564,101
5.613,108
5.869,110
6.618,103
6.600,105
6.647,97
6.703,74
6.565,42
6.590,45
6.615,42
6.639,29
18.528,33
5.342,25
5.447,54
5.498,78
5.495,95
5.542,102
5.563,108
5.531,106
5.535,107
5.577,112
5.638,108
5.755,106
5.856,99
5.920,103
5.930,106
5.797,111
5.740,109
5.752,105
6.396,111
6.509,93
6.391,47
18.430,46
18.436,90
18.204,109
18.240,112
6.678,67
6.604,73
6.596,60
6.590,46
6.466,36
6.442,50
6.229,74
6.081,80
5.803,85
5.660,93
5.666,102
5.624,104
5.638,108
5.649,104
5.569,95
5.557,99
5.581,106
5.673,104
5.673,104
5.617,102
5.521,103
5.560,107
5.613,108
5.615,116
5.549,104
5.557,99
5.599,90
6.489,109
6.464,109
6.464,88
6.448,61
6.445,96
6.500,112
6.433,107
6.461,108
6.443,110
6.451,105
6.520,111
6.488,94
6.480,92
6.431,80
6.455,73
6.481,80
6.454,74
6.487,81
6.505,73
6.487,81
6.494,83
6.513,88
6.480,92
6.456,86
6.504,74
6.505,68
6.431,69
6.470,96
5.519,95
5.524,104
5.531,106
5.585,107
6.393,110
6.013,101
5.479,91
5.503,112
5.622,118
5.525,97
5.528,105
5.497,103
5.475,104
5.520,89
6.384,93
6.485,87
6.477,85
6.481,71
6.425,63
6.447,90
6.437,101
6.395,96
6.434,100
6.380,99
6.426,105
6.395,96
6.427,98
6.414,88
6.416,77
6.405,68
6.405,68
6.395,57
6.391,39
6.414,26
















5.552,19
5.542,42
5.542,47
5.544,51
5.547,59
5.530,66
5.533,69
5.514,76
5.469,77
5.493,82
5.513,87
5.471,89
5.471,89
5.463,87
5.498,78
5.480,65
5.397,55
5.344,34

6.539,30
6.468,52
6.431,80
6.426,91
6.415,102
6.442,95
6.410,87
6.430,72
6.443,52
6.451,64
6.418,89
6.415,102
6.429,106
6.397,104
6.387,76
6.291,43

18.329,33
18.309,78
18.319,68
17.861,78
17.883,95
17.946,68
17.914,84
17.975,93
17.886,96
17.895,106
17.904,116
17.862,111
17.858,117
17.862,111
17.844,113
17.816,112
17.837,111
17.732,102
17.729,101
17.714,104
17.693,105
17.640,97
17.603,100
17.532,94
17.520,105
17.534,102
17.548,72








































6.557,20
6.639,33









6.414,25
6.488,94
6.552,113
6.486,108
6.517,89
6.543,55
6.390,32
6.341,40
6.344,53
6.452,65
6.481,80
6.425,79
6.437,81
6.346,59
6.191,38












2.395,35
2.634,35
3.058,43
3.108,46
3.162,59
3.087,56
2.958,60
2.773,60
2.673,66
2.671,64
2.697,64
2.675,73
2.675,68
2.649,68
2.668,61
2.665,56
2.663,54
2.634,41
2.873,37
3.255,31
3.031,37
2.874,49
2.879,60
2.832,66
2.721,61
2.775,62
2.674,67
2.703,70
2.672,65
2.668,61
2.721,61
2.861,68
3.245,73
3.294,73
3.396,75
3.411,84
3.301,76
3.351,81
3.386,84
3.339,79
3.390,85
3.390,85
3.425,81
3.375,81
3.400,76
3.375,76
3.393,73
3.429,77
3.462,79
3.433,78
3.433,78
3.449,76
3.394,69
3.393,68
3.451,88
3.459,90
3.463,91
3.427,88
3.482,96
3.538,98
3.485,97
3.507,96
3.485,97
3.471,93
3.419,80
3.432,83
3.423,87
3.455,89
3.492,92
3.460,84
3.435,84
3.425,81
3.386,84
3.393,92
3.377,88
3.427,88
3.435,84
3.462,79
3.504,95
3.502,102
3.501,109
3.561,112
4.927,111
3.495,107
3.488,105
3.536,112
3.514,113
3.482,96
3.452,82
3.590,68
3.682,84
3.719,87
3.671,81
3.731,90
3.587,85
3.468,80
3.394,80
3.415,85
3.386,84
3.354,82
3.390,85
3.378,82
3.381,89
3.365,85
3.406,89
3.364,91
3.386,97
3.372,93
3.397,93
3.390,98
3.425,101
0.591,100
0.565,107
0.568,108
0.533,105
0.484,98
0.500,89
0.448,77
0.408,64
0.380,61
0.378,58
0.382,63
0.356,62
0.378,59
0.382,63
0.384,65
0.388,71
0.385,66
0.436,67
0.387,68
0.411,67
0.412,68
0.412,68
0.355,61
0.406,62
0.406,62
0.427,57
0.403,58
0.383,64
0.376,53
0.403,59
0.377,57
0.403,58
0.426,55
0.377,57
0.377,56
0.379,60
0.382,63
0.383,64
0.354,60
0.378,58
0.353,58
0.376,55
0.377,57
0.356,62
0.327,57
0.352,57
0.330,61
0.324,50
0.375,52
0.326,55
0.350,51
0.363,71
0.308,64
0.388,70
0.386,67
0.388,71
0.338,69
0.337,73
0.336,67
0.335,66
0.328,58
0.331,62
0.304,60
0.331,62
0.331,62
0.382,63
0.360,66
0.329,60
0.355,61
0.354,60
0.377,56
0.402,56
0.325,52
0.373,41
0.398,41
0.373,41
0.398,46
0.373,40
0.373,47
0.423,42
0.348,44
0.398,41
0.399,50
0.377,57
0.437,68
0.457,79
0.402,78
0.522,82
0.504,90
0.562,92
3.749,77
3.858,91
4.002,104
4.156,106
4.204,106
4.181,99
4.197,104
4.185,100
4.234,100
4.620,114
4.884,98
3.210,78
3.187,58
3.242,65
3.244,67
3.297,75
3.243,66
3.245,73
3.277,76
3.348,93
3.348,100
0.787,99
0.904,104
0.787,99
0.791,100
0.692,87
0.751,83
0.776,83
0.819,76
3.245,73
3.246,69
3.190,62
0.783,64
0.686,74
0.719,76
0.897,82
0.796,88
0.877,96
0.872,102
0.921,109
0.935,113
0.949,117
0.963,121
0.984,120
0.959,120
0.959,120
0.987,127
0.975,124
1.009,120
0.962,127
1.117,122
3.505,124
3.507,118
3.510,119
3.440,113
3.490,113
3.480,110
3.525,109
3.505,110
3.480,110
3.495,107
3.495,107
0.943,108
0.843,108
0.872,102
0.827,96
0.852,96
0.859,98
0.812,99
0.837,99
0.841,100
0.804,90
0.776,83
3.468,86
3.386,84
3.400,81
3.423,87
3.414,91
3.423,87
3.375,81
3.459,90
3.378,82
3.428,82
3.427,88
3.392,74
3.455,89
3.439,85
0.974,95
1.004,104
1.005,97
1.005,97
0.954,90
0.840,75
0.884,65
0.859,65
0.861,67
0.803,58
0.862,68
0.829,60
0.804,60
0.778,58
0.779,60
0.677,56
0.625,52
0.576,54
0.549,48
0.574,50
0.549,48
0.576,54
0.576,54
0.579,60
0.598,77
0.674,95
0.679,104
0.669,101
0.585,66
0.532,63
0.528,59
0.558,64
0.560,66
0.538,69
0.537,68
0.538,69
0.528,59
0.533,64
0.537,68
0.537,68
0.538,69
0.502,78
0.469,81
0.534,85
0.500,89
0.517,87
0.513,86
0.534,85
0.512,73
0.511,74
0.488,71
0.488,69
0.512,68
0.538,69
0.536,67
0.538,70
0.551,83
0.551,83
0.580,84
0.654,104
0.624,95
0.601,83
0.535,66
0.563,69
0.576,55
0.526,55
0.552,57
0.550,52
0.552,56
0.575,51
0.576,55
0.551,54
0.575,52
0.577,57
0.551,54
0.524,50
0.526,54
0.524,50
0.527,57
0.498,42
0.574,48
0.537,73
0.630,84
0.658,91
0.592,87
0.551,83
0.642,87
0.600,89
0.567,87
0.612,92
0.582,79
0.609,85
3.301,81
3.252,76
3.287,84
3.230,82
3.209,83
3.244,67
3.482,78
3.982,98
4.080,98
3.806,97
3.439,85
3.293,74
3.271,71
3.248,75
3.245,72
3.245,73
3.246,71
3.245,72
3.246,70
3.244,74
3.240,79
0.738,80
0.663,86
0.642,87
0.712,92
0.692,87
0.611,74
0.587,72
0.603,59
0.630,61
0.632,63
0.611,67
0.632,63
0.633,64
0.636,74
0.638,69
0.638,69
0.635,66
0.663,69
0.638,70
0.662,68
0.663,70
0.659,65
0.637,73
0.662,68
0.660,66
0.662,68
0.632,63
0.628,58
0.629,60
0.681,62
0.677,57
0.632,63
0.650,52
0.600,52
0.676,55
0.650,51
0.649,50
0.677,56
0.656,62
0.687,68
0.609,65
0.628,59
0.669,81
0.777,96
5.712,108
5.677,105
3.549,116
3.357,110
3.309,96
3.230,82
3.230,82
3.210,78
3.256,77
3.320,86
3.281,77
3.337,84
0.776,83
0.632,79
0.684,85
0.688,69
0.624,49
0.625,51
0.676,54
0.651,53
0.676,54
0.676,53
0.679,60
0.701,53
0.628,59
0.688,71
0.730,84
0.612,92
0.557,79
0.644,81
0.750,89
0.775,89
0.682,79
0.637,72
0.634,65
0.633,64
0.682,63
0.588,70
0.627,78
0.652,96
0.634,98
0.616,93
0.634,85
0.602,78
0.612,72
0.636,74
0.633,64
0.577,57
0.635,66
0.631,62
0.640,75
0.638,70
0.634,65
0.634,65
0.662,72
0.607,63
0.602,57
0.603,58
0.626,54
0.626,54
0.601,54
0.600,52
0.599,50
0.575,51
0.627,56
0.559,65
0.625,52
0.598,44
0.573,44
0.523,43
0.523,47
0.573,42
0.573,45
0.573,39
0.549,50
0.573,47
0.549,48
0.573,37
0.573,38
0.623,36
0.646,28
0.673,36
0.623,37
5.376,61
5.453,63
5.473,57
5.509,69
5.533,70
5.564,81
5.586,93
5.544,95
5.557,99
5.585,107
5.521,103
5.591,109
5.554,98
5.521,103
5.564,101
3.284,118
3.301,101
3.242,85
3.216,91
3.302,116
3.334,118
3.306,117
3.331,117
3.309,118
3.224,93
3.166,63
2.925,34
2.931,60
3.097,73
3.100,75
3.132,77
3.143,85
3.146,72
3.118,64
3.098,69
3.122,68
3.091,62
3.121,67
3.123,71
3.122,73
3.123,69
3.098,70
3.290,105
5.583,121
5.549,104
5.504,105
5.545,110
4.466,97
4.545,106
4.492,112
4.558,110
4.640,120
5.491,116
5.541,109
5.541,109
5.492,109
5.538,108
5.133,99
4.834,105
5.349,111
5.500,104
5.516,109
5.506,113
5.516,109
5.545,110
5.574,104
5.592,102
5.571,103
5.539,101
5.458,99
5.483,99
5.442,109
5.428,112
5.174,111
4.681,103
4.440,90
4.407,94
4.383,94
4.399,99
4.424,99
4.437,103
4.388,89
4.396,85
4.505,94
5.506,113
5.496,110
5.468,102
5.303,112
4.625,108
4.509,110
4.489,104
4.533,117
4.522,114
4.693,121
5.070,117
5.348,96
5.503,112
5.408,99
5.591,109
5.602,112
5.509,114
3.430,117
3.401,116
3.369,121
3.299,115
3.318,106
3.369,114
3.394,114
5.482,106
5.481,113
5.522,118
5.530,113
5.544,117
3.472,122
3.457,118
3.412,119
3.358,118
3.430,117
5.558,114
5.531,106
5.552,112
5.521,103
5.484,86
5.555,67
5.548,60
5.594,52
5.493,32
21.021,49
21.001,60
20.982,66
20.951,60
20.933,67
20.960,71
20.935,80
20.883,74
20.985,71
20.978,62
20.952,61
20.954,63
20.985,71
21.007,66
20.970,37
5.295,48
5.381,66
5.384,80
5.358,92
5.375,104
5.386,107
5.382,106
5.364,108
5.389,108
5.399,111
5.429,105
5.418,102
5.412,100
5.401,84
5.411,75
5.404,64
5.468,33




















2.872,30
2.820,35
2.769,51
2.769,51
2.801,61
2.832,66
2.782,70
2.808,73
2.781,68
2.782,69
2.748,62
2.752,65
2.778,65
2.775,62
2.780,67
2.752,65
2.752,65
2.797,78
2.781,73
2.701,74
2.729,71
2.729,71
2.727,74
2.687,77
2.736,76
2.731,75
2.729,71
2.705,75
2.702,73
2.702,73
2.744,78
2.729,70
2.729,70
2.729,71
2.702,68
2.673,66
2.725,65
2.728,72
2.727,67
2.719,59
2.780,67
2.779,66
2.776,63
2.859,66
2.862,71
2.887,67
2.911,65
2.882,63
2.887,67
2.888,68
2.885,65
2.831,65
2.858,65
2.806,66
2.777,64
2.779,66
2.753,66
2.753,66
2.756,70
2.699,65
2.728,72
2.671,64
2.670,63
2.673,66
2.672,65
2.647,67
2.645,65
2.621,67
2.646,66
2.676,69
2.671,64
2.642,62
2.671,64
2.623,69
2.650,70
2.646,66
2.673,66
2.671,64
2.702,72
2.729,69
2.785,75
2.729,86
2.627,87
2.653,93
2.618,91
2.619,98
2.555,95
2.457,63
2.538,91
2.508,97
2.341,77
2.349,84
2.321,90
2.307,93
2.261,82
2.208,77
2.116,74
2.143,74
2.102,77
2.065,80
2.064,73
2.071,81
2.045,76
2.053,78
2.053,78
2.038,80
2.010,74
1.986,73
1.996,77
1.986,72
2.000,78
2.032,79
2.027,78
1.996,77
1.996,77
1.987,80
2.018,81
1.992,81
1.981,79
2.038,86
2.026,83
1.995,82
2.021,82
2.069,87
1.996,77
2.012,80
2.030,84
2.012,80
2.048,82
2.005,79
1.992,81
2.045,81
2.000,78
2.030,84
1.996,77
2.034,85
2.012,80
1.992,76
1.996,77
2.045,81
2.012,80
2.000,78
2.026,83
1.996,77
2.018,81
1.992,76
2.000,78
2.049,77
2.065,80
2.071,81
2.059,79
2.101,82
2.232,94
2.228,93
2.372,118
2.454,125
2.475,130
2.516,127
2.416,108
4.699,81
4.653,82
4.598,93
4.558,89
4.577,101
4.563,97
4.511,96
4.448,92
4.505,94
4.448,92
4.424,92
4.441,97
4.395,91
4.403,93
4.371,91
4.371,91
4.407,94
4.343,90
4.375,99
4.392,97
4.354,93
4.396,98
4.362,95
4.362,95
4.399,92
4.367,90
4.391,90
4.417,97
4.456,94
4.452,93
4.557,95
4.574,100
4.567,85
4.635,90
3.481,83
3.400,81
3.394,86
3.308,83
3.219,74
3.170,74
3.205,82
3.100,75
3.062,78
3.009,78
3.023,75
3.021,80
2.943,75
2.970,75
3.005,77
2.967,80
3.035,78
3.009,78
3.047,71
3.045,74
3.098,69
3.146,68
3.097,72
3.147,70
3.169,66
3.196,73
3.197,71
3.244,67
3.221,71
3.270,68
3.217,65
3.244,67
3.294,73
3.319,73
3.390,65
3.394,69
3.591,70
4.212,81
4.314,89
4.263,88
4.251,98
4.194,89
4.241,95
4.185,93
4.164,94
4.132,92
4.149,90
4.181,92
4.213,94
4.193,95
4.213,94
4.209,93
4.282,100
4.314,95
4.317,96
4.334,101
4.375,99
4.392,97
4.424,92
4.536,96
4.602,94
4.703,95
4.929,97
5.115,101
5.375,104
5.436,107
5.554,98
5.731,99
5.860,93
5.989,94
6.059,100
6.163,94
6.226,91
6.458,107
6.745,111
7.153,86
7.224,65
7.248,64
7.217,57
7.289,48
7.223,19

































7.287,30
7.250,66
7.245,84
7.212,102
5.533,114
5.565,116
7.184,76
7.207,87
7.134,76
7.199,65
7.188,43
5.851,63
5.752,64


6.862,15
6.878,67
6.799,79
6.864,102
5.695,124
5.572,118
6.113,116
6.300,112
6.322,104
6.294,103
6.336,108
6.012,108
5.558,114
5.467,109
5.474,111
5.456,113
5.453,112
5.479,105
5.437,100
5.498,96
5.522,96
5.557,92
5.544,95
5.490,81
5.492,88
5.495,95
5.557,99
5.498,96
5.532,99
5.532,99
5.491,94
5.561,100
5.564,101
5.611,100
5.744,110
5.847,111
5.829,113
5.889,116
5.939,116
6.029,106
6.029,106
6.112,101
6.230,92
6.190,82
6.225,79
6.216,77
6.693,83
5.699,97
6.732,107
6.670,111
6.923,119
6.950,126
7.001,120
6.984,122
6.948,119
6.899,112
6.855,114
6.907,107
6.454,106
6.850,64
6.981,20



























































0.258,19





0.271,23

9.338,74
9.303,83
9.323,88
9.272,88
9.285,91
9.289,92
9.297,94
9.318,100
9.304,96
9.256,97
9.304,96
9.279,96
9.285,91
9.297,94
9.256,84
9.245,81
9.239,70
9.151,53
9.095,25















































































5.841,30
5.792,47
6.914,77
6.901,98
6.911,101
6.914,102
6.928,106
6.910,108
6.995,111
5.537,122
5.382,106
5.350,104
5.293,102
5.295,95
5.337,100
5.401,97
5.828,98
5.961,87
5.909,75
5.857,80
5.653,85
5.617,102
5.598,111
5.538,108
5.563,108
5.530,113
5.548,111
5.555,113
5.535,107
5.541,109
5.541,109
5.472,103
5.563,108
5.524,104
5.553,105
5.573,111
5.563,108
5.542,102
5.546,103
5.581,106
5.607,99
5.646,103
5.660,100
5.557,92
5.590,94
5.491,94
5.437,93
5.316,94
5.332,106
5.299,111
5.279,105
5.325,104
5.340,101
5.448,96
6.234,100
6.442,95
6.422,90
6.456,80
6.455,68
6.312,76
6.348,97
5.961,115
5.944,110
6.145,118
6.353,113
6.339,109
5.605,113
5.462,100
5.520,89
6.376,105
6.296,111
6.010,100
5.703,98
5.362,100
5.389,108
5.576,119
6.363,116
6.493,110
6.439,109
6.453,113
6.492,117
6.429,106
6.383,107
6.406,114
6.375,112
6.318,110
6.329,106
6.340,102
6.312,101
6.301,91
6.370,96
6.385,87
6.356,71
6.048,61
6.181,86
6.137,101
6.022,104
6.076,105
5.764,94
5.681,73
5.639,94
5.652,112
5.672,118
5.652,112
5.655,113
5.638,108
5.595,110
5.574,104
5.596,103
5.652,112
5.632,86
5.627,64
5.611,93
5.643,95
5.617,102
5.613,108
5.619,89
5.673,90
5.780,106
5.720,103
5.611,100
5.614,101
5.571,103
5.602,112
5.608,114
5.608,114
5.541,109
5.583,114
5.585,107
5.610,107
5.610,107
5.567,102
5.596,103
5.592,102
5.632,99
5.615,94
5.549,90
5.607,99
5.597,96
5.590,94
5.597,96
5.594,95
5.561,93
5.582,92
5.582,92
5.594,95
5.643,95
5.632,99
5.677,112
5.704,120
5.721,118
5.732,121
5.736,122
5.728,120
5.725,119
5.714,116
5.716,123
5.721,118
5.687,115
5.662,115
5.617,102
5.571,103
5.556,106
5.500,104
5.545,110
5.558,114
5.506,113
5.555,113
5.511,107
5.503,112
5.489,108
5.524,104
5.685,93
6.950,65
5.573,60
5.546,57
5.526,62
5.509,70
5.508,73
5.554,66
5.543,48
5.540,24
14.647,129
15.933,121
5.716,30
14.495,122
14.329,103
14.482,104
5.617,37
5.645,54
5.596,57
5.624,61
5.591,88
5.621,103
5.591,109
5.598,111
5.598,111
5.648,111
5.641,109
5.592,102
5.607,80
5.626,63
5.593,50
5.690,24
14.419,128
14.465,127
14.434,119
14.524,123
14.484,119
14.509,119
14.499,123
14.512,120
14.548,123
14.523,129
14.523,129
14.551,130
14.547,129
14.547,129
14.535,126
14.499,123
14.548,123
14.491,121
14.484,119
14.540,121
14.569,122
14.594,122
14.660,126
14.704,118
14.599,102
14.514,106
14.590,121
14.639,127
14.639,127
14.572,129
14.499,123
14.430,118
14.449,123
14.478,124
14.507,125
14.538,133
14.638,133
14.560,126
14.474,123
18.064,119
14.644,122
14.689,127
14.701,130
14.684,132
14.713,133
14.649,136
14.695,135
14.638,133
14.599,136
14.607,138
14.607,138
14.657,138
14.569,141
14.540,140
14.477,130
14.428,124
14.395,122
14.449,123
14.477,130
14.487,120
14.504,137
14.565,140
14.656,125
14.693,128
14.668,128
14.635,126
14.568,128
5.565,23
5.542,34
5.542,42
5.592,43
5.543,48
5.595,55
5.597,58
5.620,54
5.592,41
5.592,37
5.667,37
5.690,24
14.531,104
14.512,98
14.478,110
14.470,115
14.452,117
14.423,116
14.391,114
14.377,117
14.449,123
14.463,113
14.531,90
14.617,107
14.505,118
14.474,123
14.428,124
14.453,124
14.366,121
14.357,125
14.399,123
14.349,123
14.299,123
14.353,124
14.295,122
14.341,121
14.361,126
14.287,120
14.295,122
14.299,123
14.291,121
14.284,119
14.310,112
14.240,106
14.289,106
14.313,113
14.303,110
14.306,111
14.398,116
14.349,109
14.360,112
14.363,113
14.363,113
14.380,118
14.387,120
14.316,114
14.370,122
14.445,122
14.434,119
14.453,124
14.395,122
14.445,122
14.484,119
14.503,124
14.585,126
14.585,126
14.547,129
14.580,131
14.572,129
14.622,129
14.515,127
14.568,128
14.511,126
14.499,123
14.391,121
14.395,122
14.411,126
14.452,117
14.643,128
14.776,130
14.768,128
16.377,120
14.594,141
14.560,126
14.723,123
14.690,121
14.633,119
14.745,108
14.627,110
14.540,121
14.681,125
15.014,121
15.539,115
15.588,128
14.519,128
14.330,118
14.441,121
14.334,119
14.403,124
14.382,125
14.330,118
14.369,128
15.425,131
15.517,116
15.621,117
15.702,119
15.828,91
15.887,115
15.887,122
15.912,122
15.941,123
15.730,120
15.706,113
15.667,88
15.676,84
15.775,90
15.838,108
15.862,115
15.912,122
15.901,119
15.876,119
15.933,121
15.829,120
15.755,120
15.742,123
15.720,117
15.688,122
15.709,114
15.782,106
15.835,107
15.873,111
15.869,117
15.915,116
15.928,91
15.942,102
15.897,118
15.904,120
15.869,117
15.847,96
15.833,121
15.507,113
15.705,120
15.972,118
15.574,118
15.514,122
15.554,112
15.572,124
15.543,123
15.508,106
15.496,117
15.503,119
15.535,121
15.510,114
15.485,114
15.533,106
15.550,111
15.550,58
15.570,45
15.559,99
15.551,125
15.535,121
15.574,96
15.528,119
15.530,105



5.742,41
5.777,64
5.763,76
5.723,90
5.766,102
5.732,80
5.771,57
5.841,31































































15.609,73
15.485,114
15.581,120
15.494,102
15.607,113
15.681,113
15.449,118
15.589,122
15.535,121
15.223,130
15.025,130
15.549,118
15.557,113
15.578,119
16.536,116
15.724,131
15.705,120
15.713,115
13.914,139
13.703,123
13.888,126
15.293,116
15.361,121
15.354,119
15.311,114
14.536,120
14.459,119
5.740,24
5.667,44
5.718,49
5.742,34
5.665,13
14.550,37
14.671,76
14.985,120
15.187,121
15.187,121
15.187,121
15.268,129
5.891,32
5.717,39
5.741,31
5.665,8
14.477,49
14.497,81
17.123,65
17.137,40
16.356,114
14.802,137
14.629,118
14.588,133
15.073,117
16.284,93
14.444,128
16.265,88
16.224,84
16.324,119
14.914,121
5.516,23
5.411,75
5.448,96
5.429,105
5.468,102
5.443,102
5.479,105
5.475,104
3.937,114
4.036,121
4.023,124
4.031,126
3.902,111
3.813,92
3.789,86
3.788,92
3.767,93
3.788,92
3.739,86
3.743,87
3.805,90
3.763,92
3.759,91
3.805,104
3.781,97
3.753,96
3.788,99
3.795,101
3.792,100
3.775,95
3.877,96
3.925,103
3.935,106
3.945,109
3.935,106
3.837,99
3.827,96
3.788,99
3.763,92
3.760,98
3.742,100
3.784,105
3.818,108
3.959,113
3.969,123
3.973,124
3.993,116
5.453,112
5.424,111
5.487,100
5.476,61
3.673,27
3.674,32
3.725,37
3.698,25
14.601,95
14.578,83
14.614,99
14.513,113
14.569,115
14.627,89
14.586,120
7.289,49
7.227,72
7.237,82
7.236,88
7.239,95
7.231,93
7.206,93
7.235,94
7.189,95
7.173,91
7.231,93
7.242,96
7.252,99
7.227,92
7.239,95
7.235,94
7.194,90
7.215,89
7.237,82
7.222,79
3.762,67
3.690,71
3.736,65
3.715,80
3.738,92
3.756,97
3.742,93
3.729,96
3.781,97
3.742,100
3.795,101
3.732,97
3.771,94
3.729,96
3.767,93
3.813,92
3.806,97
3.861,106
3.812,106
3.759,105
3.788,99
3.748,102
3.769,108
3.766,107
3.762,106
3.755,104
3.788,99
3.771,94
3.809,105
3.842,115
3.875,110
3.798,102
3.690,86
3.714,92
3.723,88
3.816,100
3.895,109
3.847,102
3.803,96
3.781,97
3.729,96
3.601,77
3.368,92
3.046,99
3.013,97
3.045,74
2.941,70
2.832,66
2.826,60
2.861,72
2.878,59
2.861,72
2.859,66
2.925,82
2.938,85
3.107,82
3.369,80
3.185,83
3.562,91
3.697,94
3.819,101
3.844,101
3.715,71
3.753,78
3.736,85
3.600,82
3.215,79
2.860,67
2.831,65
2.858,65
2.859,66
2.862,70
2.838,75
2.869,81
2.889,86
2.869,81
2.903,83
3.074,114
4.325,113
4.293,96
4.290,95
4.243,103
4.153,105
3.975,96
4.000,96
3.923,95
3.899,89
3.883,91
3.901,96
3.880,97
3.911,99
3.923,95
3.936,99
3.911,99
3.950,103
3.907,105
3.929,97
3.919,94
3.958,85
3.986,86
4.125,97
4.337,102
4.430,101
4.448,92
4.434,77
4.413,53
4.196,56
4.080,65
4.066,76
4.024,83
4.084,86
4.116,94
4.195,103
4.209,93
4.266,95
4.299,91
4.215,82
4.200,79
4.120,89
4.084,86
4.032,85
4.011,80
3.985,72
3.962,80
3.953,90
3.944,94
3.960,106
3.991,108
3.950,103
3.928,104
3.984,106
3.949,110
3.953,104
3.946,102
3.936,99
3.926,96
3.887,92
3.940,93
3.936,92
3.903,90
3.888,86
3.855,84
3.888,86
3.893,76
3.837,72
3.789,71
3.819,76
3.798,82
3.788,73
3.836,67
3.873,45
3.907,19
14.216,73
3.725,43
3.787,67
3.777,83
3.727,89
3.718,93
3.732,97
3.707,97
3.681,90
3.694,87
3.763,92
3.732,84
3.806,97
3.805,90
3.801,89
3.759,91
3.785,85
3.768,87
3.797,88
3.806,84
3.813,73
3.876,55
3.872,29
11.892,111
11.850,106
11.921,112
11.964,110
12.032,108
12.124,98
12.228,71
12.241,57
12.262,43
17.412,117
17.405,122
17.420,126
17.433,123
17.384,109
20.812,107
20.825,111
17.105,128
16.872,132
16.687,123
16.707,128
16.672,119
16.691,124
12.708,123
12.720,126
12.646,120
12.475,99
12.418,97
12.404,100
12.407,101
12.428,107
12.446,105
12.446,105
12.491,111
12.495,112
12.508,116
12.558,109
12.602,107
12.684,102
12.915,125
14.772,116
14.590,114
14.701,117
14.756,125
14.660,105
3.867,21
3.822,31
3.752,53
3.783,63
3.682,61
3.676,48
3.625,32
3.674,30
3.725,34
3.725,40
3.726,49
3.705,58
3.728,55
3.733,62
3.685,64
3.689,72
3.690,69
3.689,73
3.664,68
3.739,70
3.688,67
3.714,73
3.738,68
3.789,69
3.785,65
3.808,63
3.759,64
3.831,62
3.783,63
3.786,66
3.786,66
3.786,66
3.777,83
3.854,90
3.788,92
3.822,102
3.827,96
3.796,94
3.763,92
3.810,85
3.810,85
3.813,92
3.797,88
3.816,93
3.849,95
3.805,90
3.789,86
3.829,90
3.806,97
3.800,95
3.788,99
3.806,97
3.816,93
3.805,90
3.797,88
3.824,95
3.830,97
3.816,93
3.827,96
3.793,87
3.834,85
3.826,83
3.877,78
3.813,71
3.858,64
3.824,50
3.824,49
3.773,32
3.893,22
14.544,122
14.512,120
14.510,112
14.516,114
3.945,24
4.021,40
3.971,47
3.934,66
3.936,73
3.925,83
3.961,92
3.895,88
3.924,89
3.915,93
3.852,78
3.876,83
3.799,77
3.852,78
3.851,83
3.852,78
3.859,85
3.826,83
3.857,79
3.844,76
3.847,82
3.863,86
3.852,78
3.808,79
3.854,90
3.846,88
3.838,86
3.842,87
3.826,83
3.875,89
3.854,90
3.867,87
3.915,93
3.944,94
3.968,94
4.014,93
4.198,97
4.275,98
4.316,103
4.303,99
4.337,102
4.337,102
4.324,98
4.343,90
4.358,94
4.299,91
4.314,95
4.223,97
4.166,102
4.052,97
4.003,97
3.975,96
3.911,92
3.894,94
3.904,97
3.880,97
3.933,98
3.929,97
3.898,95
3.940,100
3.877,96
3.953,90
3.925,83
4.040,87
4.069,82
4.185,93
4.234,100
4.307,100
4.337,102
4.319,104
4.363,117
2.133,118
2.080,118
2.103,117
2.127,109
2.097,108
2.037,99
2.064,99
2.037,99
2.011,92
2.027,96
1.998,89
1.954,84
1.968,81
1.970,88
1.990,87
1.914,75
1.931,79
1.946,82
1.922,77
1.946,82
1.951,78
1.931,79
1.906,79
1.893,76
1.947,77
1.922,77
1.912,71
1.946,82
1.951,78
1.968,81
1.968,81
1.939,75
1.910,74
1.912,70
1.960,74
1.936,72
1.961,73
1.964,75
1.986,68
1.951,78
1.936,73
1.936,72
1.962,69
1.937,71
1.936,68
1.985,74
1.960,74
1.987,71
1.986,72
1.985,74
1.987,71
1.985,74
1.961,72
1.961,68
1.934,66
1.972,77
1.986,68
1.932,64
1.962,69
1.982,64
1.978,60
2.005,79
1.994,88
2.047,88
2.018,81
2.037,73
2.118,80
3.577,77
3.591,69
3.654,54
3.680,58
3.728,53
3.677,51
3.480,51
3.405,50
3.439,65
3.490,66
3.492,68
3.482,78
3.466,74
3.511,79
3.493,71
3.468,71
3.478,77
3.482,78
3.503,77
3.517,70
3.516,73
3.517,69
3.531,78
3.527,77
3.492,73
3.493,69
3.513,65
3.542,71
3.660,63
3.879,60
3.737,67
3.610,63
3.585,63
3.804,58
3.974,55
4.047,51
4.095,49
4.096,51
4.121,54
4.121,54
4.119,48
4.240,50
4.434,39
4.459,46
4.484,50
4.464,58
4.444,64
4.442,62
4.424,73
4.373,66
4.277,73
4.171,78
4.233,75
4.388,89
4.462,103
4.399,99
4.424,99
4.372,98
4.415,111
4.436,110
4.411,117
4.419,112
4.378,107
4.296,97
4.287,88
4.339,89
4.372,85
4.376,80
4.370,79
4.376,69
4.369,62
4.269,58
4.266,51
4.216,38
4.359,27
4.360,29
4.408,25
4.386,35
4.311,25
4.312,31
4.263,30
4.238,31
4.360,29
4.437,53
4.420,64
4.423,67
4.438,78
4.314,89
4.223,97
4.258,100
4.364,110
4.411,117
4.435,117
4.453,115
4.454,108
4.405,108
4.313,102
4.410,77
4.361,77
4.364,55
4.360,32
4.437,53
4.434,77
4.469,98
4.496,106
4.530,88
4.425,70
4.430,76
4.406,81
4.437,103
4.457,109
4.452,100
4.482,102
4.471,106
4.472,99
4.466,97
4.444,91
4.469,85
4.473,71
4.421,65
4.438,56
4.392,61
4.361,44
4.411,50
4.434,45
4.410,38
6.243,52
6.292,48
6.294,53
6.316,46
6.292,50
6.293,51
6.293,51
6.292,48
6.292,48
6.317,48
6.316,44
6.316,47
6.341,47
6.368,51
6.368,51
6.295,57
6.368,51
6.342,50
6.367,50
6.344,54
6.395,57
3.231,44
3.143,65
3.120,66
3.098,70
3.096,67
3.073,70
3.020,68
3.041,79
3.069,85
3.115,97
3.129,101
6.042,95
6.060,87
6.105,73
6.325,63
6.421,59
6.468,51
6.491,37
2.873,35
3.132,47
3.138,60
3.134,51
3.254,17
14.797,109
14.755,111
14.771,101
14.860,98
14.880,90
3.003,10
3.205,33
3.182,35
3.182,39
3.083,40
3.032,48
3.031,47
2.952,38
2.820,37
2.923,28
2.962,19
2.949,27
2.872,32
2.873,44
2.903,55
2.906,60
3.039,61
3.085,51
3.157,45
3.132,46
3.116,62
6.344,54
6.345,57
6.342,49
6.291,35
14.941,107
17.997,114
2.924,29
2.952,36
3.005,45
3.032,50
3.137,59
4.368,84
4.469,85
4.508,95
4.477,87
4.469,85
4.373,66
4.319,61
3.971,47
3.131,33
3.108,34
3.107,29
3.082,31
3.031,47
3.058,47
3.031,46
2.978,43
3.003,28
3.003,16
14.904,111
14.908,112
14.875,117
14.885,120
14.860,120
14.818,122
3.180,27
3.182,41
3.139,61
3.098,70
3.047,70
2.851,56
14.997,123
6.341,46
6.341,42
6.369,53
6.394,54
6.291,41
3.005,44
2.956,56
3.044,66
2.991,66
3.031,43
2.978,38
2.976,27
3.083,41
6.344,55
6.241,47
6.092,48
6.091,45
6.141,47
6.141,44
6.091,41
6.143,52
6.143,52
6.101,64
6.153,66
6.140,82
6.134,93
6.115,102
6.119,103
6.062,101
6.114,109
6.094,103
6.101,105
6.065,102
6.146,111
6.076,105
6.122,104
6.126,105
6.104,106
6.104,106
6.119,103
6.095,96
6.097,90
6.140,82
6.101,64
6.045,57
5.994,51
2.744,57
2.875,51
2.795,52
2.767,45
2.767,36
2.767,37
2.820,34
2.819,31
16.867,118
16.928,121
16.917,118
14.742,134
14.542,75
14.500,31
18.096,114
10.923,72
10.791,90
10.771,98
10.644,91
10.644,91
10.623,92
2.767,47
2.823,55
2.824,56
2.797,57
2.821,49
2.846,47
2.770,54
2.723,63
2.751,64
2.748,62
2.778,65
2.777,64
2.777,64
2.754,67
2.781,72
2.776,63
2.825,58
2.851,56
2.823,54
2.873,34
11.062,110
11.093,119
11.182,116
11.182,116
11.172,113
11.236,117
11.137,110
11.148,106
11.130,108
11.133,109
11.168,119
11.196,120
11.158,123
6.496,111
11.025,114
2.844,28
2.915,86
2.981,110
2.898,102
2.897,109
2.895,101
2.922,101
2.866,87
2.824,78
2.801,61
2.796,55
2.796,54
2.771,56
2.719,58
2.722,62
2.723,63
2.728,68
2.723,63
2.755,73
2.747,84
2.787,87
2.835,92
2.812,93
2.880,97
2.817,94
2.885,98
2.865,93
2.861,92
2.821,95
2.857,91
2.877,96
2.897,88
6.304,74
6.291,77
6.331,70
6.255,73
6.305,68
6.305,72
6.302,65
6.275,63
6.322,60
6.297,60
6.250,63
6.294,53
6.344,53
6.266,47
6.291,39
6.291,37
6.216,36
6.241,35
6.191,39
6.192,50
6.296,59
6.299,62
6.300,63
6.303,66
6.306,70
6.316,77
6.323,84
6.285,87
6.330,92
6.313,94
6.319,103
6.305,99
6.315,102
6.329,106
6.358,107
6.351,105
6.344,103
6.348,84
6.355,73
6.349,62
6.416,46
22.147,83
6.341,44
6.342,50
6.294,54
6.346,59
-9999999999
6.370,57
6.381,69
6.389,88
12.227,99
12.151,106
12.111,109
12.043,111
12.055,107
11.979,107
8.092,125
8.030,122
7.998,120
7.966,118
7.838,95
7.995,119
8.138,130
11.112,110
8.180,134
8.102,121
8.025,99
7.949,113
11.120,105
6.316,77
6.484,93
6.550,105
6.558,100
6.456,80
6.426,91
6.447,104
6.468,110
6.428,113
6.450,112
6.443,110
6.438,116
6.403,113
6.418,110
6.365,102
6.396,111
6.381,114
6.456,114
6.488,116
6.229,106
6.503,113
6.519,118
6.376,105
6.409,93
6.405,72
6.402,85
6.444,103
6.447,104
11.713,95
10.035,110
10.080,116
10.091,119
11.637,117
6.702,113
6.621,104
6.537,94
6.558,100
6.537,94
6.591,95
6.721,125
6.676,120
6.595,111
6.602,113
6.571,104
6.578,106
6.619,96
6.718,103
6.730,114
6.751,120
6.700,126
6.616,117
11.274,127
11.223,106
11.158,109
11.170,105
11.119,112
11.141,104
9.911,111
9.916,126
6.636,81
6.569,96
6.583,100
6.554,99
6.536,101
6.562,94
6.604,99
6.535,108
6.574,112
6.563,88
6.597,97
6.723,119
6.692,124
6.662,116
6.575,105
6.517,110
6.532,107
6.484,100
6.490,82
6.449,62
6.219,55
9.920,68
9.865,63
6.619,96
6.638,109
6.719,118
9.843,106
9.844,99
9.856,95
9.907,95
9.890,79
9.858,83
9.867,85
9.883,89
9.917,98
9.945,99
10.004,94
9.909,83
9.976,87
10.010,83
10.006,82
9.933,89
9.932,95
9.913,97
9.934,103
9.895,99
9.856,95
9.854,102
9.826,101
9.880,102
9.836,104
9.854,102
9.836,104
9.833,103
9.870,99
9.862,97
9.884,103
7.804,107
7.832,108
7.748,98
7.734,94
7.748,98
7.736,102
7.835,123
7.773,120
7.802,114
7.809,116
7.764,110
7.761,102
7.730,93
7.654,75
7.644,61
7.590,53
7.521,63
7.552,71
7.551,72
7.546,79
7.597,91
7.616,96
7.572,91
7.608,101
7.601,99
7.727,121
7.831,122
7.851,127
10.039,104
10.077,87
10.047,92
10.050,107
9.999,107
10.070,113
10.042,112
10.012,111
10.060,110
10.036,103
9.995,106
10.002,108
10.031,102
6.678,106
6.633,100
6.529,92
6.554,99
6.558,100
6.512,101
6.506,80
6.494,83
10.092,79
10.014,84
10.006,82
9.911,111
7.751,127
7.677,121
7.591,118
9.866,91
9.865,79
9.921,70
9.913,97
9.911,111
9.896,121
7.854,134
7.768,125
7.702,114
7.598,85
7.598,85
7.618,90
7.622,91
7.639,89
7.610,88
7.718,90
7.722,105
7.781,115
7.806,115
7.905,128
7.901,127
7.848,120
7.718,104
7.673,98
7.680,93
7.708,101
7.729,107
7.760,109
7.790,103
7.855,100
7.897,105
7.888,95
7.893,104
7.865,103
7.892,111
7.804,107
7.818,104
7.792,111
7.760,109
7.675,106
7.685,109
7.685,109
7.711,102
7.708,101
7.659,94
7.688,95
7.651,99
7.648,98
7.650,106
7.668,104
7.626,92
7.643,104
7.625,106
7.663,95
7.677,80
9.775,101
9.844,99
9.744,80
9.792,113
9.803,88
7.441,53
7.602,86
7.526,68
7.568,90
7.740,103
9.851,76
9.708,57
18.359,78
9.165,20
9.045,25
1.821,31
1.774,52
1.776,57
1.836,72
1.875,83
1.857,91
1.840,93
1.836,92
1.861,92
1.878,90
1.870,88
1.871,82
1.862,80
1.889,75
1.860,74
1.837,71
1.830,62
1.831,63
1.876,57
1.885,67
1.884,66
1.933,65
1.897,77
1.910,74
1.901,78
1.881,79
1.862,80
1.885,74
1.921,82
1.893,81
1.868,81
1.918,81
1.879,84
1.862,80
1.876,78
1.921,82
1.908,85
1.937,86
1.876,78
1.879,84
1.881,79
1.921,82
1.876,78
1.881,79
1.925,83
1.881,79
1.893,76
1.862,71
1.856,63
1.925,54
1.899,52
1.899,51
1.906,63
1.885,74
1.939,75
1.904,84
1.912,86
1.893,76
1.925,83
1.912,80
1.958,85
1.945,88
1.954,84
1.965,93
1.965,93
1.969,94
1.986,92
2.018,101
2.048,102
1.966,87
1.968,81
2.008,85
1.996,77
2.082,90
2.117,92
2.053,78
2.034,65
2.035,66
1.986,72
2.005,79
1.996,77
2.000,78
1.987,86
1.994,88
1.958,85
1.987,86
1.994,88
1.998,89
1.966,87
1.975,83
2.011,92
2.012,86
2.033,91
2.002,90
2.007,91
2.051,89
2.015,93
2.050,95
2.027,96
2.030,97
2.030,97
2.045,101
2.030,97
2.015,93
2.064,92
2.026,83
2.000,78
2.092,86
2.052,83
2.100,88
2.157,89
2.149,87
2.075,82
2.079,83
2.110,84
2.131,89
2.121,93
2.140,98
2.140,98
2.148,100
2.194,98
2.170,92
2.139,91
2.118,80
2.118,71
2.090,72
2.041,75
2.034,85
2.024,95
2.003,97
1.992,101
2.045,101
2.105,103
2.151,101
2.133,96
2.071,81
2.089,74
2.101,82
2.102,77
2.089,74
2.090,73
2.064,73
2.092,86
2.096,87
2.083,84
2.073,88
2.026,83
2.061,85
2.021,82
2.065,80
2.027,78
1.992,76
2.038,86
1.996,77
2.003,84
2.042,93
2.064,92
2.043,87
2.061,85
2.073,88
2.078,89
2.090,92
2.083,97
2.114,98
2.132,103
2.154,102
2.162,104
2.207,102
2.148,100
2.287,102
2.095,100
2.148,100
2.125,101
2.151,101
2.166,105
2.201,100
2.117,92
2.130,95
2.133,96
2.117,92
2.151,101
2.136,97
2.136,97
2.140,98
2.117,99
2.125,101
2.090,99
2.078,89
2.092,86
2.061,85
2.005,79
1.986,73
2.012,80
2.008,85
1.995,82
2.018,81
2.038,86
2.034,85
2.026,83
2.064,92
2.090,92
2.064,92
2.130,95
2.121,93
2.106,96
2.130,95
2.090,99
2.099,94
2.136,97
2.130,95
2.080,96
2.043,87
2.071,81
2.090,73
2.102,77
2.155,77
7.818,104
7.860,109
7.975,106
7.814,110
7.899,113
9.230,90
7.662,77
7.680,100
7.693,104
7.582,108
7.567,111
2.223,92
2.077,95
2.121,93
2.131,89
2.022,45
9.205,104
9.691,106
7.310,116
7.464,117
7.450,113
7.439,117
7.407,115
7.502,127
7.576,127
9.845,114
2.076,47
2.240,59
2.224,71
2.064,68
2.145,70
2.001,58
2.137,62
2.120,75
2.038,71
2.144,72
2.053,56
1.948,50
1.971,29
1.977,58
1.987,71
2.012,80
2.005,79
1.996,77
2.010,67
2.022,77
1.989,75
1.985,74
2.038,71
2.012,70
1.986,72
2.036,67
1.986,72
2.012,71
1.985,74
2.045,81
1.976,78
1.989,75
1.992,76
1.989,75
1.989,75
1.962,80
1.936,73
1.922,77
1.912,80
1.929,84
1.906,79
1.881,79
1.897,77
1.843,76
1.929,84
1.868,81
1.868,76
1.904,84
1.933,85
1.851,78
1.879,84
1.875,83
1.868,81
1.932,91
1.875,83
1.879,84
1.868,81
1.887,80
1.875,83
1.904,84
1.937,69
1.879,61
1.878,60
1.847,45
1.797,35
1.868,22
1.872,46
1.962,71
2.216,97
2.207,102
2.194,98
2.117,92
2.082,90
2.121,93
2.113,91
2.104,89
2.166,91
2.174,93
2.174,93
2.153,88
2.132,83
2.136,84
2.132,83
2.132,83
2.118,80
2.094,75
2.098,76
2.106,78
2.094,75
2.063,74
2.092,80
2.118,80
2.065,80
2.076,77
2.098,81
2.110,84
2.109,90
2.075,82
2.113,91
2.130,95
2.090,92
2.133,96
2.126,94
2.073,88
2.117,92
2.113,91
2.148,93
2.109,90
2.170,92
2.157,89
2.105,83
2.122,87
2.105,83
2.139,91
2.152,94
2.100,88
2.096,87
2.117,92
2.130,95
2.118,86
2.135,90
2.083,84
2.083,84
2.132,83
2.112,79
2.136,84
2.102,77
2.118,80
2.112,79
2.120,75
2.116,74
2.118,71
2.125,76
2.125,81
2.165,79
2.160,78
2.151,76
2.118,80
2.144,72
2.117,72
2.178,81
2.090,72
2.118,71
2.145,70
2.116,74
2.125,76
2.151,76
2.154,82
2.110,84
2.140,85
2.174,93
2.132,83
2.096,87
2.087,85
2.157,89
2.148,93
2.157,89
2.122,87
2.104,89
2.157,89
2.162,90
2.079,83
2.109,90
2.079,83
2.122,87
2.132,83
2.145,86
2.105,83
2.083,84
2.132,83
2.087,85
2.079,83
2.083,84
2.104,89
2.145,86
2.096,87
2.118,86
2.110,84
2.087,85
2.080,78
2.145,86
2.153,88
2.136,84
2.125,81
2.120,75
2.145,71
2.144,68
2.145,71
2.165,79
2.120,75
2.181,82
2.138,79
2.143,74
2.143,74
2.155,77
2.118,69
2.142,66
2.143,74
2.116,74
2.132,83
2.125,81
2.102,77
2.151,76
2.151,76
2.136,84
2.157,89
2.125,81
2.151,81
2.128,82
2.090,73
2.125,81
2.128,82
2.138,79
2.147,75
2.098,76
2.136,84
2.133,78
2.145,80
2.154,82
2.118,80
2.136,84
2.128,82
2.155,77
2.133,78
2.125,81
2.106,78
2.098,76
2.106,78
2.145,80
2.118,80
2.101,82
2.071,81
2.102,77
2.118,80
2.098,76
2.125,76
2.089,74
2.181,82
2.155,77
2.116,74
2.129,77
2.143,74
2.117,68
2.144,68
2.145,70
2.139,64
2.103,50
2.129,46
7.600,133
7.547,126
7.440,124
9.825,108
9.967,126
9.990,119
13.191,119
13.198,80
13.406,102
13.388,104
10.063,111
9.978,101
7.411,88
7.496,119
7.514,124
7.523,120
7.552,114
7.534,94
7.485,94
7.481,93
7.579,107
7.607,108
2.709,81
2.709,81
2.725,98
2.803,112
2.733,100
2.718,96
2.623,69
2.661,50
2.666,58
2.672,65
2.623,69
2.622,68
2.622,68
2.650,69
2.622,72
2.622,73
2.691,78
2.685,88
2.716,89
2.676,86
2.742,89
2.709,81
2.625,75
9.021,102
9.025,103
8.515,102
7.811,102
7.734,94
7.734,94
7.734,94
7.783,101
7.765,103
7.676,92
7.647,91
7.651,99
7.663,95
7.684,94
7.754,107
7.600,74
7.727,86
7.948,120
7.966,118
7.899,113
7.784,94
7.811,102
7.788,95
7.967,111
7.832,108
7.727,114
7.689,110
7.716,118
7.684,116
7.642,111
7.646,112
7.575,106
7.625,106
7.624,113
7.660,109
7.689,110
7.731,122
7.777,121
7.700,106
7.630,93
7.594,84
7.512,77
7.503,80
7.514,89
7.581,87
7.610,88
7.503,80
7.556,87
7.555,93
7.552,86
7.576,92
7.586,102
7.577,114
7.568,104
7.638,95
7.503,69
14.031,118
7.564,89
7.495,84
7.540,83
14.038,120
14.038,120
14.078,117
7.546,63
7.453,69
7.466,54
7.491,53
7.494,60
7.509,81
7.451,67
7.465,52
7.537,47
7.502,72
7.506,100
7.492,96
7.448,64
17.683,38
17.683,47
7.465,52
7.466,54
7.503,69
8.707,73
8.744,50
8.741,23




8.692,30
8.647,59
7.478,69
7.499,85
7.510,88
7.551,99
7.511,102
7.506,93
7.503,80
7.524,66
7.537,46
19.222,116
7.389,49
7.444,60
7.472,79
7.470,97
7.466,103
7.456,100
7.366,103
7.239,95
7.145,97
7.167,96
7.166,103
7.191,103
7.198,105
7.283,108
7.385,94
7.434,76
7.512,47
8.844,42
8.828,63
8.833,68
8.832,74
8.834,70
8.904,63
8.920,43
7.288,38
7.327,68
7.348,91
7.359,101
7.369,104
7.362,102
7.352,99
7.403,86
7.352,68
7.368,58
7.338,45
7.338,45
7.288,45
7.288,47
7.212,33
7.086,26
18.992,86
18.917,99
18.100,115
18.053,116
18.121,121
18.096,121
18.046,121
18.021,121
18.565,120
18.658,118
18.854,117
19.021,108
7.387,33
7.391,55
7.163,38
18.033,124
8.898,54
8.825,90
8.869,102
8.840,81
7.234,81
7.309,101
7.316,103
7.417,96
7.342,96
7.336,109
7.362,102
7.423,105
7.383,108
7.426,106
7.465,110
7.497,112
7.534,116
7.497,112
7.440,110
7.359,101
7.289,95
7.316,103
7.330,107
7.344,104
7.330,107
7.323,105
7.276,106
7.276,106
7.293,111
7.262,102
7.302,99
7.356,100
7.269,90
7.285,94
7.285,94
7.314,95
7.289,95
7.207,87
7.242,96
7.241,103
7.328,114
8.768,102
8.809,121
8.934,127
8.980,132
9.009,133
9.014,128
8.958,113
8.808,99
8.715,94
8.681,92
8.634,107
8.705,113
8.745,110
8.787,100
8.754,98
7.136,109
7.267,118
7.255,107
7.277,99
7.247,63
17.736,103
7.399,65
7.411,88
7.380,107
7.259,101
7.178,80
7.237,82
7.442,56
7.388,41
7.372,79
7.455,107
7.406,100
7.411,88
7.382,87
7.377,92
7.366,103
7.380,107
7.351,106
7.277,73
7.373,105
7.373,105
7.389,95
7.409,76
7.299,65
7.265,51
7.263,46
7.263,45
7.239,49
7.291,54
7.243,59
7.288,44
7.263,46
7.288,46
7.291,53
7.238,44
7.213,44
7.224,65
7.277,92
7.252,99
7.244,104
7.273,105
7.245,97
7.295,84
7.291,55
7.188,41
7.284,81
7.286,109
7.294,104
7.231,93
7.287,102
7.277,92
7.248,64
7.296,62
7.293,58
7.339,49
19.124,123
7.213,35
7.216,54
7.241,55
7.265,89
7.231,93
7.265,89
7.197,63
7.240,52
7.272,79
7.248,91
7.198,64
3.478,45
3.411,61
3.384,59
3.385,60
3.434,60
3.491,67
3.532,59
3.491,67
3.474,76
3.453,77
3.442,72
3.443,70
3.493,70
3.517,80
3.530,83
3.493,80
3.517,80
3.511,79
3.548,81
3.548,76
3.517,80
3.540,74
3.566,73
3.551,82
3.558,90
3.546,87
3.477,82
3.517,86
3.534,84
3.542,71
3.542,71
3.548,76
3.649,88
3.559,84
3.624,88
3.610,79
3.647,81
3.672,94
3.615,99
3.607,104
3.615,99
3.603,89
3.641,86
3.940,93
4.080,98
4.119,95
4.091,94
4.047,89
4.072,89
4.147,78
4.190,88
4.268,83
4.736,79
4.368,97
3.946,102
4.077,97
4.253,106
4.239,102
4.264,102
4.215,102
4.271,104
4.258,100
4.261,101
4.220,96
4.236,101
4.189,94
4.230,99
4.258,100
4.268,103
4.258,93
4.243,103
4.227,98
4.227,98
4.234,100
4.272,97
4.230,99
4.275,98
4.271,104
4.236,101
4.257,107
4.204,106
4.204,106
4.218,110
4.197,104
4.204,106
4.177,105
4.114,108
4.031,105
4.104,91
4.095,95
3.978,84
3.838,71
3.882,63
3.735,64
3.662,66
3.614,74
3.563,85
3.517,80
3.594,93
3.485,84
3.521,87
3.509,84
3.481,83
3.583,90
3.566,92
3.566,92
3.538,85
3.590,92
3.559,84
3.550,88
3.555,83
3.523,81
3.482,78
3.493,86
3.525,88
3.545,93
3.513,85
3.523,81
3.517,86
3.493,80
3.548,81
3.567,86
3.622,81
3.671,81
3.797,88
3.805,90
3.822,102
3.780,90
3.884,98
3.929,97
3.989,100
3.992,101
3.988,107
3.910,106
3.711,98
3.816,100
3.826,103
3.333,83
2.942,86
2.641,84
2.550,81
2.523,76
2.463,73
2.435,67
2.410,70
2.463,68
2.497,76
2.489,73
2.532,78
3.425,81
3.481,83
3.530,83
3.480,89
3.438,91
3.418,92
3.349,87
3.295,86
3.210,78
2.882,79
2.629,81
2.501,77
2.409,72
2.430,62
2.401,60
2.538,64
3.745,76
3.929,84
3.988,107
4.035,99
4.028,97
2.637,103
2.636,110
2.650,114
2.646,113
2.613,104
2.539,98
2.512,85
2.504,83
2.470,76
2.464,71
2.436,68
2.405,64
2.433,65
2.435,74
2.436,73
2.530,89
2.517,86
2.484,79
2.512,85
2.489,72
2.713,40
3.488,64
3.686,65
3.553,49
3.579,89
3.695,108
3.693,100
3.671,81
3.813,80
4.112,93
4.070,77
3.974,54
4.030,79
4.039,100
4.097,103
4.059,99
4.048,103
4.090,101
4.080,98
4.077,97
4.137,87
4.152,79
4.077,61
7.138,42
7.153,71
4.977,84
5.063,87
5.055,85
5.045,95
4.999,96
4.983,106
5.021,110
4.949,103
4.723,101
4.382,101
4.223,97
4.164,94
4.178,98
4.168,95
4.164,94
4.185,100
4.188,101
4.219,103
4.129,98
4.211,108
4.184,107
4.191,102
4.195,103
4.201,105
4.184,107
4.188,101
4.181,99
4.185,100
4.178,98
4.145,89
4.287,88
4.937,86
4.937,70
4.222,60
7.196,62
7.153,71
4.241,95
4.163,101
4.041,101
4.225,112
4.339,117
4.276,113
4.263,109
7.314,95
7.273,105
7.269,104
7.305,75
7.243,58
4.192,77
4.226,91
4.226,91
4.121,55
4.122,57
4.121,53
4.171,57
4.169,51
4.146,55
4.196,58
4.229,74
4.125,84
4.132,92
4.177,91
4.168,95
4.149,90
4.146,83
4.206,86
4.186,87
4.169,89
4.185,93
4.181,99
4.171,96
4.157,86
4.157,71
4.146,55
4.108,68
7.090,52
7.143,59
7.191,54


4.045,41
4.157,71
4.185,93
4.205,92
4.197,104
4.308,122
4.440,125
7.101,106
2.780,106
2.736,101
2.728,92
2.770,83
3.919,94
4.039,93
2.646,66
2.475,50
2.673,66
2.650,80
2.585,78
2.638,78
2.638,78
2.652,75
2.668,84
2.629,76
2.674,74
2.683,76
2.706,93
2.787,87
2.717,83
2.623,70
1.822,44
1.727,58
1.762,69
1.837,80
1.783,85
1.799,89
1.779,84
1.796,82
1.807,91
1.815,93
1.790,93
1.791,87
1.799,89
1.795,88
1.794,94
1.773,95
1.761,92
1.811,92
1.801,96
1.790,93
1.765,93
1.749,89
1.799,89
1.769,94
1.828,90
1.845,88
1.837,80
1.812,70
1.911,92
2.012,114
2.043,115
4.165,109
4.093,102
2.899,77
2.727,67
2.723,63
2.675,73
2.703,71
2.729,70
2.727,67
2.726,66
2.838,75
2.941,69
3.245,73
3.304,82
3.252,81
3.439,85
3.558,90
4.371,105
4.421,98
4.136,100
3.950,103
3.886,106
3.977,104
4.141,109
4.412,110
4.486,103
4.509,110
4.472,99
4.518,98
4.448,92
4.652,88
5.167,88
5.010,80
6.925,65
2.848,51
2.876,55
2.930,58
2.859,66
2.776,63
2.777,64
2.778,65
2.803,63
2.776,63
2.782,69
2.779,66
2.780,67
2.782,69
2.777,64
2.809,71
2.885,85
2.990,105
3.045,113
3.102,115
6.836,101
6.890,77
4.244,78
4.421,85
4.518,98
4.570,99
4.543,98
4.553,94
4.539,84
4.557,95
4.527,108
4.501,100
4.488,111
4.496,106
4.469,105
4.524,107
4.507,102
4.507,102
4.486,103
4.496,106
4.493,105
4.486,103
4.503,108
3.026,115
3.048,114
2.913,106
2.864,107
2.928,110
2.954,117
2.969,114
2.983,118
4.506,109
4.641,113
5.083,99
4.967,101
4.562,104
4.536,118
3.100,107
3.025,87
2.947,76
3.224,100
3.461,119
3.464,120
3.504,117
3.393,99
3.195,67
3.231,77
3.193,65
3.186,96
2.964,98
2.928,89
5.240,81
5.059,71
5.044,40
16.788,40
16.606,75
5.206,66
5.130,85
5.137,93
5.165,101
5.162,100
4.948,110
4.125,97
3.961,92
3.932,91
3.903,90
3.907,91
3.936,92
3.903,90
3.937,86
3.896,82
3.928,90
3.924,89
3.949,89
3.968,94
4.000,96
3.968,94
3.975,96
3.915,93
3.943,101
3.992,101
3.943,101
3.940,100
3.958,98
3.926,96
3.933,98
3.920,88
3.954,97
3.945,88
3.945,88
3.961,92
3.994,88
3.924,89
3.904,84
3.940,93
3.965,93
3.915,93
3.957,91
3.961,92
3.951,96
3.961,99
4.068,109
4.065,108
4.124,104
3.993,94
3.993,94
3.974,103
3.951,96
3.986,86
3.992,76
4.055,91
3.946,82
3.970,82
3.918,81
3.982,85
3.986,86
4.773,94
5.139,108
5.218,102
5.207,106
5.229,105
5.232,106
5.236,107
5.200,104
5.218,102
5.256,113
5.207,106
5.239,108
5.262,100
5.265,76
5.299,58
5.244,42
5.193,32
5.192,25
5.242,23
17.260,33
17.291,58
16.776,74
16.764,77
16.851,74
16.787,82
16.812,82
16.706,75
16.602,67
16.703,68
17.217,90
5.254,19
5.194,39
5.296,52
5.259,69
5.251,84
5.208,99
5.229,105
5.225,104
5.236,107
5.250,104
5.238,87
5.250,90
5.293,102
5.246,110
5.264,108
5.264,108
5.288,115
5.274,111
5.246,110
5.306,113
5.246,110
5.259,114
5.221,110
5.266,116
5.223,118
4.931,112
4.357,108
4.191,102
4.083,99
4.097,103
4.087,100
4.077,97
4.059,99
4.035,99
4.087,100
4.051,90
4.022,95
4.002,90
4.011,80
4.073,83
4.173,90
4.489,104
4.951,111
5.116,116
5.195,117
5.159,114
5.198,118
5.156,113
5.117,109
5.132,106
5.186,107
5.147,103
5.186,107
5.189,108
5.168,102
5.189,108
5.182,106
5.211,107
5.182,106
5.192,109
5.189,108
5.192,109
5.186,107
5.232,106
5.215,76
5.245,50
5.144,40
5.067,15
17.417,84
17.506,76






18.285,58
18.365,105
5.196,52
5.145,49
5.174,58
5.120,49
5.123,78
5.162,93
5.137,93
5.129,105
5.146,110
5.167,109
5.178,79
5.143,33
15.158,120
15.184,113
15.193,101
15.129,97
15.294,123
4.993,27
5.194,40
15.150,137
15.195,123
15.311,121
14.944,108
5.107,67
5.178,79
5.147,55
5.190,81
5.268,102
5.261,107
5.246,110
5.271,110
5.296,110
5.238,115
5.192,109
5.186,107
5.193,102
5.256,113
5.268,102
5.270,95
5.262,100
5.262,100
5.316,94
5.258,92
5.214,108
5.209,114
5.174,111
5.223,118
5.232,106
5.272,103
5.265,101
5.296,110
5.314,108
5.271,110
5.214,108
5.267,109
5.342,109
5.732,114
5.489,108
5.274,111
5.249,111
5.246,110
5.266,116
5.242,109
5.274,111
5.239,108
5.240,101
5.208,99
5.212,100
5.232,106
5.187,100
5.207,106
5.229,105
5.246,110
5.175,104
5.183,99
5.187,93
5.133,72
5.048,78
5.143,82
8.009,88
5.389,108
5.398,118
5.312,100
5.215,101
5.183,99
5.201,97
5.175,104
5.187,93
5.182,106
5.205,98
5.211,107
5.175,104
5.225,104
5.222,103
5.237,93
5.297,103
5.476,97
5.590,94
5.777,91
5.796,96
5.834,107
5.816,102
5.912,108
5.979,113
5.897,111
5.677,105
5.571,103
5.603,105
5.663,108
5.677,105
5.755,106
5.819,110
5.663,108
5.595,110
5.641,109
5.695,103
5.788,101
5.764,94
5.828,98
5.906,99
6.044,103
6.512,101
5.374,111
5.345,117
5.416,116
5.484,114
5.499,111
5.416,116
5.416,116
5.375,104
5.346,110
5.343,102
5.392,109
5.420,117
5.499,111
5.645,110
5.663,108
5.747,111
5.762,108
5.769,110
5.784,107
5.759,107
5.790,109
5.780,106
5.810,100
5.774,97
5.884,107
5.898,104
5.880,106
5.909,107
5.770,103
5.663,101
5.641,109
5.602,112
5.612,115
5.658,114
5.701,112
5.726,112
5.740,109
5.751,112
5.687,108
5.660,107
5.645,110
5.591,109
5.652,112
5.631,106
5.595,110
5.466,116
5.242,109
5.223,118
5.167,109
5.117,109
5.025,90
5.045,95
5.058,99
5.015,101
5.067,109
5.032,106
4.980,105
4.973,110
4.997,110
5.053,112
4.990,108
5.042,109
5.017,109
4.984,99
4.960,72
4.800,35
15.348,51
15.392,76
16.819,90
16.734,108
4.969,25
4.954,62
4.835,65
4.901,56
4.898,49
4.949,54
4.911,72
1.986,73
1.990,87
1.979,84
1.929,84
2.026,83
2.007,91
2.011,92
2.030,97
2.095,100
2.130,95
2.193,91
2.213,78
2.227,75
2.132,83
1.986,72
1.982,64
1.976,57
2.082,60
2.002,60
2.037,72
1.989,75
1.989,75
1.996,77
1.986,73
1.981,79
1.986,72
1.986,73
1.960,74
1.986,73
1.968,76
1.987,71
2.012,80
1.992,76
2.021,82
2.036,74
2.022,77
1.968,76
2.045,81
2.065,80
2.079,83
2.075,82
2.100,88
2.038,80
2.053,78
2.012,71
2.036,67
1.985,67
2.032,63
1.975,54
2.026,54
1.979,61
1.975,55
3.089,60
3.187,59
3.212,60
3.215,63
3.190,62
3.241,64
3.220,73
3.221,69
3.246,69
3.219,74
3.244,74
3.197,70
3.248,75
3.287,84
3.327,94
3.319,92
3.275,87
2.038,69
2.030,61
2.062,66
2.038,71
2.041,75
2.045,76
2.021,82
2.021,82
2.029,90
2.038,86
2.034,85
2.005,79
2.092,86
2.038,86
2.104,89
2.075,82
2.090,73
2.106,78
2.065,70
2.092,80
2.075,82
2.053,78
2.038,86
2.117,92
2.100,88
2.056,84
2.101,82
2.125,81
2.090,73
2.143,67
2.162,60
2.184,51
2.289,48
2.049,41
2.207,33
2.048,32
2.127,28
2.260,28
2.076,41
2.076,46
2.079,53
2.061,65
2.076,77
2.149,87
2.174,93
2.183,95
2.163,97
2.144,92
2.056,84
2.073,88
2.061,85
2.037,73
2.038,71
2.028,59
2.060,64
2.089,74
2.065,86
2.072,94
2.053,96
2.037,99
2.046,94
2.072,94
2.060,91
2.034,85
2.052,83
2.065,80
2.053,78
2.037,68
2.059,79
2.118,86
2.100,88
2.153,88
2.105,83
2.128,82
2.092,71
2.116,67
2.143,67
8.822,103
8.837,100
8.812,93
8.847,83
8.815,76
8.756,74
8.762,87
8.780,98
6.819,118
6.859,115
6.785,108
6.724,112
6.730,114
6.727,113
6.704,99
6.744,96
6.789,102
6.771,104
6.764,102
6.709,87
6.651,98
6.651,98
6.611,101
6.634,87
6.703,67
6.721,60
6.722,84
6.691,95
6.685,108
6.699,112
6.709,115
6.685,108
6.695,111
6.671,104
6.668,103
6.701,98
6.687,94
6.680,80
6.653,67
6.705,71
6.705,71
6.669,78
6.700,91
6.686,101
6.682,107
6.663,109
6.607,107
6.677,113
6.695,111
6.682,107
6.657,107
6.678,106
6.675,105
6.654,99
6.671,90
6.675,91
6.675,91
6.721,90
6.709,87
6.647,97
6.650,105
6.654,99
6.642,89
6.694,96
4.860,113
4.766,86
4.730,103
4.720,100
4.781,104
4.797,94
4.803,103
4.784,112
4.778,110
4.795,108
4.785,105
4.712,105
4.703,95
4.737,105
4.826,110
4.764,106
4.850,95
4.852,54
4.556,46
4.570,72
4.640,98
4.647,100
4.660,104
4.664,105
4.639,105
4.642,106
4.652,109
4.628,102
4.659,111
4.616,98
4.635,104
4.639,105
4.664,105
4.623,100
4.642,106
4.633,96
4.619,99
4.653,102
4.643,99
4.658,96
4.684,104
4.628,102
4.681,103
4.695,107
4.666,106
4.655,95
4.685,97
4.629,77
4.561,58
4.483,39
7.586,29
15.624,58
15.573,83
15.618,109
4.678,44
4.634,58
4.556,44
15.145,123
15.937,122
16.106,127
4.655,48
4.595,69
4.581,77
4.575,87
4.602,94
4.594,99
4.610,111
4.576,108
4.607,110
4.610,111
4.618,106
4.586,104
4.590,105
4.598,100
4.623,93
4.579,88
4.644,80
4.617,66
4.587,61
4.595,69
4.484,48
4.360,30
4.627,27
4.654,45
4.610,58
4.667,68
4.652,88
4.635,90
4.623,100
4.630,95
4.609,96
4.619,99
4.609,96
4.625,101
4.616,98
4.643,92
4.614,79
4.552,81
4.591,98
4.656,110
4.620,114
4.585,96
4.643,68
4.606,50
4.605,47
4.629,45
4.725,10
18.370,114
18.345,114
18.389,112
15.547,124
18.457,110
18.375,108
18.432,110
15.609,127
15.646,124
15.714,135
15.617,129
15.650,125
15.707,133
18.309,118
18.277,116
18.137,125
18.218,113
16.368,124
16.370,118
16.715,117
16.353,113
16.392,110
16.468,103
16.545,104
4.458,30
4.556,43
4.582,48
4.655,49
4.607,51
4.556,42
4.556,37
4.555,33
4.457,23
16.669,111
16.691,110
16.794,104
16.767,103
16.825,113
16.774,120
16.759,108
16.782,115
16.688,102
16.742,103
16.712,88
4.599,21
4.556,38
4.556,43
4.606,48
4.581,45
4.608,53
4.605,47
4.581,38
4.605,43
4.604,33
4.604,33
4.603,23
4.676,12
16.550,120
16.442,110
16.466,117
16.828,121
16.394,118
16.363,129
16.519,131
16.389,123
16.371,131
16.271,131
16.239,129
16.340,136
16.482,134
16.523,132
18.398,100
18.527,109
18.534,111
20.163,107
20.163,107
20.284,106
20.355,105
20.369,102
20.398,103
20.344,102
20.358,106
20.380,105
20.391,101
20.401,104
20.349,96
20.434,99
20.373,83
14.914,86
15.026,110
15.074,110
14.954,111
4.457,8
4.459,44
4.544,66
4.595,80
4.626,94
4.626,94
4.626,94
4.677,102
4.761,105
4.721,87
4.676,88
4.655,95
4.643,99
4.632,103
4.683,111
4.628,102
4.652,109
4.660,104
4.667,99
4.696,100
4.643,92
4.599,87
4.579,88
4.606,95
4.546,92
4.538,90
4.602,94
4.628,102
4.639,91
4.789,99
5.018,102
5.358,99
5.490,81
5.523,58
5.542,34
16.906,100
4.604,32
4.654,38
4.607,52
4.634,58
4.592,66
4.615,64
4.644,71
4.643,72
4.604,82
4.602,94
4.625,101
4.625,101
4.639,105
4.628,102
4.598,100
4.623,100
4.650,101
4.598,93
4.648,87
4.661,84
4.674,81
4.668,86
4.652,88
4.639,91
4.688,105
4.671,100
4.673,108
4.646,107
4.616,98
4.657,103
4.660,104
4.677,102
4.691,106
4.650,101
4.670,107
4.646,107
4.642,106
4.657,103
4.633,96
4.605,77
4.668,70
4.731,78
4.704,89
4.729,89
4.724,94
4.712,91
4.684,90
4.692,92
4.679,95
4.677,102
4.664,85
4.733,90
4.830,104
4.753,110
4.695,107
4.717,114
4.746,108
4.719,107
4.715,106
4.695,107
4.756,111
4.743,107
4.702,102
4.684,104
4.712,105
4.747,101
4.705,103
4.708,104
4.726,102
4.737,105
4.750,102
4.760,112
4.709,97
4.719,107
4.704,110
4.729,110
4.701,109
4.695,107
4.670,107
4.691,106
4.707,111
4.688,105
4.677,102
4.674,101
4.628,102
4.647,100
4.640,85
4.647,93
4.677,102
4.650,101
4.646,107
4.623,100
4.664,98
4.635,90
4.647,93
4.623,93
4.653,102
4.677,102
4.726,102
4.740,106
4.795,108
4.854,111
5.004,112
5.482,106
5.564,101
5.581,106
5.509,114
5.100,104
4.897,102
4.807,97
4.741,92
4.712,91
4.775,102
4.749,109
4.775,102
4.785,105
4.774,109
4.761,105
4.785,105
4.769,100
4.841,107
4.802,110
4.802,110
4.843,115
4.817,107
4.854,111
4.847,109
4.938,107
5.015,101
5.368,102
5.392,109
5.356,113
5.356,113
5.324,111
5.156,113
5.153,112
5.196,110
5.303,112
5.382,106
5.393,102
5.283,99
5.430,85
5.101,97
4.974,103
4.904,97
4.928,90
5.451,97
5.790,109
5.694,110
5.648,111
5.261,107
5.015,101
4.990,108
4.964,100
4.975,96
4.920,88
4.992,94
5.006,98
0.630,97
0.720,94
0.726,103
0.670,94
0.744,101
5.042,109
5.022,103
5.015,101
4.939,100
4.932,91
4.977,97
5.015,101
5.039,108
5.279,105
5.594,117
5.757,114
5.737,108
5.762,108
5.777,91
5.763,76
5.355,65
4.951,58
4.984,73
0.688,70
0.658,64
0.578,59
0.584,65
0.607,79
0.829,104
0.846,109
5.327,119
5.595,110
5.718,95
5.730,74
5.649,61
5.632,71
5.653,85
5.663,101
5.656,99
0.751,83
0.692,87
0.738,86
0.745,94
0.751,103
0.754,104
0.929,104
5.124,111
5.074,111
5.062,100
5.101,84
5.108,72
5.338,87
1.095,94
1.328,111
1.276,103
1.327,96
1.321,88
1.236,67
1.286,67
1.285,66
1.313,70
1.313,69
1.310,66
1.373,77
1.376,83
1.332,79
1.348,77
1.332,79
1.298,77
1.344,81
1.294,76
1.352,78
1.312,68
1.338,69
1.335,66
1.285,66
1.366,93
1.394,101
5.287,100
5.655,113
5.807,114
5.794,110
5.635,107
5.342,109
5.281,113
5.257,106
5.279,105
5.236,107
5.240,101
5.315,101
5.415,101
5.508,99
5.663,101
5.743,95
5.806,99
5.885,100
5.896,96
5.857,86
5.838,81
5.931,92
5.949,97
5.943,95
5.953,98
5.844,89
5.823,90
5.831,99
5.873,104
5.845,103
5.865,109
5.901,112
5.866,102
5.907,114
5.928,120
5.950,119
5.950,119
5.911,115
5.928,120
5.914,116
5.876,112
5.911,115
5.954,113
5.930,106
5.898,104
5.944,110
5.957,114
5.951,112
5.951,112
5.911,115
5.954,113
5.970,103
5.928,98
5.920,103
5.844,110
5.720,103
5.710,100
5.639,94
5.537,87
5.491,94
5.448,96
5.514,101
5.524,104
5.600,97
5.753,98
5.731,92
5.756,92
5.731,92
5.796,96
5.771,96
5.748,90
5.785,100
5.785,93
5.785,93
5.785,93
5.906,92
6.115,102
6.785,108
6.907,107
6.909,115
6.921,104
6.686,101
6.039,109
7.523,98
7.564,110
6.227,120
6.170,118
5.947,111
5.918,117
5.901,112
5.861,115
5.927,105
5.870,103
5.827,105
5.873,104
5.887,108
5.937,108
5.930,106
5.884,107
5.790,109
5.777,105
5.812,108
5.791,102
5.799,97
5.819,89
5.881,92
5.893,95
5.939,94
5.927,105
5.951,112
5.919,110
5.918,117
5.886,122
5.655,113
5.481,113
5.351,97
5.295,95
5.308,99
5.291,94
5.400,104
5.552,112
5.811,115
5.857,114
5.834,107
5.812,108
5.805,106
5.761,115
5.740,109
5.802,105
5.884,107
5.887,108
5.861,115
5.821,118
5.876,112
5.854,113
5.909,107
6.056,114
5.986,115
5.987,108
6.120,118
6.031,114
5.965,109
6.013,101
6.033,107
6.039,109
6.053,113
5.980,106
6.012,108
6.001,112
6.021,111
6.031,114
5.977,105
6.011,115
6.046,111
5.649,104
5.663,101
5.763,101
5.666,102
5.660,100
5.806,99
5.943,95
6.033,107
6.067,117
6.573,119
7.124,120
7.499,120
5.786,122
5.807,114
5.807,114
5.809,107
5.857,114
5.844,110
5.764,116
5.697,111
5.350,104
5.243,102
5.275,104
5.316,94
5.373,96
5.557,92
5.622,96
5.688,101
5.673,111
5.558,114
5.499,111
5.338,115
5.662,115
5.897,111
5.987,108
6.058,107
6.439,123
6.364,109
6.039,109
6.035,115
6.209,128
6.816,130
5.005,126
6.970,111
6.955,114
6.910,108
5.258,127
6.097,125
6.079,106
6.034,93
6.010,93
6.067,95
6.026,105
6.072,104
6.059,100
5.891,102
5.973,104
5.991,102
6.015,102
5.999,97
6.130,92
6.928,106
7.030,107
6.884,115
6.445,118
6.235,115
6.246,111
6.200,112
6.203,113
6.175,112
6.150,112
6.275,112
6.500,112
6.885,108
7.019,104
6.925,105
6.201,105
5.960,100
5.970,103
5.987,108
5.934,107
5.877,105
5.873,104
5.920,103
5.959,107
6.033,107
5.910,100
5.604,98
5.387,93
5.326,97
5.355,98
5.422,103
5.585,107
5.740,109
5.872,111
5.922,111
5.987,108
6.029,106
6.076,105
6.097,104
6.105,99
6.072,90
6.076,91
6.114,88
6.120,78
6.094,83
5.705,74
5.375,90
5.529,98
5.590,94
5.705,106
5.923,104
6.150,112
6.231,114
6.388,116
6.449,119
6.363,116
6.224,119
6.085,122
5.918,117
5.641,109
5.500,104
5.390,101
5.531,106
5.598,111
5.894,110
5.984,107
5.986,115
5.897,111
5.799,97
6.033,107
5.220,117
5.189,108
5.912,108
6.233,107
6.833,93
6.864,82
6.643,83
6.198,97
6.159,100
6.476,105
6.638,109
6.759,115
6.250,112
6.001,112
5.920,103
5.877,105
5.973,104
6.749,112
6.878,106
6.982,107
6.838,109
6.206,114
6.036,108
5.940,109
6.014,109
6.011,115
5.789,116
5.753,120
5.757,114
5.794,110
5.463,115
5.029,105
5.787,108
5.862,108
5.838,101
5.848,104
5.914,116
5.951,112
6.061,108
6.086,108
6.036,108
5.994,110
5.797,111
5.734,107
5.819,110
6.004,113
6.013,101
6.039,109
6.012,108
6.026,105
5.998,104
6.015,102
6.022,104
6.015,102
6.020,96
6.059,93
6.162,101
6.230,99
6.621,104
6.860,108
6.945,111
6.952,113
6.966,117
6.966,117
6.945,111
6.962,116
6.638,123
6.131,121
6.078,113
6.110,115
6.174,119
6.267,117
6.501,126
6.696,125
6.077,120
5.932,121
5.864,116
5.782,114
5.535,107
5.001,104
5.015,108
5.163,115
5.670,124
5.918,117
5.969,110
5.978,120
5.961,115
5.954,113
5.951,112
5.972,111
5.957,114
5.989,116
5.969,110
5.965,109
5.980,106
5.994,110
5.990,109
5.970,103
5.995,103
5.984,107
5.991,102
5.987,108
6.039,109
5.998,104
5.987,108
6.002,105
6.076,105
6.083,107
6.101,105
6.017,95
6.010,93
5.993,95
5.989,94
5.943,95
5.949,97
5.970,103
5.935,100
5.940,109
5.959,107
5.934,107
6.004,113
5.944,110
5.963,101
5.952,105
5.935,100
5.993,95
6.084,100
6.012,108
5.947,111
5.901,112
5.961,115
5.977,105
5.868,117
4.966,108
4.779,103
6.978,106
6.573,119
6.188,116
6.092,117
6.120,118
6.170,118
6.242,117
6.317,117
6.350,112
6.306,114
6.300,112
6.374,119
6.317,117
6.256,114
6.275,112
6.271,111
6.254,106
6.225,112
6.281,114
6.271,111
6.300,112
6.413,116
6.418,110
6.552,113
6.655,114
6.717,110
6.541,117
6.460,115
6.083,107
6.030,99
6.015,102
6.009,107
6.022,104
6.051,105
6.086,108
6.062,101
5.993,95
5.953,98
6.027,98
6.361,108
6.755,114
7.280,107
5.906,99
4.850,95
4.935,106
5.386,107
5.886,115
5.997,111
5.997,111
5.995,103
6.026,105
6.194,103
6.695,111
6.855,114
6.843,103
6.833,93
6.904,99
6.883,93
6.996,97
7.059,101
7.089,95
6.750,91
6.750,91
6.801,98
6.463,94
6.259,100
6.255,99
6.262,101
6.448,97
6.804,99
6.841,95
6.896,90
6.801,85
6.667,89
6.541,95
6.380,92
6.305,92
6.280,92
6.292,95
6.276,91
6.295,96
6.369,103
6.422,104
6.521,104
6.742,110
6.768,103
6.768,103
6.810,108
6.775,105
6.793,103
6.772,97
6.839,102
6.832,107
6.760,108
6.637,116
6.527,113
6.500,112
6.588,109
6.729,99
6.819,96
6.894,96
6.962,88
6.935,81
6.971,84
6.968,78
6.975,85
7.004,86
7.032,87
7.045,97
7.010,101
7.036,109
7.073,105
7.031,93
7.041,83
7.034,81
7.095,97
7.098,105
7.083,108
7.055,107
6.905,114
6.612,116
6.374,119
6.250,112
6.226,105
6.314,109
7.097,112
7.169,104
7.176,106
7.186,109
7.131,100
7.083,108
6.426,105
6.269,103
6.229,106
6.218,110
6.179,106
6.203,113
6.238,116
6.271,111
6.239,109
6.281,114
6.222,104
6.284,100
6.377,98
6.797,97
6.858,100
7.036,109
7.090,110
7.157,115
7.153,114
7.083,108
7.073,105
7.102,99
7.044,90
7.011,88
6.155,92
5.981,99
5.932,114
5.957,121
6.089,109
6.189,109
6.168,110
6.197,104
6.227,98
5.549,90
5.237,93
5.685,93
5.763,101
5.912,108
5.959,107
5.934,107
5.957,114
5.944,110
6.286,108
6.682,107
6.326,105
6.293,110
6.400,112
6.538,109
6.749,112
6.852,113
6.917,110
7.033,108
7.036,109
7.044,104
7.066,103
7.061,109
7.019,104
7.031,100
-9999999999
7.003,99
6.993,96
6.799,112
6.471,111
6.273,97
6.159,100
6.154,106
6.190,102
6.234,100
6.165,82
6.203,66
6.672,84
6.410,115
6.293,110
6.186,108
6.198,84
6.371,58
6.848,62
7.059,76
7.134,81
7.112,102
7.143,111
7.133,108
7.173,105
7.186,109
7.193,111
7.161,109
7.169,104
7.173,105
7.180,107
7.151,106
7.152,99
7.149,98
7.206,100
7.122,79
7.103,69
7.122,79
7.115,89
7.151,106
7.169,104
3.506,103
3.604,103
7.127,92
7.166,83
7.145,84
7.128,86
7.132,87
7.142,96
7.139,95
7.162,102
7.106,100
7.156,100
7.137,102
7.119,104
7.111,109
7.003,106
6.835,108
6.602,113
6.512,116
6.467,117
6.460,115
6.378,113
6.396,111
6.375,112
6.410,115
6.339,109
6.358,107
6.329,106
6.358,107
6.364,109
6.283,107
6.333,107
6.376,105
6.417,117
6.456,114
6.395,96
6.359,100
6.297,104
6.297,104
6.302,98
6.362,101
6.334,93
6.367,95
6.320,78
6.418,89
6.448,97
6.480,99
6.398,84
6.448,97
6.402,98
6.331,80
6.280,72
6.275,79
6.316,77
6.287,76
6.359,100
6.390,102
6.372,104
6.344,103
6.351,105
6.418,110
6.386,108
6.368,110
6.385,115
6.370,118
6.381,114
6.388,116
6.400,112
6.450,112
6.446,111
6.411,108
6.475,112
6.447,104
6.433,107
6.456,114
6.500,112
6.503,113
6.559,115
6.620,111
6.660,108
6.571,104
6.452,98
6.437,101
6.444,103
6.436,108
6.409,100
6.401,105
6.404,106
6.429,106
6.455,99
6.433,107
6.437,101
6.426,105
6.486,108
6.402,98
6.463,94
6.404,74
6.344,54
6.525,64
6.493,89
6.465,102
6.476,105
6.434,100
6.444,103
6.433,107
6.429,106
6.397,104
6.362,101
6.359,100
6.347,104
6.389,109
6.346,111
6.383,107
6.376,105
6.326,91
6.351,91
6.340,102
6.358,107
6.361,108
6.386,108
6.396,111
6.365,102
6.406,86
6.547,97
6.503,113
6.413,116
6.417,117
6.403,113
6.386,108
6.362,101
6.437,101
6.512,101
6.907,107
7.190,110
7.169,104
7.194,104
7.198,105
7.194,104
7.219,104
7.206,100
7.206,100
7.033,108
6.728,106
6.602,113
6.527,113
6.464,109
6.422,104
6.433,107
6.386,108
6.400,112
6.389,109
6.386,108
6.401,105
6.362,101
6.408,107
6.458,107
6.552,113
6.899,112
7.211,109
7.199,98
7.130,107
6.704,99
6.558,93
6.412,101
6.319,103
6.298,97
6.298,84
6.398,97
6.419,103
7.076,106
7.130,107
6.543,83
6.439,88
6.420,96
6.434,93
6.405,99
6.415,102
6.372,104
6.377,98
6.472,104
6.451,91
6.525,105
6.476,105
6.545,111
6.454,106
6.511,108
6.490,102
6.484,93
6.422,90
6.381,80
6.363,94
6.351,91
6.342,95
6.330,99
6.327,98
6.411,108
6.358,107
6.383,107
6.389,109
6.389,109
6.389,109
6.393,110
6.389,109
6.339,109
6.403,113
6.406,114
6.370,118
6.381,114
6.413,116
6.411,108
6.426,105
6.429,106
6.372,104
6.419,103
6.438,94
6.423,84
6.448,84
6.597,97
6.708,100
6.611,101
6.512,101
6.461,108
6.406,114
6.396,111
6.378,113
6.343,110
6.389,109
6.376,105
6.365,102
6.367,95
6.384,93
6.359,93
6.388,94
6.409,100
6.409,93
6.469,103
6.524,112
6.456,114
6.420,118
6.336,108
6.339,109
6.321,111
6.363,116
6.318,110
6.371,111
6.293,110
6.315,102
6.365,102
6.505,99
6.658,100
6.597,97
6.505,99
6.486,108
6.575,105
6.859,115
7.016,110
7.051,106
7.082,115
7.026,106
7.093,111
7.040,110
7.026,113
6.902,113
6.719,118
6.595,111
6.527,113
6.510,115
6.488,116
6.513,109
6.504,106
6.546,104
6.509,100
6.476,105
6.444,103
6.383,107
6.376,105
6.364,109
6.333,107
6.356,114
6.353,113
6.471,111
6.571,104
6.901,98
6.797,97
6.498,97
6.422,104
6.458,107
6.394,103
6.415,102
6.373,97
6.194,103
6.013,101
6.036,108
6.096,111
6.471,111
7.107,115
6.361,108
6.126,105
6.106,114
6.096,111
6.086,108
6.135,115
6.122,104
6.079,106
6.104,106
6.086,108
6.101,105
6.059,100
6.045,96
6.062,101
6.059,100
6.044,103
6.047,104
6.104,106
6.101,105
6.111,108
6.114,109
6.114,109
6.129,106
6.111,108
6.125,112
6.101,105
6.122,104
6.119,103
6.176,105
6.117,95
6.105,99
6.122,104
6.094,103
6.126,105
6.126,105
6.119,103
6.111,108
6.231,114
6.512,116
6.598,119
6.447,104
6.365,102
6.122,104
6.076,105
6.075,112
6.078,113
6.064,109
6.093,110
6.026,105
6.054,106
6.058,107
6.156,114
6.178,113
6.201,105
6.211,108
6.268,110
6.298,97
6.342,95
6.244,103
6.215,102
6.280,99
6.244,103
6.126,105
6.029,106
6.054,106
6.055,99
6.020,96
5.981,92
5.989,94
6.095,96
6.208,107
6.215,102
6.190,102
6.187,101
6.109,100
6.069,103
6.015,102
6.046,111
6.033,107
6.036,108
6.050,112
6.093,110
6.096,111
6.083,107
6.136,108
6.094,103
6.129,106
6.087,101
6.102,98
6.115,102
6.084,100
6.040,102
6.076,105
6.054,106
6.079,106
6.246,111
6.369,103
6.658,100
6.569,96
6.433,107
6.263,116
6.235,122
6.243,124
6.263,116
7.955,93
7.952,71
7.927,69
7.971,79
7.961,82
7.952,86
7.969,97
7.975,106
8.016,111
7.989,110
7.975,106
7.992,111
7.974,113
7.979,107
8.005,100
5.937,108
5.913,101
5.873,90
5.828,85
5.782,80
5.831,92
5.814,94
5.806,99
5.818,95
5.835,93
5.835,93
5.839,94
5.853,98
5.821,96
5.838,101
5.845,103
5.856,99
5.880,106
5.916,102
5.927,105
5.940,109
5.854,113
5.852,105
5.854,113
5.990,109
6.096,111
6.108,107
6.071,111
6.108,107
6.087,101
6.376,105
6.372,104
6.294,103
6.251,91
6.097,104
6.129,106
6.130,99
6.245,96
6.484,100
6.379,106
6.462,101
6.105,99
6.084,100
6.198,97
6.122,104
6.197,104
6.385,87
6.461,108
6.468,110
6.150,112
6.109,100
6.623,119
6.945,111
6.968,103
6.964,102
6.891,95
6.844,96
6.883,100
6.796,104
6.754,99
6.711,101
6.701,98
6.766,95
6.847,97
6.864,102
6.932,107
6.945,111
6.944,96
6.942,110
6.938,109
6.928,106
6.418,110
6.101,105
6.289,109
6.439,109
6.451,105
6.528,106
6.319,103
6.101,91
6.167,95
6.479,106
6.406,114
6.286,108
6.104,106
6.036,108
6.046,111
6.121,111
6.115,102
6.311,108
6.247,104
6.109,100
6.164,88
6.076,105
6.054,106
6.276,105
7.897,105
7.927,80
5.743,95
5.837,108
5.882,114
8.021,105
8.033,116
5.928,120
5.816,102
5.745,103
5.785,100
5.855,106
6.051,126
6.027,120
5.784,107
5.738,81
5.766,102
5.755,106
5.801,112
5.804,113
5.759,107
5.807,114
5.776,112
5.769,110
5.747,111
5.737,108
5.740,109
5.702,105
5.709,107
5.684,107
5.666,102
5.641,109
5.621,103
5.631,106
5.610,107
5.630,113
5.588,108
5.591,109
5.595,110
5.655,113
5.636,100
5.666,82
5.654,66
5.540,26
17.855,15
17.747,68
17.813,104
5.652,64
5.703,85
5.777,64
10.906,81
10.748,74
5.727,91
5.688,101
5.685,93
5.606,73
5.604,98
5.658,114
5.615,116
5.598,111
5.571,103
5.540,94
5.599,104
5.641,109
5.623,111
5.605,113
5.606,106
5.613,108
5.598,111
5.631,106
5.603,105
5.630,113
5.690,109
5.789,94
6.230,92
6.539,82
6.555,86
6.579,99
6.558,100
6.593,103
6.557,107
6.637,129
6.735,135
6.688,88
6.422,60
6.458,75
6.525,91
6.542,89
6.532,75
6.524,79
6.522,97
6.529,99
6.588,109
6.637,94
6.480,73
6.466,77
6.459,93
6.452,98
6.467,95
6.480,99
6.467,95
6.521,104
6.521,104
6.525,105
6.504,106
6.532,107
6.483,107
6.260,115
5.836,115
5.711,115
5.652,112
5.598,111
5.591,109
5.545,110
5.558,114
5.588,108
5.545,110
5.541,109
5.535,107
5.524,104
5.507,106
5.520,110
5.545,110
5.538,108
5.521,103
5.597,96
5.640,88
5.574,104
5.541,109
5.531,106
5.496,110
5.517,102
5.505,98
5.468,102
5.316,116
4.798,109
4.635,104
4.681,103
4.677,102
4.764,106
4.834,105
4.696,100
4.684,90
4.692,92
4.672,87
4.595,80
4.631,89
4.622,75
4.571,69
4.664,85
4.559,83
8.768,102
6.655,114
6.723,119
7.174,120
7.418,111
4.843,115
4.926,118
4.851,110
4.737,105
4.689,98
4.692,99
4.704,110
4.688,105
4.666,106
4.681,103
4.732,111
4.774,109
4.766,114
4.770,115
4.804,118
4.832,119
4.784,112
4.778,110
4.843,115
7.494,125
8.940,122
11.315,111
11.325,114
11.336,117
11.312,110
11.344,112
4.609,56
4.641,66
4.607,52
4.618,67
4.591,65
3.821,28
11.513,52
18.320,71
18.322,107
18.345,114
18.363,119
18.372,107
11.451,80
4.674,76
4.733,90
4.643,73
4.636,61
4.608,53
4.605,45
4.556,47
4.614,63
4.620,71
4.652,88
4.651,94
4.647,100
4.688,105
4.657,103
4.623,100
4.680,110
4.672,115
4.663,112
4.652,109
4.641,113
4.663,112
4.635,104
4.615,105
4.634,111
4.622,107
4.628,102
4.615,105
4.649,108
4.632,103
4.616,98
4.619,99
4.633,96
4.606,95
4.635,90
4.552,76
4.580,82
4.593,74
4.570,72
4.584,55
4.532,41
4.552,22
4.459,45
4.593,67
4.629,77
4.633,78
4.638,79
4.573,75
4.443,79
4.547,86
4.703,95
4.619,99
4.646,107
4.665,113
4.676,109
4.586,90
4.598,93
4.607,89
4.632,103
4.714,113
4.676,109
4.704,110
4.839,114
4.811,120
4.923,117
4.861,106
8.666,102
8.646,96
8.639,94
8.696,103
8.755,113
8.753,105
8.768,102
8.768,102
8.764,101
8.795,95
8.780,98
8.754,98
8.754,98
8.656,73
6.365,102
6.373,97
6.393,110
6.336,108
6.289,109
6.260,115
6.310,115
6.226,105
6.303,113
6.309,100
3.567,80
3.556,78
3.671,81
3.689,68
3.690,69
3.714,72
3.704,78
3.728,83
3.724,82
3.728,83
3.690,86
3.404,77
3.147,70
3.149,75
3.189,84
3.352,94
3.423,87
3.605,78
3.645,87
3.672,94
3.729,96
3.726,95
3.729,96
3.731,90
3.728,83
3.721,81
3.721,81
3.715,86
3.747,88
3.789,86
3.893,101
4.068,109
4.589,112
4.608,103
4.643,92
4.655,95
4.700,94
3.836,106
3.955,119
4.186,122
4.429,115
3.328,109
3.310,111
3.352,116
3.308,103
3.249,93
3.100,75
3.171,73
3.696,81
3.809,91
3.809,91
3.803,96
3.803,96
3.865,107
3.806,97
3.879,104
3.852,96
3.883,91
3.907,91
4.220,96
4.440,104
4.428,100
4.462,103
4.462,103
4.458,102
4.407,94
4.476,100
4.465,104
4.455,101
4.455,101
4.440,104
4.444,105
4.478,108
4.416,104
4.423,106
4.451,107
4.419,112
4.429,115
4.470,113
4.412,110
4.322,112
4.165,109
4.030,112
3.952,111
3.893,101
3.894,94
3.958,98
4.035,92
4.092,88
4.045,77
4.020,82
3.897,77
3.886,74
3.791,75
3.749,77
3.762,74
3.741,75
3.738,72
3.689,72
3.715,70
3.738,68
3.739,70
3.759,64
3.759,64
3.763,68
3.732,61
3.737,66
3.739,69
3.783,63
3.737,67
3.739,71
3.738,68
3.714,72
3.745,76
3.689,68
3.753,78
3.758,79
3.773,82
3.764,80
3.797,88
3.820,94
3.837,99
3.921,102
4.019,109
4.302,106
4.409,102
4.444,105
4.424,99
4.390,96
4.384,88
4.435,95
4.438,96
4.438,96
4.433,102
4.445,98
4.458,102
4.430,101
4.440,104
4.395,91
4.169,89
3.852,96
3.816,100
3.973,110
4.367,104
4.454,108
4.478,108
4.437,103
4.440,104
4.461,110
4.427,107
4.420,105
4.437,103
4.190,88
3.507,78
3.443,70
3.462,79
3.449,81
3.447,87
3.449,81
3.562,91
3.833,105
4.341,103
4.451,107
4.463,96
4.465,90
4.542,91
4.493,91
4.497,92
4.511,96
4.511,96
4.456,94
4.531,102
4.503,108
4.436,110
4.250,105
3.709,112
3.734,112
3.677,110
3.538,98
3.529,89
3.478,77
3.442,73
3.445,75
3.404,77
3.417,74
3.347,75
3.432,83
3.576,82
3.703,83
4.047,89
4.230,99
4.341,103
4.379,93
4.465,90
4.464,111
4.423,106
4.375,99
4.417,97
4.384,88
4.414,96
4.380,87
4.386,77
4.358,94
4.428,100
4.569,106
4.419,112
4.356,115
4.322,112
4.263,109
4.325,113
4.378,107
4.357,108
4.399,99
4.494,120
4.299,126
3.618,107
3.450,94
3.355,77
3.369,71
3.400,76
3.509,90
4.117,109
4.341,103
4.351,106
4.351,106
4.371,112
4.211,108
4.208,107
4.431,116
4.477,115
4.656,124
5.317,123
5.504,126
5.715,129
5.802,126
3.632,125
3.701,130
3.661,126
3.599,109
3.607,104
3.549,94
3.488,91
3.509,104
3.571,115
3.609,119
3.655,118
5.828,120
5.790,109
5.780,106
5.754,113
5.748,104
5.786,115
5.777,105
5.784,107
5.716,102
5.780,106
5.860,100
5.847,111
5.921,118
5.918,117
5.853,98
5.756,73
5.746,56
5.772,59
5.749,61
5.753,65
5.807,80
4.383,94
4.403,100
4.444,105
4.468,112
4.471,106
4.509,110
4.421,98
4.368,84
4.431,94
4.444,91
4.359,88
4.352,86
4.359,88
4.343,90
4.247,84
7.511,82
7.455,75
5.741,82
5.774,97
5.785,100
5.845,103
5.854,113
6.011,115
5.812,108
5.769,110
5.769,110
5.737,108
5.814,116
5.764,116
5.771,118
5.836,122
5.803,120
3.563,120
3.591,121
3.641,121
3.569,107
3.459,90
3.425,76
3.363,79
3.407,83
3.386,84
3.428,82
3.460,84
3.636,91
4.041,101
4.285,101
4.295,104
4.299,105
4.269,96
4.226,105
4.117,123
4.032,120
4.543,120
4.578,116
4.444,105
4.402,107
4.384,109
4.389,103
4.378,107
4.357,101
4.385,102
4.391,104
4.309,108
4.250,105
4.204,106
4.006,105
3.876,103
3.819,101
3.926,96
4.042,94
4.174,97
4.295,90
4.250,91
4.173,90
4.132,92
3.941,87
3.923,95
4.090,101
4.302,106
4.313,102
4.334,101
4.272,84
4.327,86
4.320,97
4.285,101
4.258,93
4.295,84
4.475,107
5.980,106
5.903,98
5.740,109
5.803,120
5.797,111
5.802,105
5.830,106
5.806,99
5.770,103
5.759,107
5.735,100
5.739,94
5.716,102
5.763,101
5.789,94
5.749,84
5.806,68
5.698,60
5.705,67
5.681,68
5.806,92
5.818,95
5.869,89
5.757,71
5.653,65
5.603,65
5.663,76
5.619,89
5.678,98
5.649,104
5.690,109
5.687,108
5.690,109
5.677,105
5.663,108
5.631,106
5.690,109
5.690,109
5.690,109
5.662,115
5.655,113
5.697,111
5.652,112
5.694,110
5.690,109
5.687,115
5.655,113
5.666,109
5.697,111
5.690,109
5.670,103
5.646,103
5.715,109
5.727,105
5.756,99
5.844,110
5.951,112
5.860,100
5.814,94
5.813,81
5.831,92
5.863,101
5.844,110
5.826,112
5.823,104
5.818,95
5.792,77
5.725,62
5.707,69
10.530,76
10.482,88
10.420,98
10.250,107
10.056,109
9.862,97
9.844,92
9.861,90
9.910,96
10.000,93
10.317,112
10.517,119
10.588,118
10.621,113
10.657,123
10.739,118
10.715,111
10.708,109
10.715,111
10.678,115
10.645,120
10.681,116
10.619,105
10.630,101
10.651,107
10.658,102
10.644,105
10.587,103
10.672,106
8.101,99
8.164,110
8.207,115
8.248,126
8.224,120
8.274,126
8.279,114
10.593,112
10.594,105
10.527,100
10.557,109
10.565,104
8.113,117
8.246,119
8.283,115
10.460,95
9.955,88
9.955,88
9.984,89
9.997,71
10.013,60
7.491,54
7.503,71
7.503,71
7.509,81
7.540,83
7.569,84
4.599,87
4.603,88
4.664,85
4.629,77
4.592,66
4.668,69
4.687,79
4.721,87
4.713,85
4.748,94
4.793,100
4.853,96
4.953,97
5.301,97
5.646,96
5.820,103
5.835,100
5.849,97
5.878,98
5.846,96
5.810,93
5.828,98
5.830,106
5.834,107
5.840,109
5.830,106
5.880,106
5.848,104
5.860,100
5.866,102
5.859,107
5.906,99
5.939,94
5.807,69
7.835,24
7.561,32
7.545,62
7.560,88
7.544,84
7.569,97
10.401,107
10.360,110
10.380,101
10.399,114
10.138,111
9.916,105
9.877,101
9.887,90
9.934,103
10.719,112
10.704,115
10.677,100
10.629,108
10.586,110
10.656,94
10.681,116
10.688,118
10.636,110
10.579,108
10.590,104
10.729,115
10.646,113
10.551,107
10.597,106
10.708,109
10.758,109
10.739,118
7.471,119
7.340,124
7.360,129
7.228,114
7.099,98
7.145,84
7.224,98
7.208,108
10.577,100
10.566,97
7.360,116
7.328,121
7.361,123
7.324,120
7.339,117
10.540,104
10.581,116
10.617,119
10.626,107
10.590,104
10.541,97
10.531,94
10.438,78
10.374,86
10.381,94
10.410,95
10.487,103
10.522,106
10.557,109
10.494,105
10.511,110
10.529,108
10.519,105
10.513,96
10.491,97
10.491,97
10.516,97
10.537,103
10.511,110
10.518,112
10.521,113
10.568,112
10.564,111
10.611,110
10.582,109
10.490,104
10.276,100
10.278,108
10.288,111
10.253,108
10.229,101
10.360,110
10.427,128
10.394,126
10.148,121
11.244,132
13.500,122
13.665,126
13.532,117
13.539,119
10.313,131
10.239,125
10.065,97
10.167,112
10.255,129
10.191,119
10.117,112
10.106,109
10.129,101
6.774,79
6.828,74
6.906,75
6.871,90
6.847,97
6.878,106
6.878,106
6.885,108
6.871,104
6.895,111
6.917,110
6.907,107
6.942,110
6.871,104
6.861,101
6.871,90
6.880,80
6.770,58
6.804,73
6.689,32
13.424,75
13.413,90
13.337,111
13.302,135
10.313,131
10.310,124
10.252,115
10.161,83
10.155,94
10.082,102
10.084,95
10.096,106
10.146,106
10.119,98
10.185,89
10.097,92
10.129,101
10.059,95
10.090,97
10.048,114
10.346,133
10.353,135
10.401,134
10.337,118
10.205,94
10.273,114
10.263,111
10.179,101
10.185,110
10.143,105
10.196,106
10.189,104
10.218,105
10.197,99
10.126,93
10.144,85
10.239,90
10.209,95
10.236,103
10.229,101
10.264,104
10.286,103
10.293,91
10.297,92
10.339,104
10.353,108
10.397,106
10.569,105
10.639,111
10.651,107
10.644,105
10.682,109
10.677,100
10.752,107
10.674,114
10.693,112
10.708,109
10.651,107
10.712,110
10.611,110
10.582,109
10.606,116
10.606,116
10.643,112
10.602,100
10.495,98
10.433,102
10.447,106
10.427,100
10.351,100
10.569,105
10.372,106
10.322,99
10.269,98
10.256,109
10.143,105
10.136,103
10.171,106
10.164,104
10.188,111
10.136,103
10.096,106
10.086,103
10.089,104
10.093,105
10.088,111
9.968,98
9.970,106
10.030,88
6.867,89
6.909,87
6.914,77
6.875,91
6.911,101
6.908,100
6.904,99
6.875,105
6.868,103
6.871,104
6.894,96
6.841,95
6.914,102
6.872,97
6.883,100
6.868,103
6.816,95
6.878,106
6.871,104
6.839,102
6.816,95
6.859,87
6.765,77
6.801,85
6.786,81
6.664,82
10.079,76
10.097,92
10.176,100
9.974,107
13.535,118
13.565,132
13.500,122
13.464,119
13.691,120
13.535,118
10.296,133
10.313,131
10.187,118
9.980,88
10.025,93
10.259,117
13.542,120
13.756,130
13.650,135
13.570,127
13.520,127
13.541,126
10.226,128
10.150,134
9.877,101
9.867,98
9.867,98
9.844,92
9.804,82
9.818,74
9.815,64
9.807,52
17.710,110
17.822,121
17.922,121
17.976,122
13.832,118
10.219,65
10.382,88
10.487,103
10.318,91
10.276,100
10.296,106
10.336,103
10.340,97
10.347,92
10.342,79
10.327,87
10.365,97
10.390,104
10.543,112
10.624,114
10.757,129
10.889,118
10.712,110
10.406,94
10.369,91
10.402,100
10.451,107
10.420,85
10.638,78
10.668,112
10.689,111
10.669,91
10.677,100
10.647,106
10.661,110
10.533,102
10.662,103
10.708,109
10.513,96
10.422,106
10.486,110
10.511,110
10.401,107
10.394,105
10.389,111
10.350,107
10.368,112
10.397,106
4.583,89
4.655,95
4.716,99
4.716,99
4.643,99
4.640,98
4.625,101
4.674,101
4.684,104
4.698,108
4.676,109
4.664,105
4.695,107
4.667,99
4.673,108
4.701,109
4.676,109
4.675,116
4.711,112
4.688,105
4.711,112
4.664,105
4.691,106
4.681,103
4.684,104
4.677,102
4.671,100
4.674,101
4.698,108
4.666,106
4.745,115
4.773,116
4.858,112
4.841,107
4.834,105
4.879,104
4.746,108
4.701,109
4.701,109
4.670,107
4.642,106
4.607,110
4.632,103
4.580,102
4.597,107
4.622,107
4.590,105
4.603,109
4.589,112
4.575,115
4.582,117
4.579,109
4.607,110
4.597,107
4.579,109
4.603,109
4.570,99
4.573,107
4.562,104
4.548,107
4.577,101
4.559,103
4.563,97
4.555,102
4.607,110
4.590,105
4.608,103
4.563,97
4.570,99
4.562,104
4.577,101
4.586,104
4.538,104
4.584,103
4.597,107
4.600,108
4.603,109
4.597,107
4.607,110
4.649,108
4.618,74
4.680,52
4.635,60
4.826,110
4.855,125
4.698,108
4.631,110
4.652,109
4.598,100
4.635,104
4.698,108
4.628,102
4.690,113
4.701,109
4.649,108
4.642,106
4.673,108
4.760,112
4.668,71
4.653,82
4.713,98
4.726,102
4.673,108
4.695,107
4.664,98
4.785,105
4.832,119
4.901,118
4.884,120
4.899,124
4.843,122
4.786,120
4.797,116
4.777,117
4.794,115
4.781,111
4.790,114
4.805,111
4.826,110
4.923,117
4.985,121
4.950,118
4.926,118
4.955,112
4.861,106
4.768,107
4.740,106
4.702,102
4.677,102
4.712,105
4.705,103
4.713,98
4.748,94
4.811,98
4.743,107
4.704,110
4.698,108
4.680,110
4.663,112
4.687,112
4.693,114
4.673,108
4.676,109
4.742,114
4.795,108
4.787,113
4.729,110
4.714,113
4.711,112
4.704,110
4.672,115
4.707,111
4.659,111
4.680,110
4.652,109
4.698,108
4.666,106
4.677,102
4.642,106
4.691,106
4.653,102
4.707,111
4.715,106
4.683,111
4.639,105
4.646,107
4.681,103
4.653,102
4.726,102
4.785,105
4.747,101
4.749,109
4.749,109
4.687,112
4.722,108
4.698,108
4.693,114
4.701,109
4.677,102
4.737,105
4.764,106
4.793,100
4.823,82
4.731,78
4.744,100
4.653,102
4.699,101
4.757,104
4.843,122
4.897,102
4.599,87
4.643,99
4.618,106
4.593,106
4.698,108
4.695,107
4.704,110
4.646,107
4.642,106
4.593,106
4.590,105
4.618,106
4.668,114
4.632,103
4.611,104
4.635,104
4.642,106
4.649,108
4.657,103
4.687,112
4.717,114
4.729,110
4.749,109
4.740,106
4.726,102
4.738,98
4.741,92
4.789,99
4.869,101
4.931,112
4.923,117
5.006,120
4.999,118
4.954,119
4.919,116
4.834,91
7.423,64
7.502,68
7.673,98
7.622,105
7.548,98
7.530,93
7.575,106
7.618,104
7.633,101
7.625,106
4.671,100
4.653,102
4.619,99
4.607,110
4.576,108
4.576,108
4.567,98
4.612,97
4.579,109
4.554,109
4.562,104
4.563,97
4.516,79
7.776,72
4.689,85
4.658,96
4.612,84
4.604,82
2.284,81
2.300,98
2.357,114
2.273,120
2.286,123
2.316,117
2.247,98
2.157,89
2.051,89
2.264,89
2.296,84
2.308,87
2.282,87
2.300,98
2.265,103
2.176,87
2.149,87
2.167,85
2.118,80
2.194,85
2.198,86
2.198,80
2.189,84
2.185,83
2.189,84
2.215,90
2.224,86
2.169,74
2.160,78
2.143,74
2.197,68
2.197,72
2.143,74
2.213,78
2.165,79
2.160,78
2.204,76
2.200,75
2.181,82
2.198,80
2.220,85
2.154,82
2.216,84
2.206,88
2.237,89
2.219,91
2.223,92
2.215,90
2.228,93
2.198,86
2.223,92
2.232,94
2.219,91
2.202,87
2.264,89
2.206,88
2.219,91
2.255,87
2.229,87
2.285,94
2.206,88
2.207,82
2.231,81
2.265,83
2.224,80
2.231,81
2.287,82
2.261,82
2.330,92
2.390,101
2.382,106
2.400,111
2.441,115
2.463,127
2.379,126
2.399,118
2.331,121
2.441,122
2.454,125
2.464,121
2.433,120
2.503,124
2.472,123
2.410,114
2.360,100
2.317,89
2.391,94
2.353,98
2.424,103
2.372,96
2.488,106
2.439,107
2.392,109
2.442,108
2.424,103
2.432,105
2.459,98
2.387,93
2.308,87
2.300,85
2.371,83
2.346,78
2.302,74
2.304,80
2.300,85
2.271,79
2.278,86
2.260,88
2.250,92
2.289,95
2.220,85
2.272,91
2.264,89
2.272,91
2.286,88
2.303,92
2.281,93
2.289,95
2.289,95
2.239,96
2.215,90
2.334,93
2.245,79
2.278,80
2.250,73
2.315,77
2.359,75
2.436,92
2.470,101
2.433,98
2.415,87
2.390,81
2.357,71
2.383,72
2.368,77
2.324,79
2.366,88
2.331,86
2.383,92
2.374,90
2.391,94
2.366,88
2.370,89
2.379,91
2.340,82
2.362,87
2.340,82
2.367,82
2.398,83
2.395,77
2.382,74
2.357,71
2.383,72
2.436,72
2.408,67
2.425,56
9.642,106
9.660,97
9.649,108
2.400,59
2.490,71
2.519,75
2.527,77
2.500,82
2.478,78
2.501,77
2.574,87
2.553,82
2.478,78
2.504,83
2.531,83
2.539,85
2.500,82
2.474,77
2.535,84
2.463,72
2.474,77
2.463,73
2.464,69
2.527,77
2.461,74
2.443,76
2.417,76
2.437,80
2.390,76
2.441,87
2.375,84
2.410,86
2.410,86
2.415,87
2.401,90
2.392,88
2.388,87
2.379,91
2.436,92
2.423,89
2.449,95
2.415,87
2.353,85
2.388,87
2.383,92
2.374,90
2.365,94
2.342,95
2.414,100
2.391,94
2.418,94
2.488,106
2.522,108
2.538,105
2.541,106
2.511,105
2.545,107
2.534,104
2.488,106
2.541,106
2.549,108
2.458,105
2.520,100
2.398,83
2.402,84
2.390,81
2.377,79
2.386,75
2.359,75
2.359,75
2.356,72
2.356,68
2.357,70
2.355,67
2.383,68
2.384,69
2.356,73
2.417,76
2.410,86
2.443,81
2.478,78
2.470,81
2.443,81
2.393,82
2.380,85
2.420,82
2.472,88
2.441,87
2.443,81
2.470,81
2.410,80
2.425,78
2.455,84
2.437,80
2.421,77
2.421,77
2.464,80
2.413,75
2.443,76
2.461,74
2.421,77
2.470,76
2.490,71
2.410,69
2.463,73
2.464,71
2.437,69
2.461,74
2.408,74
2.461,74
2.457,79
2.511,91
2.443,76
2.417,81
2.473,82
2.424,83
2.526,82
2.504,83
2.468,87
2.435,74
2.437,70
2.413,75
2.470,76
2.470,76
2.517,69
2.417,76
2.478,78
2.478,78
2.383,72
2.463,73
2.448,77
2.383,72
2.410,70
2.425,78
2.372,78
2.346,78
1.294,76
2.319,78
2.346,78
2.319,78
2.349,84
2.348,90
2.365,94
2.370,89
2.423,89
2.390,81
2.424,83
2.377,79
2.315,77
2.218,79
1.992,76
1.736,73
1.637,71
1.587,71
1.621,82
1.564,75
1.662,80
1.737,86
1.779,84
1.825,83
1.841,87
1.833,85
1.818,81
1.821,82
1.847,77
1.906,79
1.939,75
2.011,72
2.094,75
2.145,70
2.197,68
2.218,63
2.249,74
2.245,63
2.299,64
2.246,64
2.250,72
2.240,58
2.245,63
2.244,62
2.198,70
2.292,57
9.060,106
9.058,98
9.100,103
9.050,103
9.051,96
9.075,103
9.068,101
9.058,98
9.082,105
6.526,120
6.530,114
6.478,113
6.486,108
6.438,116
6.385,115
6.283,107
6.336,108
2.551,94
2.525,88
2.444,94
2.455,84
2.369,50
2.369,49
2.503,52
2.564,63
2.585,57
2.561,61
2.480,59
2.451,54
2.506,58
2.557,53
2.477,55
2.505,57
2.450,52
2.341,46
2.264,52
2.130,48
2.049,47
1.872,42
1.872,47
2.107,59
2.303,73
2.409,72
2.367,82
2.251,86
1.972,77
1.811,73
1.672,77
1.643,76
1.612,80
1.618,81
1.551,78
1.556,79
1.555,84
1.607,91
1.559,85
1.567,87
1.558,91
1.546,88
1.575,89
1.554,90
1.595,94
1.562,92
1.615,93
1.607,91
1.611,92
1.649,89
1.653,90
1.637,86
1.703,90
1.679,84
1.708,85
1.737,86
1.774,89
1.778,90
1.741,87
1.811,92
1.787,86
1.832,91
1.849,89
1.837,70
1.833,65
1.802,59
1.752,59
1.758,65
1.736,68
1.761,68
1.736,68
1.762,71
1.785,74
1.786,72
1.797,77
1.712,71
1.787,70
1.785,67
1.837,71
2.224,69
2.437,80
2.457,79
2.345,83
2.178,81
1.926,78
1.786,73
1.793,81
1.711,72
1.686,72
1.639,75
1.606,79
1.612,80
1.591,87
1.558,91
1.504,90
1.388,86
1.375,89
1.321,88
1.234,85
1.209,85
1.159,85
1.127,78
1.122,82
1.113,80
1.119,81
1.157,79
1.130,84
1.146,88
1.107,79
1.126,83
1.119,81
1.107,79
1.087,73
1.137,73
1.161,67
1.179,60
1.175,51
1.248,40
1.273,40
1.223,34
1.271,28
1.373,39
1.498,47
1.458,64
1.484,65
1.457,79
1.344,81
1.309,85
1.254,90
1.205,97
1.177,96
1.201,103
1.144,101
1.144,101
1.077,96
1.116,100
1.094,101
1.070,94
1.091,93
1.100,89
1.104,90
1.088,86
1.067,87
1.059,85
1.088,86
1.022,82
1.084,85
1.105,84
1.048,77
1.063,80
1.076,83
1.076,83
1.044,76
1.072,82
1.096,88
1.048,77
1.098,77
1.077,78
1.037,72
1.088,70
1.086,67
1.088,69
1.088,71
1.087,68
1.084,65
1.132,63
1.079,60
1.124,50
1.123,46
1.122,33
1.147,32
9.371,108
9.399,109
9.403,110
9.353,103
9.406,111
9.355,111
9.345,108
9.396,108
9.394,100
9.429,103
9.402,95
9.377,95
9.387,98
9.402,95
9.394,93
9.353,83
9.366,71
9.366,69
9.393,75
9.391,70
9.415,72
9.441,70
9.721,75
9.829,82
9.492,80
6.759,87
6.937,94
6.894,96
6.895,111
1.280,84
1.271,88
1.341,93
1.404,90
1.470,94
6.882,107
6.871,104
5.299,111
5.349,111
5.389,108
5.416,116
5.484,121
5.423,118
5.373,118
6.847,97
6.875,105
6.811,101
6.835,108
6.832,107
6.835,108
6.842,110
6.793,103
6.847,97
6.809,87
6.866,95
6.859,87
6.977,113
6.991,117
6.984,122
6.942,110
6.949,112
10.030,109
9.953,101
7.037,123
7.000,126
6.941,117
7.077,133
6.942,124
6.733,93
6.687,94
6.650,91
6.719,96
6.694,96
6.759,87
6.722,84
10.025,128
13.972,115
14.140,133
14.106,118
14.136,132
9.635,125
9.487,105
9.361,91
9.454,110
9.424,109
9.444,107
9.436,105
9.555,110
9.469,107
9.411,105
9.386,105
9.386,105
9.422,101
9.365,92
14.289,106
14.353,124
14.309,119
14.335,112
14.386,126
14.440,127
14.452,117
14.455,118
18.930,124
18.982,118
18.979,117
14.486,105
14.534,112
14.457,125
14.465,127
14.346,108
14.413,113
14.473,116
14.510,132
14.473,129
14.493,134
14.407,125
14.457,125
14.411,126
14.420,122
14.420,115
14.407,125
17.607,129
14.398,116
14.382,125
14.439,133
14.473,129
14.399,123
14.412,120
14.441,121
14.551,130
14.507,125
18.020,127
19.258,119
14.445,115
14.435,132
14.302,117
14.298,116
14.313,113
9.203,78
9.453,95
9.436,105
9.421,108
9.396,108
9.406,111
9.447,108
9.418,107
9.503,95
6.462,22
6.591,48
6.694,56
6.724,79
6.694,96
6.743,103
6.770,111
6.788,109
6.838,109
6.864,102
6.861,101
6.868,103
5.336,107
5.324,111
5.268,102
5.233,92
5.221,89
5.276,97
5.255,98
5.265,101
5.286,107
5.349,111
5.420,117
5.434,114
5.431,113
5.421,110
5.436,107
5.382,106
5.382,106
5.339,108
5.318,102
5.350,104
5.315,101
5.329,105
5.308,99
5.339,108
5.314,108
5.367,109
5.359,114
5.363,115
5.370,117
5.323,118
5.373,118
5.359,114
5.382,106
5.372,103
5.368,102
5.349,111
5.374,111
5.371,110
5.356,113
5.403,112
5.346,110
5.347,103
5.415,101
5.422,103
5.415,101
5.415,101
5.375,104
5.339,108
5.353,112
5.332,106
5.346,110
5.282,106
5.331,113
5.356,113
5.317,109
5.349,111
5.342,109
5.307,106
5.367,109
5.364,108
5.339,108
5.329,105
5.325,104
5.392,123
5.434,121
5.448,118
5.452,119
5.459,114
5.459,114
5.438,115
5.429,105
5.387,100
5.225,90
5.184,70
9.314,72
9.311,65
9.366,69
9.389,74
9.338,74
5.161,75
5.258,73
5.284,80
5.362,93
5.362,93
5.322,103
5.329,105
5.396,110
5.386,107
5.388,115
5.484,121
5.482,106
5.359,69
5.395,95
5.406,113
5.399,111
5.403,112
5.406,113
5.399,111
5.381,113
5.438,115
5.438,115
5.396,110
5.431,113
5.378,112
5.413,115
5.389,108
5.414,108
5.436,107
5.431,113
5.442,109
5.446,110
5.390,101
5.418,102
5.426,97
5.412,100
5.450,104
5.443,102
5.482,106
5.411,107
5.464,108
5.475,104
5.436,107
5.464,108
5.506,113
5.442,109
5.499,111
5.442,109
5.459,114
5.454,105
5.446,110
5.471,110
5.450,104
5.432,106
5.472,103
5.462,100
5.458,99
5.448,96
5.362,93
5.391,94
5.296,89
5.196,89
6.962,88
6.973,79
7.016,103
7.094,104
7.119,104
7.126,106
7.020,97
7.000,98
7.003,99
6.996,97
7.027,92
7.101,106
7.126,106
7.122,112
7.083,108
7.076,106
7.042,96
7.215,110
7.257,115
7.299,120
7.336,123
7.217,118
7.175,113
7.105,107
7.136,109
7.158,108
7.130,107
7.112,102
7.155,107
7.173,105
7.156,100
7.187,102
7.191,103
7.212,102
7.223,105
7.230,107
5.904,113
5.868,117
5.780,106
5.706,99
5.689,94
5.735,100
5.703,98
5.710,93
5.703,85
5.705,74
5.740,88
5.719,89
5.793,95
5.889,94
5.956,99
6.053,113
6.045,118
6.049,119
6.085,122
6.077,120
9.655,117
9.739,105
5.947,111
5.951,112
5.937,108
5.788,101
5.770,103
5.737,108
5.741,102
5.770,103
5.778,98
5.799,97
5.803,98
5.799,97
5.820,103
5.816,102
5.777,105
5.823,104
5.810,100
5.795,103
5.785,100
5.872,111
5.798,104
5.770,103
5.765,109
5.773,104
5.777,105
5.805,106
5.763,101
5.809,107
5.802,105
5.834,107
5.812,108
5.827,105
5.813,101
5.795,103
5.773,104
5.798,104
5.857,114
5.875,119
5.886,122
5.907,121
5.903,120
5.928,120
5.940,123
5.957,121
5.968,117
5.951,112
5.866,102
5.835,93
5.707,69
5.756,73
5.759,75
5.717,77
5.799,97
5.830,106
5.844,110
5.747,111
7.269,104
7.297,112
7.071,119
6.001,112
5.881,92
5.788,81
5.835,93
5.887,108
5.854,113
5.852,105
5.763,101
5.771,96
5.768,95
5.770,103
5.777,105
5.748,104
5.770,103
5.727,91
5.735,93
5.706,92
5.763,101
5.746,96
5.760,100
5.770,103
5.903,98
7.189,95
7.115,89
7.119,104
7.112,102
7.215,110
7.131,93
9.408,84
9.403,89
9.397,101
9.432,104
9.399,109
9.454,110
9.440,99
9.427,95
9.419,100
9.425,102
6.089,109
6.018,110
6.043,110
5.916,102
5.849,97
5.896,96
5.843,95
5.873,104
5.863,101
5.881,99
5.856,99
5.885,100
5.863,101
5.853,98
5.881,99
5.891,102
5.870,103
5.866,102
5.860,100
5.923,104
5.964,116
6.053,113
6.114,123
9.394,93
9.382,90
9.387,98
9.444,107
9.403,110
9.419,93
9.334,63
9.375,82
9.405,78
9.467,71
9.422,101
5.961,115
5.870,83
5.897,111
5.904,113
5.923,104
6.063,116
9.487,105
6.024,119
6.009,107
5.903,98
5.880,106
5.915,109
5.911,115
6.122,125
6.106,114
5.863,81
5.876,79
5.927,105
5.944,110
5.929,113
5.957,114
5.926,112
5.955,106
5.937,108
5.902,105
5.997,111
5.923,104
5.953,98
5.885,93
5.910,100
5.987,108
5.927,105
5.980,106
5.976,112
5.984,107
5.969,110
5.969,110
5.940,109
5.887,108
5.930,106
5.951,112
5.936,115
5.961,115
6.004,113
6.024,119
6.043,124
6.101,126
6.074,119
6.077,120
6.106,114
6.064,109
6.027,98
6.055,99
6.056,86
6.126,105
6.183,107
6.105,99
6.298,97
6.305,99
6.234,100
6.195,96
6.248,97
6.170,78
6.137,76
6.166,77
6.179,74
6.220,78
6.155,73
6.141,77
6.137,81
6.062,76
6.298,97
6.305,99
6.242,95
6.254,106
6.208,107
6.058,107
5.962,108
5.873,104
5.844,110
5.872,111
5.872,111
5.909,107
5.951,112
6.021,111
6.036,108
5.984,107
5.977,105
5.931,99
5.902,91
5.903,85
5.894,89
5.885,93
5.891,82
5.924,84
5.957,86
5.969,89
6.013,94
6.010,100
6.013,94
6.045,96
6.038,94
6.010,93
6.047,90
6.062,76
6.183,75
6.305,73
6.413,94
6.509,93
6.402,98
6.159,93
6.201,105
6.161,108
6.076,105
6.089,109
6.139,109
6.233,107
6.276,105
6.279,106
6.296,111
6.261,108
6.244,103
6.298,97
6.275,79
6.455,99
9.618,99
9.643,99
9.716,113
9.848,128
14.622,116
14.477,117
9.740,98
9.688,91
9.705,95
9.664,98
9.650,94
6.310,115
6.199,119
6.188,116
6.246,111
6.238,116
6.181,114
6.126,105
6.493,110
6.368,110
9.810,111
9.513,85
9.711,84
5.903,85
5.946,96
5.449,111
4.944,88
9.235,65
9.205,90
9.172,102
9.267,100
9.245,101
9.162,99
9.166,100
9.177,96
9.206,97
9.184,98
9.217,100
9.202,103
9.198,102
9.183,105
9.145,94
9.134,98
9.238,99
9.324,102
9.352,110
9.263,99
9.260,98
9.437,85
6.250,112
6.221,111
6.189,109
6.234,100
6.230,92
6.268,110
6.233,107
6.279,106
6.426,105
9.024,89
8.526,91
8.447,97
8.496,104
8.403,92
8.416,89
4.747,101
4.516,63
4.498,70
4.424,73
4.375,73
4.256,75
4.231,80
4.180,74
4.229,74
4.139,76
4.108,68
4.076,60
3.985,73
5.047,83
5.150,90
5.145,95
3.767,93
3.672,94
3.507,78
3.441,67
3.386,61
3.334,57
3.365,65
3.287,61
3.286,60
3.264,62
3.190,62
3.162,58
3.117,63
2.957,59
2.877,57
2.882,63
2.829,63
2.722,62
2.697,64
2.642,62
2.676,69
2.622,72
2.613,60
2.570,71























































































0.387,99
2.173,107
2.149,115
2.202,122
2.133,118
2.127,123
2.144,127
2.179,129
2.184,124
2.107,111
2.116,106
2.033,105
1.960,106
6.949,112
6.935,108
6.938,109
6.933,100
6.963,109
7.064,117
7.099,120
7.089,117
7.085,116
7.073,105

7.042,96




0.276,55
7.026,106
6.985,108
5.473,118
5.417,123
5.353,112
5.284,114
5.229,105
5.189,108
5.192,109
5.211,107
5.207,106
5.196,110
5.200,104
5.248,96
5.338,115
5.259,121
6.934,115
6.935,108
6.958,100
6.979,99
6.966,95
6.968,103
6.966,95
6.975,105
6.957,107
6.994,118
6.970,111
6.913,88
6.884,87
6.918,103
6.913,109
6.932,107
6.925,105
6.884,87
6.910,76
6.867,89
6.908,100
6.917,110
6.899,112
6.825,105
6.885,108
6.874,112
6.888,109
6.858,100
6.904,99
6.844,96
6.899,112
6.899,112
6.899,112
6.902,113
6.966,117
7.065,130
7.032,128
6.924,112
6.907,107
7.023,105
6.954,99
7.012,102
6.971,104
6.935,108
6.895,111
6.891,117
6.905,114
6.882,107
6.929,92
6.869,57
6.989,36
6.839,32
15.365,122
6.739,33
6.815,42
6.815,42
6.825,64
6.855,71
6.830,71
6.799,79
6.800,91
6.841,95
6.814,102
6.789,102
6.818,103
6.803,106
6.813,109
6.785,108
6.788,109
6.788,109
6.792,110
6.753,106
6.832,107
6.825,105
6.825,105
6.814,102
6.776,98
6.797,97
6.846,90
6.801,85
6.869,78
6.794,78
6.819,78
6.811,76
6.805,69
6.851,65
6.844,57
6.795,59
6.791,49
6.778,67
6.779,72
6.790,77
6.761,81
6.759,87
6.779,92
6.754,99
6.776,98
6.768,103
6.691,95
6.683,93
6.658,93
6.666,95
6.694,96
6.647,84
6.699,79
6.704,73
6.695,59
6.698,62
6.780,71
6.783,93
6.811,101
6.825,105
6.789,102
6.733,100
6.679,92
6.703,106
6.821,125
6.988,123
6.971,125
6.992,124
7.016,124
6.984,122
6.992,124
7.070,125
7.037,123
9.786,104
6.769,96
6.837,94
6.793,83
6.813,88
6.833,100
6.818,103
6.804,99
6.821,104
6.842,110
6.926,120
6.934,122
7.032,128
7.078,127
7.053,127
6.919,118
6.976,120
6.941,117
6.980,121
9.732,103
9.753,102
7.082,122
7.070,125
7.009,122
6.875,105
6.885,108
6.918,103
6.903,106
6.877,113
6.874,112
6.912,116
6.880,114
6.824,112
6.827,113
6.824,112
6.802,113
6.842,110
6.820,111
6.838,109
6.838,109
6.864,102
6.857,107
6.864,102
6.871,104
6.882,107
6.875,105
6.868,103
6.896,104
6.920,111
6.921,104
6.882,107
6.921,104
6.875,105
6.942,110
6.878,106
6.878,106
6.885,108
6.882,107
6.818,103
6.796,104
6.768,103
6.807,107
6.828,106
6.804,99
6.764,82
6.753,74
6.772,84
6.758,93
6.761,101
6.791,95
6.835,108
6.880,114
6.913,109
6.680,69
6.892,89
6.933,100
6.902,113
6.828,106
6.686,81
14.668,93
6.842,51
6.854,73
-9999999999
6.844,96
6.768,103
6.768,103
6.801,98
6.829,99
6.796,90
6.772,84
6.805,86
6.761,81
6.844,96
6.787,94
6.819,96
6.801,98
6.789,102
6.796,104
6.786,101
6.821,104
6.814,102
6.811,101
6.761,101
6.794,96
6.825,105
6.789,102
6.825,105
6.818,103
6.786,101
6.758,100
6.851,98
6.757,75
6.803,67
6.819,57
6.789,31
14.680,131
14.594,122
14.585,91
9.750,81
9.782,89
9.946,86
6.744,78
6.825,105
6.846,104
6.862,116
6.869,96
6.803,74
6.694,57
6.801,98
6.807,107
6.870,111
6.875,105
6.882,107
6.836,101
6.800,91
6.902,113
7.015,117
7.061,109
7.093,111
7.083,108
6.979,80
6.990,48
14.683,119
14.690,121
14.679,118
14.619,115
14.636,120
14.652,124
14.622,116
14.633,119
14.626,117
6.889,44
6.874,63
6.875,64
6.845,59
6.874,63
6.901,66
6.876,65
6.850,64
6.874,63
6.845,59
6.848,62
6.871,60
6.848,62
6.845,59
6.869,57
6.896,61
6.844,56
6.870,59
6.849,63
6.892,54
6.843,54
6.845,58
6.873,62
6.845,59
6.792,52
6.842,51
6.840,40
6.813,24
14.747,94
14.625,77
14.657,84
14.681,90
14.635,91
14.661,98
14.653,103
14.709,112
6.992,53
6.953,73
6.985,81
6.951,98
6.904,99
6.954,99
6.922,97
6.951,98
6.969,96
7.003,99
7.014,95
7.000,98
7.066,103
7.011,94
7.020,97
7.003,99
7.052,99
7.039,95
7.039,95
7.052,92
6.996,84
6.978,73
6.954,70
6.953,72
7.004,69
6.964,77
6.985,81
7.023,91
7.027,92
6.982,93
6.966,95
7.003,92
6.990,95
7.014,95
6.958,100
7.003,99
7.000,98
6.989,102
6.996,97
7.007,100
6.983,100
7.003,99
7.000,98
7.039,95
6.986,94
7.012,102
7.031,93
6.996,97
6.976,98
7.007,100
6.990,95
6.976,98
7.000,98
7.007,100
6.993,96
6.990,95
6.999,91
6.986,94
6.990,95
7.027,99
7.017,96
6.986,94
6.986,94
6.978,92
7.024,98
6.993,96
6.996,97
6.982,93
6.990,95
6.993,96
6.970,90
6.990,95
6.925,91
6.974,91
6.990,95
7.024,98
6.976,98
6.954,92
6.986,94
6.982,93
6.970,90
6.991,89
6.958,87
7.008,87
7.000,85
6.988,82
6.991,89
6.985,81
6.963,82
6.975,85
6.918,83
6.974,91
6.917,89
6.921,90
6.871,90
6.941,95
6.891,95
6.894,96
6.944,96
6.908,100
6.897,97
6.869,96
6.933,100
6.883,93
6.908,100
6.922,97
