5.570,109
5.592,108
5.599,110
5.595,109
5.589,107
5.599,110
5.606,112
5.617,108
5.535,106
5.539,107
5.552,111
5.532,105
5.567,108
5.552,111
5.517,108
5.532,105
5.535,106
5.500,110
5.504,104
5.545,109
5.552,111
5.539,107
5.545,109
5.524,110
5.520,109
5.556,112
5.569,116
5.556,112
5.552,111
5.566,115
5.496,109
5.545,109
5.534,113
5.527,111
5.552,111
5.556,112
5.549,110
5.562,114
5.549,110
5.549,110
5.562,114
5.584,113
5.517,108
5.531,112
5.511,106
5.534,113
5.542,108
5.520,109
5.549,110
5.527,111
5.520,109
5.524,110
5.545,109
5.503,111
5.562,114
5.549,110
5.524,110
5.556,112
5.507,112
5.507,112
5.556,112
5.545,109
5.559,113
5.527,111
5.556,112
5.525,103
5.528,104
5.521,102
5.568,101
5.548,95
5.548,95
5.551,96
5.520,88
5.570,88
5.526,78
5.556,79
5.563,75
5.513,71
5.513,70
5.537,69
5.552,60
5.585,68
5.557,65
5.576,58
5.603,61
5.533,65
5.561,70
5.512,73
5.486,74
5.502,78
5.522,77
5.477,78
5.505,84
5.488,86
5.495,94
5.508,91
5.499,95
5.509,98
-999999999
5.505,97
5.491,93
5.499,95
5.455,97
5.469,101
5.515,100
5.459,98
5.476,103
5.494,101
5.504,104
5.477,96
5.518,101
5.551,96
5.512,92
5.540,93
5.554,97
5.528,90
5.558,85
5.570,88
5.575,83
5.560,72
5.562,80
5.571,77
5.575,78
5.559,74
5.559,74
5.559,74
5.580,79
5.571,77
5.563,75
5.550,83
5.533,85
5.554,84
5.521,82
5.558,85
5.549,89
5.536,92
5.515,93
5.466,93
5.487,92
5.526,96
5.505,97
5.479,90
5.528,90
5.492,87
5.513,86
5.459,85
5.524,89
5.543,81
5.537,80
5.511,74
5.550,83
5.575,83
5.571,82
5.587,86
5.566,87
5.590,93
5.583,98
5.543,101
5.550,103
5.545,109
5.552,111
5.570,109
5.519,116
5.527,111
5.524,110
5.500,110
5.483,105
5.549,110
5.508,105
5.527,111
5.556,112
5.562,114
5.559,113
5.556,112
5.552,111
5.531,112
5.520,109
5.562,114
5.534,113
5.520,109
5.537,114
5.562,114
5.549,110
5.562,114
5.562,114
5.595,109
5.574,110
5.609,113
5.637,114
5.656,112
5.669,116
5.656,112
5.684,113
5.606,112
5.637,114
5.606,112
5.602,111
5.559,113
5.612,114
5.545,109
5.591,115
5.545,109
5.548,117
5.513,114
5.559,113
5.556,112
5.577,111
5.549,110
5.606,112
5.534,113
5.570,109
5.624,110
5.669,116
5.694,116
5.740,115
5.677,111
5.711,114
5.705,112
5.719,109
5.733,113
5.751,111
5.701,111
5.677,111
5.662,114
5.652,111
5.632,105
5.631,112
5.698,110
5.713,107
5.708,113
5.670,109
5.701,111
5.639,107
5.639,107
5.610,106
5.589,107
5.639,107
5.606,112
5.585,106
5.545,109
5.539,107
5.546,102
5.557,105
5.545,109
5.539,107
5.490,107
5.564,107
5.511,106
5.514,107
5.479,104
5.494,101
5.512,99
5.512,99
5.512,92
5.499,95
5.495,94
5.515,100
5.518,101
5.509,98
5.535,106
5.501,103
5.479,104
5.517,108
5.496,109
5.500,110
5.510,113
5.440,107
5.468,108
5.478,111
5.510,113
5.460,113
5.460,113
5.467,115
5.503,111
5.475,110
5.520,109
5.514,107
5.539,107
5.517,108
5.520,109
5.539,107
5.584,113
5.595,109
5.649,110
5.677,111
5.691,108
5.677,111
5.637,114
5.528,104
5.534,113
5.564,107
5.545,109
5.500,110
5.559,113
5.524,110
5.507,112
5.510,113
5.507,112
5.478,111
5.493,108
5.507,112
5.524,110
5.500,110
5.520,109
5.534,113
5.552,111
5.552,111
5.528,104
5.483,91
5.469,76
5.436,74
5.491,93
5.491,93
5.508,91
5.582,105
5.698,110
5.649,110
5.589,107
5.602,111
5.592,108
5.589,107
5.453,111
5.375,110
5.346,109
5.367,115
5.375,110
5.382,112
5.309,98
5.350,89
5.413,80
5.561,69
5.710,72
5.630,79
5.450,89
5.380,97
5.329,104
5.313,114
5.257,112
5.257,112
5.260,113
5.263,114
5.236,106
5.270,116
5.282,112
5.250,110
5.235,113
5.236,106
5.263,114
5.263,114
5.290,107
5.315,107
5.291,100
5.355,97
5.352,96
5.287,92
5.283,105
5.340,107
5.337,99
5.361,106
5.346,109
5.385,113
5.329,104
5.321,109
5.375,110
5.410,113
5.407,112
5.386,106
5.407,112
5.385,113
5.403,111
5.371,109
5.417,115
5.490,107
5.677,104
5.799,83
5.797,95
5.764,100
5.800,96
5.636,86
5.508,105
5.443,108
5.440,107
5.485,113
5.510,113
5.493,108
5.602,111
5.632,105
5.511,106
5.503,111
5.500,110
5.503,111
5.602,111
5.577,111
5.599,110
5.584,113
5.570,109
5.556,112
5.539,107
5.517,108
5.524,110
5.503,111
5.490,107
5.490,107
5.493,108
5.500,110
5.493,108
5.493,108
5.496,109
5.507,112
5.507,112
5.500,110
5.488,114
5.511,106
5.609,113
5.574,110
5.666,115
5.649,110
5.659,113
5.681,112
5.662,114
5.645,109
5.684,113
5.607,85
5.576,58
5.595,29
5.823,52
5.846,77
5.822,95
5.755,112
5.656,112
5.584,113
5.606,112
5.549,110
5.556,112
5.532,105
5.571,102
5.518,101
5.603,104
5.751,111
5.855,112
5.861,114
5.808,113
5.610,106
5.621,77
5.869,88
5.852,104
5.844,109
5.834,106
5.781,105
5.649,110
5.550,103
5.542,108
5.541,115
5.507,112
5.545,109
5.507,112
5.574,110
5.631,112
5.631,112
5.656,112
5.692,101
5.653,97
5.631,91
5.722,95
5.764,100
5.806,105
5.649,110
5.556,112
5.531,112
5.552,111
5.549,110
5.556,112
5.559,113
5.549,110
5.536,92
5.504,104
5.468,108
5.500,110
5.493,108
5.429,104
5.453,111
5.425,110
5.428,111
5.407,112
5.355,97
5.402,78
5.402,56











































17.884,26
17.953,107
17.967,90
17.953,107
17.922,120
17.961,77
17.938,124
18.008,116
17.970,112
17.958,116
18.043,119
18.075,121
18.050,121
18.075,121
18.108,123
18.075,121
18.083,123
18.047,113
18.038,103
18.007,101
18.010,102
18.006,108
17.999,74
18.012,95
17.968,84
17.887,48




















18.285,50
18.290,90
18.215,111
18.233,123
18.194,112
18.259,102
18.216,104
18.186,48























21.024,39
21.156,97
21.200,117
21.122,123
18.352,128
18.317,119
18.306,129
18.340,125
18.263,118
18.336,124
18.370,120
18.332,123
18.353,122
18.320,120
18.282,123
18.298,127
18.331,129
18.404,135
18.429,135
18.307,123
18.326,134
18.406,129
18.344,126
18.506,129
21.169,108
21.187,106
21.197,109
21.238,99
18.513,131
18.336,124
18.053,128
17.991,111
17.951,121
17.969,119
18.012,117
18.370,120
18.388,118
18.319,105
18.220,105
18.181,81
18.192,61
18.242,84
18.234,102
18.183,109
17.883,116
17.809,116
17.845,112
17.901,114
17.985,102
17.997,98
17.990,96
17.939,103
17.866,111
17.883,116
17.865,118
17.955,115
18.196,98
18.208,88
18.164,78
18.142,97
18.080,108
18.084,102
18.094,79
18.100,86
18.110,77
18.102,107
18.109,102
18.116,104
18.236,95
18.143,119
18.069,112
18.080,108
18.096,120
18.139,118
18.211,117
18.050,70
17.942,60
17.951,71
17.900,73
17.786,33
17.836,40
17.818,61
17.901,86
17.854,100
17.895,112
17.762,41





22.721,25
22.728,58






































































































































































































































18.657,31
18.734,95
18.867,126
18.677,122
18.685,124
18.689,125
18.591,119
18.804,116
18.766,132
18.730,129
18.766,132
18.866,132
20.323,123
20.308,119
20.371,116
20.258,119
20.227,124
20.197,116
20.167,107
20.239,99
20.264,70







































































20.277,55
20.236,98
20.277,110
20.414,121
20.414,114
20.354,118
20.361,120
20.354,118
18.942,126
18.765,119
18.739,125
18.743,126
18.790,119
18.830,109
18.889,97



























































































































































































































20.733,63
19.285,125
19.099,115
















20.829,58
20.913,92
20.651,110
20.701,110
20.626,110
20.612,106
20.631,84







































































































































21.018,21
21.114,80
21.042,100
20.945,101
20.948,102
20.869,108
20.883,112
20.861,113
20.859,105
20.976,89
21.025,95
20.939,86
20.900,50














0.800,16
0.725,24
0.752,37
0.677,35
0.726,32
0.677,42
0.727,47
0.677,46
0.678,48
0.703,50
0.680,53
0.682,59
0.680,54
0.678,48
0.730,54
0.729,52
0.706,57
0.730,54
0.680,53
0.679,52
0.707,58
0.731,56
0.682,59
0.680,55
0.681,57
0.662,64
0.706,57
0.681,56
0.681,57
0.707,58
0.681,57
0.731,57
0.680,55
0.704,51
0.630,55
0.653,50
0.682,59
0.654,52
0.655,54
0.707,59
0.680,55
0.681,56
0.680,53
0.660,62
0.730,53
0.729,52
0.652,46
0.727,44
0.702,39
0.675,26
10.476,106
10.321,112
10.310,109
10.292,111
10.281,115
10.223,98
13.986,118
13.979,116




13.908,50
13.959,124
13.938,125
13.971,127
13.905,123
13.766,119
13.699,121
13.760,124
13.715,125
13.730,116
13.720,113
13.772,99
13.764,104
13.789,104
13.777,122
13.768,126
13.754,76
13.832,37
13.759,117
13.784,50
13.658,46
13.675,20





0.919,20
0.925,23
1.000,28
0.873,22
0.950,27
0.875,26
0.776,32
0.852,41
0.777,44
0.828,50
0.828,48
0.857,58
0.837,64
0.840,67
0.841,68
0.886,63
0.891,68
0.867,70
0.838,65
0.840,67
0.867,70
0.887,64
0.889,66
0.934,61
0.930,55
0.927,46
0.927,37
0.869,20












21.092,100
20.869,108
18.667,132
18.678,135
18.518,126
18.494,126
18.522,127
18.499,121
18.519,120
18.478,122
18.589,125
18.548,121
18.652,122
18.619,120
18.706,123
19.025,122
18.716,119
18.772,121
18.594,120
18.616,119
18.338,118
19.041,126
19.306,124
18.771,127
18.648,121
18.712,118
18.716,119
18.662,118
18.748,121
18.926,122
19.195,121
19.472,122
19.373,122
19.281,124
19.306,124
19.265,120
19.281,124
19.385,125
19.277,123
19.244,121
19.343,127
19.406,124
19.422,122
18.858,130
18.556,123
18.543,126
18.531,123
18.527,122
18.535,124
18.693,126
18.925,128
19.265,120
18.530,129
18.494,126
19.227,109
19.244,121
19.099,122
18.623,121
18.591,119
18.623,121
14.904,149
14.847,141
14.785,138
18.765,119
18.966,132
17.978,134
19.388,132
19.198,128
17.798,120
17.400,126
15.488,146
15.099,123
15.245,135
15.198,129
15.198,129
15.153,124
15.230,131
15.145,122
15.165,127
15.268,128
15.196,135
17.139,123
17.226,120
18.261,124
19.269,121
17.966,131
17.883,129
19.110,131
18.872,121
18.709,117
18.287,137
18.043,119
18.093,119
18.245,126
19.014,119
18.776,122
18.562,118
18.221,120
18.158,123
1.227,35
1.152,47
1.209,61
1.138,65
1.142,69
1.117,70
1.141,73
1.141,73
1.142,71
1.115,74
1.141,73
1.148,76
1.173,81
1.167,80
1.173,81
1.148,76
1.161,79
1.173,76
1.190,74
1.191,72
1.192,71
1.183,60
1.180,55
1.227,46
1.226,30
18.323,127
18.399,121
18.282,123
18.324,121
18.190,111
18.236,50
12.128,120
12.152,126
14.420,140
14.474,141
14.437,138
14.374,122
14.482,124
18.815,119
18.716,119
18.748,121
18.576,128
18.032,129
18.045,126
17.996,126
18.546,133
18.930,109
18.702,115
18.811,118
18.816,112
18.634,117
18.378,122
18.498,127
18.731,123
18.784,124
18.755,129
18.838,125
18.942,126
18.934,124
18.883,117
18.858,117
18.847,121
18.886,118
18.913,125
18.826,122
18.808,95
18.782,44


















21.324,35
18.821,92
18.772,121
18.767,105
18.894,113
18.865,119
18.850,93
18.834,110
18.635,124
18.843,120
16.478,132
15.179,137
15.062,126
15.165,127
14.822,122
14.000,128
13.572,113
13.508,109
13.383,116
13.323,113
13.276,114
13.251,114
13.375,127
14.854,130
14.821,128
14.842,127
14.901,123
14.768,127
14.747,128
14.353,123
14.356,130
14.240,132
13.614,118
13.575,114
13.728,108
13.871,99
14.044,106
14.513,119
14.423,128
14.612,119
15.054,124
14.959,125
14.938,126
14.153,129
13.871,127
13.806,123
13.802,122
13.805,116
13.819,120
13.879,129
13.814,125
13.852,108
13.850,100
13.889,97
14.312,138
16.136,121
14.692,133
14.856,137
16.056,126
16.027,125
16.122,130
16.035,127
16.144,123
16.098,124
16.213,134
20.821,116
20.675,117
20.521,116
20.586,113
20.543,115
20.525,117
20.589,114
20.550,117
20.468,115
20.460,120
20.485,120
20.512,106
20.538,99
20.437,106
20.393,115
20.378,118
20.361,113
20.340,114
20.334,112
16.818,130
16.661,128
16.637,122
16.649,125
16.731,133
16.774,138
16.599,125
16.508,127
16.459,121
16.533,121
15.976,118
16.184,133
16.918,130
17.587,123
15.326,130
15.675,143
15.370,135
16.937,135
16.352,138
16.136,121
15.693,135
18.751,128
20.377,124
20.039,127
15.419,122
14.945,107
14.922,115
14.950,116
15.015,113
20.197,116
20.177,124
20.622,123
20.582,119
20.543,115
20.792,128
21.825,110
20.513,127
19.496,128
18.980,123
18.822,121
19.001,122
19.035,118
18.656,123
17.938,124
17.919,119
18.196,139
17.866,131
17.989,137
17.947,139
18.107,129
18.161,130
18.286,124
18.200,121
18.148,133
18.009,123
17.976,121
17.842,125
17.884,123
17.830,115
17.672,19
17.951,121
17.912,50







17.932,101
17.981,108
17.905,122
17.951,114
17.990,18
















17.635,28
17.751,72
17.787,46
17.762,37
17.718,90
17.726,72
17.711,102
17.842,104





17.790,83
17.809,116
17.822,120
17.819,119
17.867,90

21.984,65
21.970,94
21.944,101
22.091,100
19.782,131
19.621,122
19.633,125
19.713,120
19.601,123
19.667,114
19.739,113
19.774,116
19.818,107
19.804,103
19.751,102
19.679,110
19.669,107
19.722,108
19.732,111
19.818,107
19.782,111
19.799,116
19.746,115
19.781,118
19.915,127
19.915,127
19.870,122
19.738,120
19.561,119
19.610,119
19.746,122
19.656,118
19.557,118
19.517,127
19.522,122
19.671,122
19.687,126
19.696,122
19.671,122
19.667,121
19.628,117
19.654,124
19.589,120
19.557,118
19.568,121
19.576,123
19.721,122
19.688,120
19.767,121
19.796,122
19.956,131
19.771,122
19.841,121
19.855,118
19.878,110
19.760,119
19.789,113
19.828,110
19.884,119
19.831,111
19.778,117
19.508,111
19.337,119
19.518,121
19.663,120
19.721,122
19.522,122
19.472,115
19.532,118
19.514,120
19.631,118
19.593,121
19.628,117
19.692,121
19.725,123
19.713,120
19.692,114
19.746,122
19.778,130
19.871,135
19.828,124
19.782,111
19.845,115
19.800,109
19.820,115
19.840,127
19.811,126
19.775,123
19.663,120
19.691,127
19.746,122
19.721,122
19.642,121
19.638,120
19.621,122
19.745,128
19.903,124
22.407,112
22.402,118
22.438,114
22.770,94
22.854,104
22.722,102
22.311,106
22.230,97
22.232,112
22.162,92
22.157,112
19.501,123
22.704,90
22.841,100
22.765,107
22.974,51




20.627,53
20.589,121
20.592,100
20.562,106
20.505,104
20.628,57
19.489,65
17.997,139
17.748,120
17.789,124
17.681,128
17.248,119
17.269,118
17.156,121
17.280,121
17.504,121
17.955,115
17.963,124
17.777,80
17.809,116
17.816,111
17.779,107
17.790,103











20.067,20
20.124,33
19.928,110
19.921,108
19.845,122
19.447,122
19.472,122
19.477,136
18.015,131
17.951,140
17.821,126
14.639,145
14.336,125
14.319,127
14.596,134
14.614,145
14.470,140
14.577,142
18.984,110
18.876,122
14.331,130
14.289,132
14.116,126
14.190,132
14.104,123
14.079,123
14.274,128
14.079,123
14.146,121
14.207,130
14.191,126
14.078,129
14.116,126
14.373,128
14.373,128
14.353,123
14.229,123
14.246,121
14.319,127
14.258,124
14.178,129
14.191,126
14.274,128
14.336,125
14.369,127
14.398,128
14.402,129
14.307,124
14.253,129
14.199,128
14.220,127
14.262,125
14.307,124
14.319,127
14.377,129
14.373,128
14.348,128
14.303,123
14.369,127
14.415,126
14.445,121
14.369,127
14.361,125
14.361,125
14.246,121
14.170,127
14.066,126
14.065,63
14.131,77
14.124,128
14.235,118
14.232,130
14.225,115
14.295,121
14.291,120
14.361,125
14.303,123
14.657,137
14.336,125
14.290,126
14.636,138
15.816,128
15.746,123
15.696,123
15.614,121
15.762,127
15.733,126
15.656,119
15.683,126
15.662,127
15.797,136
16.057,139
18.261,117
18.483,136
19.450,116
16.249,150
16.041,135
17.198,138
16.919,124
14.769,140
15.935,133
14.933,111
15.551,124
15.415,114
15.238,106
15.322,116
15.497,123
15.542,128
15.704,125
15.762,127
15.650,124
15.568,122
15.641,128
15.613,127
15.617,128
15.584,126
15.517,128
15.559,126
15.627,118
15.857,126
15.820,129
15.907,126
15.759,98
15.685,113
15.858,120
15.830,119
15.878,125
15.953,125
15.926,118
20.568,122
20.510,120
20.543,115
20.546,116
20.553,118
20.483,112
17.775,133
16.570,143
16.343,123
16.335,121
16.279,132
16.334,127
16.516,129
16.719,130
16.930,133
15.919,129
15.883,120
20.261,120
15.119,134
15.090,133
18.474,121
18.415,125
18.440,125
18.535,124
18.486,124
18.411,124
18.420,120
15.103,130
15.139,133
18.568,126
18.730,129
19.674,129
19.820,122
19.820,122
19.721,122
19.653,117
14.868,114
15.070,128
15.107,125
15.106,111
14.737,119
14.762,119
14.435,111
14.540,120
19.685,119
20.027,124
20.340,121
19.994,128
20.410,120
21.489,114
21.318,115
21.353,118
21.546,116
21.882,112
21.881,119
20.776,124
20.685,120
20.672,109
20.654,111
20.674,44
19.528,47
19.587,63






19.130,42
19.234,59













21.461,66
21.543,115
20.226,117
20.234,112
20.258,119
20.272,116
20.312,113
20.329,118
20.393,115
20.436,113
20.464,114
20.393,115
20.485,120
20.553,118
20.543,122
20.546,116
20.539,114
20.583,112
20.538,92
20.476,110
20.471,116
20.473,102
20.576,110
20.697,123
20.725,117
20.800,117
20.903,118
20.869,108
20.982,119
20.889,121
20.900,117
20.889,114
20.926,124
20.928,118
20.968,122
20.896,116
20.903,118
20.918,122
20.889,121
20.764,114
20.428,118
20.358,119
20.265,121
20.240,121
20.468,122
20.510,120
21.068,122
20.094,122
20.497,123
21.093,115
20.714,121
20.618,115
20.689,121
20.772,123
20.648,102
19.816,121
19.687,126
19.536,119
19.536,119
19.764,113
19.728,117
19.744,107
19.724,116
19.809,119
19.735,119
19.749,116
19.738,120
19.631,118
19.576,109
19.488,91
19.435,97
19.439,120
19.394,114
19.343,92
19.315,85
19.424,101
19.547,115
19.671,122
19.696,122
19.692,121
19.597,115
19.604,117
19.646,122
19.613,120
19.663,120
19.678,117
19.660,119
19.688,120
19.617,121
19.621,122
19.621,122
19.688,120
19.656,118
19.606,118
19.721,122
19.767,121
19.735,119
19.235,125
19.141,120
19.059,118
19.088,119
18.990,119
19.052,116
19.049,115
19.010,118
18.969,113
18.990,119
19.004,116
19.039,112
19.028,116
18.979,116
18.997,121
18.940,119
18.918,120
18.876,122
18.872,121
18.851,122
18.804,116
18.801,115
18.936,118
18.808,117
18.801,122
18.872,121
19.436,119
19.099,122
19.457,118
19.576,123
19.604,117
19.617,121
19.500,116
19.568,121
20.081,125
19.912,120
19.924,123
19.947,101
19.708,104
19.742,114
19.710,119
19.617,114
19.959,119
20.127,110
20.201,95
20.566,107
20.682,119
20.643,87







22.573,43
20.002,130
19.974,123
19.993,134
19.624,129
19.608,125
19.670,128
19.459,125
14.271,114
19.418,121
19.464,120
19.451,123
19.505,124
20.122,116
18.726,128
18.469,126
18.382,123
18.237,124
18.395,120
15.875,137
15.604,111
20.069,122
16.623,131
16.401,125
16.206,126
16.011,127
16.064,128
15.649,130
15.607,119
15.423,123
15.279,118
15.369,122
15.384,132
14.171,140
14.002,135
14.040,132
13.991,132
13.963,125
14.090,132
14.366,139
13.673,127
13.508,123
13.636,124
13.707,123
13.462,124
13.028,114
12.875,113
12.731,107
12.646,97
12.599,105
12.486,101
12.507,107
12.496,104
12.416,117
12.476,120
12.416,117
12.115,109
11.917,95
11.886,108
11.818,110
11.801,105
11.800,112
11.800,112
11.775,112
11.728,113
11.718,110
11.764,123
10.373,126
10.377,127
10.381,128
10.381,128
10.377,127
10.359,129
10.427,127
10.381,128
10.481,128
10.457,122
11.730,127
11.838,116
11.825,112
11.825,112
11.831,114
11.828,113
11.908,107
11.938,116
11.896,111
12.021,111
12.037,101
12.062,108
12.112,108
12.128,98
12.216,102
12.221,96
12.290,102
12.319,103
12.358,107
12.392,110
12.442,110
12.457,107
12.496,104
12.574,105
12.584,108
12.650,120
12.773,112
12.811,109
12.815,110
12.885,116
12.885,116
12.903,114
12.878,114
12.960,116
12.953,114
12.992,118
13.131,122
13.231,122
13.394,119
13.516,125
13.682,123
13.842,126
13.859,124
13.846,127
14.120,127
14.095,127
14.005,123
14.069,133
14.037,125
13.938,125
13.967,126
14.046,121
13.875,128
13.917,126
14.079,109
19.728,95
12.739,43
21.491,75
21.684,85
21.542,100
21.237,106
20.372,109
20.304,118
20.190,121
20.161,120
20.154,118
20.184,112
20.252,110
20.153,103
20.194,115
20.170,108
20.274,35




































































































2.399,38
2.407,62
2.430,78
2.402,83
2.372,77
2.375,83
2.419,87
2.448,81
2.395,76
2.368,76
2.459,84
2.441,86
2.402,83
2.406,84
2.468,86
2.521,80
2.601,71
2.744,77
2.757,66
2.786,72
2.811,74
2.787,69
2.811,74
2.784,66
2.839,72
2.786,72
2.789,75
2.744,77
2.774,83
2.795,88
2.820,81
2.807,79
2.880,83
2.811,74
2.851,77
2.846,76
2.824,77
2.839,73
2.840,70
2.781,64
2.724,60
2.701,63
2.733,72
2.736,75
2.775,78
2.789,75
2.780,79
2.754,79
2.736,75
2.718,77
2.740,76
2.733,73
2.771,77
2.736,75
2.713,76
2.733,72
2.750,59
2.771,44



2.583,15
2.506,48
2.569,64
2.680,71
2.663,82
2.680,80
2.653,73
2.680,70
2.678,67
2.671,60
2.665,46
2.687,22




































































































































19.354,37
19.418,70
19.452,102
19.443,114
19.511,119
19.443,114
19.495,107
19.506,103
19.511,119
19.532,118
19.561,62
19.502,102
19.540,113






22.012,68
22.059,98
22.071,109
22.161,106
22.088,86
21.811,106
21.833,105
21.830,97
21.779,104
19.114,112
18.893,120
19.065,132
18.944,67
19.305,49















































































2.634,22
2.584,29
2.585,34
2.611,44
2.558,35
2.558,36
2.505,40
2.505,35
2.505,41
2.505,44
2.560,52
2.558,46
2.532,43
2.505,40
2.505,35
2.452,38
2.557,33
2.637,31
2.532,38
2.531,29
2.660,22
21.684,98
21.636,113
21.618,115
21.632,119
21.586,113
21.500,117
21.507,119
21.531,97
21.473,29










21.598,43
21.592,100
21.550,117
21.510,120
21.457,119
21.425,117
21.425,117
21.361,113
21.364,121
21.350,117
21.393,115
21.389,114
21.318,115
21.310,120
21.296,116
21.264,114
21.276,110
21.333,112
21.303,118
21.304,111
21.293,115
21.289,114
21.286,113
21.296,116
21.239,114
21.236,113
21.236,113
21.283,112
21.346,116
21.333,112
21.336,113
21.379,111
21.446,116
21.394,108
21.505,104
21.509,105
21.567,100
21.527,57


















21.696,26




















2.689,8
2.771,39
2.745,49
2.724,60
2.754,63
2.734,69
2.680,69
2.680,70
2.652,74
2.733,73
2.678,74
2.695,78
2.691,77
2.687,76
2.717,82
2.665,77
2.642,78
2.625,74
2.647,79
2.652,74
2.665,77
2.683,75
2.642,78
2.652,74
2.678,74
2.653,73
2.654,70
2.652,74
2.607,76
2.625,74
2.660,76
2.625,74
2.625,74
2.717,82
2.627,70
2.713,81
2.665,77
2.656,75
2.665,77
2.705,74
2.733,73
2.674,63
2.729,65
2.724,60
2.772,48
2.743,33
2.764,21
21.849,50















































1.911,19
1.800,29
1.876,39
1.851,36
1.826,46
1.880,57
1.932,60
1.886,64
1.890,68
1.891,71
1.915,68
1.891,70
1.939,74
1.926,77
1.941,70
1.905,78
1.926,77
1.960,79
1.966,80
1.937,85
1.954,83
1.950,82
1.922,81
1.954,83
1.937,85
1.925,82
1.957,90
1.904,83
1.961,91
1.970,87
1.941,86
1.961,91
1.961,91
1.940,92
1.949,88
1.945,87
1.904,83
1.966,86
1.891,70
1.885,63
1.827,49
1.825,29
1.849,17
2.047,21
2.025,24
2.018,20
1.976,34
2.053,44
2.031,56
2.008,61
2.009,62
2.043,69
1.990,69
2.083,83
2.026,82
2.022,81
1.966,80
2.028,95
2.002,89
1.982,90
1.957,90
2.033,90
1.998,88
2.001,95
1.997,94
1.982,90
1.987,85
1.990,92
2.029,89
1.986,91
1.997,94
2.011,91
2.024,94
1.973,94
2.031,96
2.004,96
1.993,93
2.031,96
2.028,95
2.042,99
2.034,97
1.980,96
2.024,94
2.001,95
2.001,95
2.001,95
1.990,92
1.986,91
1.980,96
1.961,91
1.952,95
1.865,92
1.837,85
1.857,90
1.745,87
1.720,87
1.749,88
1.703,89
1.703,89
1.666,86
1.673,94
1.655,96
1.655,96
1.705,96
1.653,89
1.687,85
1.660,79
1.697,76
1.765,68
1.840,72
1.938,66
1.966,70
1.989,67
2.041,74
2.041,74
2.058,78
2.087,84
2.043,86
2.078,88
2.025,88
2.007,90
2.060,90
2.077,94
2.082,89
2.037,91
2.038,85
1.996,76
1.987,65
1.955,56
1.955,56
3.292,62
3.250,71
3.223,74
3.260,77
3.249,73
3.203,75
3.248,74
3.210,77
3.203,75
3.200,73
3.200,73
3.210,77
3.195,79
3.214,78
3.074,66
2.413,67
2.222,63
2.208,76
2.247,84
2.262,81
2.303,91
2.299,90
2.289,94
2.228,99
2.179,100
2.148,92
2.092,85
2.051,88
2.038,85
2.055,89
2.030,83
1.990,86
2.016,86
2.042,92
2.042,99
2.056,103
2.064,105
2.037,105
2.067,106
2.052,102
2.064,105
2.077,94
2.068,92
2.095,99
2.060,90
2.099,93
2.139,90
2.116,79
2.180,87
2.170,91
2.148,92
2.187,95
2.228,92
2.185,82
2.162,89
2.184,88
2.180,87
2.180,87
2.228,92
2.140,84
2.140,84
2.197,91
2.185,82
2.180,87
2.169,79
2.189,83
2.212,82
2.164,78
2.242,83
2.275,79
2.376,96
2.433,97
2.588,103
2.875,109
3.171,105
3.397,92
3.404,76
3.398,70
3.397,73
3.351,75
3.379,81
3.398,71
3.387,57
3.433,36
2.237,25
2.189,54
2.196,63
2.164,78
2.157,88
2.149,86
2.171,85
2.202,86
2.202,70
2.143,63
2.140,61
3.389,60
3.299,71
3.138,89
2.557,102
2.453,95
2.437,98
2.321,89
2.291,82
2.257,75
2.270,78
2.265,82
2.229,80
2.132,82
2.004,78
1.922,76
1.954,83
1.897,76
1.890,73
1.939,74
1.891,69
1.891,70
1.935,63
1.901,42
1.825,33











1.970,21
2.001,48
1.936,64
1.965,73
1.951,77
1.916,80
1.912,85
1.918,75
1.863,66
1.778,52
1.775,30
3.008,30
2.853,52
2.600,72
2.425,77
2.384,85
2.300,84
2.286,87
2.282,86
2.282,86
2.251,85
2.265,82
2.313,87
2.296,83
2.308,86
2.295,89
2.235,81
2.260,87
2.348,89
2.289,94
2.348,89
2.345,82
2.451,82
2.778,84
3.069,84
3.150,73
3.195,63
3.144,62
3.117,58
3.038,51
3.045,63
3.176,80
3.127,80
3.176,80
3.140,78
3.150,73
3.140,57
3.135,33
3.186,42
3.166,59
3.172,65
3.195,79
3.175,72
3.214,78
3.225,80
3.210,77
3.247,66
3.284,44
3.283,29



















































3.110,14
3.184,23






































































































































































































































































































1.895,21
1.976,35
2.027,45
2.080,42
2.106,46
2.133,39
2.051,8
















































































































































































































































































































































































































































































































































































































































































































1.924,24
1.876,44
1.829,54
1.876,46
1.851,47
1.852,48
1.801,42
1.801,43



























































































































































































































































































































































































21.608,19
21.723,40



21.447,24



21.674,49
21.741,100
21.763,71
21.672,33
21.826,83
21.243,115
21.737,99
5.476,55
5.522,77
5.548,95
5.571,102
5.552,111
5.566,115
5.599,110
5.607,105
5.601,96
5.586,80
5.626,58
5.669,26
5.634,67
5.647,95
5.627,111
5.644,116
5.644,116
5.624,110
5.620,109
5.670,109
5.669,116
5.666,115
5.666,115
5.670,102
5.639,93
5.645,82
5.619,88
5.653,97
5.617,108
5.617,108
5.581,112
5.589,107
5.602,111
5.609,113
5.623,117
5.609,113
5.644,116
5.627,111
5.610,106
5.520,88
5.534,66
5.527,58
5.558,66
5.592,76
5.554,84
5.553,90
5.554,97
5.628,104
5.595,109
5.599,110
5.599,110
5.570,109
5.510,113
5.548,117
5.523,117
5.548,117
5.541,115
5.526,118
5.513,114
5.484,120
5.445,116
5.420,116
5.432,112
5.424,117
5.413,114
5.424,117
5.459,120
5.435,113
5.396,109
5.397,102
5.394,81
5.359,65
5.373,46
5.323,35


















































































































































































































































































































8.019,18
8.141,43
8.090,44
8.000,63
7.998,61
7.901,64
7.766,37










8.039,32
7.994,55
7.948,61
7.920,57
7.942,50
7.992,48
7.940,31



























































































































































































































































































7.965,32
7.993,52
7.944,53
7.943,52
7.841,44
7.870,18














































































































































7.889,25
7.865,29
7.791,42
7.844,55
7.946,58
7.969,55
8.013,28
























7.740,31
7.941,40
7.883,20






7.695,18
7.805,68
7.901,64




























































































































































-999999999

























































































































8.798,38
8.851,55
8.825,51
8.798,47
8.709,66
8.764,75
8.811,106
8.807,112
8.807,112
8.803,111
8.808,105
8.826,103
8.804,104
8.786,106
8.835,113
8.813,114
8.800,110
8.793,108
8.742,108
8.710,106
8.760,106
8.702,111
8.788,114
8.785,113
8.756,112
8.768,108
8.786,106
8.800,110
8.749,110
8.742,108
8.759,113
8.742,108
8.728,90
8.722,77
8.712,70
8.696,82
8.728,104
8.724,110
8.698,95
8.708,85
8.668,94
8.670,102
8.689,107
8.670,102
8.647,95
8.587,75
8.660,68
8.762,70
8.762,86
8.704,97
8.725,103
8.695,88
8.687,69
8.545,38









































7.866,35
7.856,71
7.617,48
























0.344,20
0.275,17
0.351,29
0.276,30
0.252,36
0.302,34
0.327,37
0.277,39
0.277,38
0.277,46
0.277,41
0.277,45
0.227,44
0.277,39
0.278,50
0.252,45
0.278,48
0.254,52
0.278,48
0.278,50
0.279,51
0.280,53
0.279,51
0.277,47
0.279,52
0.280,55
0.280,53
0.228,49
0.254,52
0.282,59
0.304,52
0.280,55
0.306,57
0.280,55
0.229,52
0.253,50
0.281,56
0.278,49
0.278,49
0.277,44
0.279,51
0.280,53
0.254,52
0.255,55
0.280,55
0.279,52
0.304,51
0.255,54
0.304,51
0.280,55
0.254,51
0.303,50
0.252,47
0.278,48
0.304,51
0.277,41
0.277,41
0.277,44
0.302,38
0.277,36
0.252,36
0.326,33
0.373,22
0.350,26
0.362,19
8.138,94
8.172,104
8.164,109
8.197,111
8.138,94
8.106,70
8.105,72
8.104,74
7.977,85
7.890,82
7.992,95
8.079,99
8.155,99
8.095,96
8.114,109
8.057,107
8.111,108
8.097,104
8.094,83
8.052,66
7.942,50
7.865,32



7.837,22
7.814,26
8.075,64
8.051,98
8.071,104
8.121,111
8.113,116
8.092,110
8.112,101
8.098,84
8.168,89
8.101,105
8.125,112
8.092,110
8.139,109
8.074,112
8.053,106
8.156,69
7.814,23
7.825,63







7.740,31
7.900,63
7.967,48


7.892,50
7.894,53
7.869,53
7.885,87
7.858,75
7.896,58
7.930,73
7.952,98
7.869,103
7.902,85
7.895,57




























































































































































































































7.865,31
8.030,71
8.040,44
7.914,12
8.245,83
8.464,108
8.597,110
8.583,106
8.596,95
8.572,110
8.590,108
8.592,94
8.552,97
8.613,107
8.626,111
8.756,112
8.702,111
8.645,102
8.549,78
8.135,87
8.115,102
8.278,105
8.833,105
8.807,79
8.636,69
8.631,91
8.674,103
8.692,108
8.685,106
8.786,106
8.784,98
8.809,65











8.697,36
8.704,61
8.718,76
8.744,94
8.779,104
8.796,109
8.741,115
8.766,115
8.766,115
8.813,114
8.757,105
8.805,97
8.787,92
8.910,98
8.971,101
9.039,106
9.069,93
9.066,80
9.086,64
9.127,45
8.761,73
8.760,67
8.786,67


















8.393,43
8.341,82
8.294,89
8.275,62














































































































8.286,21
8.292,47
8.296,57
8.304,66
8.251,64
8.248,61
8.141,35













































































































































































































































































































































































































































































































































































































































































































































































































































































































































































































































































































































































































































































































































































18.981,43
18.960,103
19.025,108
19.034,56
19.045,69
19.022,107
19.132,124
19.138,119
19.124,122
19.127,116
19.188,119
19.178,123
19.163,119
19.260,125
19.227,123
19.186,125
19.223,122
19.223,115
19.265,120
19.215,120
19.280,117
19.323,122
19.208,118
19.252,123
19.339,126
19.402,123
19.514,120
19.407,118
19.373,115
19.373,122
19.358,118
19.398,122
19.859,119
19.667,121
20.029,118
20.069,122
19.977,117
20.244,115
20.101,117
20.152,124
20.158,119
20.244,115
16.710,134
16.728,105
20.159,112
20.194,115
20.199,45






23.347,44
23.329,61
23.286,73
23.345,109
23.403,90
23.406,79
23.236,73
23.128,60
3.135,32
3.260,44
3.194,62
3.242,61
3.250,71
3.281,76
3.301,75
3.249,73
3.260,77
3.264,78
3.281,81
3.281,81
3.269,79
3.260,77
3.287,83
3.293,79
3.297,74
3.295,85
3.303,87
3.287,83
3.318,79
3.324,80
3.324,71
3.349,69
3.299,71
3.323,73
3.333,82
3.320,85
3.287,83
3.299,86
3.319,91
3.344,91
3.320,85
3.293,79
3.324,86
3.345,85
3.333,82
3.357,88
3.330,81
3.364,90
3.303,87
3.324,80
3.357,88
3.305,81
3.333,82
3.318,79
3.323,72
3.305,76
3.324,80
3.338,78
3.305,76
3.299,80
3.381,88
3.277,75
3.364,90
3.357,88
3.340,90
3.307,88
3.357,88
3.353,87
3.336,89
3.279,87
3.315,90
3.368,91
3.307,88
3.299,86
3.320,85
3.298,73
3.298,72
3.299,70
3.299,70
3.330,81
3.340,90
3.312,83
3.328,87
3.275,80
3.324,80
3.323,68
3.266,60
3.211,48
3.185,30


































































































































20.749,46
20.710,65
19.572,115
19.504,95
19.525,94
19.510,84
20.460,65
19.185,58
19.243,68




19.030,39
19.002,108




19.652,43
19.686,112
19.671,122
19.407,118
19.394,121
19.394,121
19.398,115
19.500,116
19.579,117
19.559,104
19.648,101
1.150,16
1.246,21
1.176,32
1.078,48
1.057,59
1.014,66
0.842,69
0.813,65
0.790,67
0.815,67
0.789,66
0.789,66
0.832,58
0.778,49
1.232,58
1.167,71
1.102,77
0.998,76
0.944,75
0.841,73
0.817,71
0.787,64
0.794,75
0.792,70
0.791,68
0.785,62
0.830,53
0.877,38
0.952,43
1.030,53
1.029,51
1.107,59
1.131,57
1.086,63
1.107,59
1.086,63
1.091,68
1.114,66
1.113,65
1.136,63
1.092,71
1.085,62
1.091,68
1.113,65
1.113,65
1.108,60
1.088,65
1.085,62
1.091,68
1.080,55
1.083,60
1.084,61
1.030,53
1.054,51
1.077,43
1.077,42
1.051,32
1.050,26
1.048,22
1.071,21
1.144,20
1.171,21
1.025,16







































0.669,20
0.700,15
0.775,23
0.762,19
0.744,20
0.675,17
0.751,33
0.725,28
0.725,26
0.751,31
0.726,32
0.675,27
0.725,25
0.801,31
0.675,25
0.727,40
0.751,31
0.725,28
0.726,31
0.751,32
0.826,31
0.776,32
0.877,36
0.877,36
0.877,36
0.827,37
0.927,36
0.927,43
0.953,50
0.953,50
0.983,60
0.981,57
0.963,65
0.932,58
0.939,66
0.962,64
0.934,61
0.959,61
0.909,61
0.910,62
0.917,70
0.915,67
0.886,63
0.886,63
0.914,66
0.936,63
0.883,60
0.939,66
0.892,70
0.916,68
0.908,60
0.890,67
0.892,69
0.865,67
0.890,67
0.889,66
0.889,66
0.866,68
0.888,65
0.892,71
0.866,72
0.865,67
0.788,65
0.811,63
0.782,58
0.781,57
0.780,54
0.832,58
0.784,61
0.807,59
0.835,62
0.832,59
0.830,53
0.803,50
0.803,49
0.727,45
0.752,39
0.677,37
0.650,26
0.626,30
0.637,19
0.650,10








































1.400,15
1.427,44
1.428,49
1.430,53
1.385,62
1.417,70
1.440,67
1.415,74
1.442,80
1.426,82
1.398,81
1.438,85
1.409,84
1.426,82
1.426,82
1.392,70
1.391,68
1.390,67
1.381,57
1.380,53
1.355,54
1.352,44
1.226,31
1.027,38
1.027,44
1.028,49
1.027,47
1.002,44
1.002,45
0.978,48
0.877,42
0.852,35
0.876,29
0.925,27

































































































































































































0.525,16
0.598,22
0.500,15

0.506,18
0.550,14
0.569,20
0.556,18
0.575,26
0.631,18
0.575,10


0.500,17












































































































































































































































































































































































































































































































































































































































































































































































































































































































19.379,47
19.381,110
19.405,117
19.390,120
19.329,41

20.874,39
21.059,91
21.028,96
21.113,92
20.239,70
20.470,101
20.483,112
20.510,120
20.561,113
20.643,115
20.564,121
20.750,117
20.522,123
20.589,114
20.058,119
20.123,123
20.170,108
20.148,123
20.233,119
20.173,123
19.855,118
19.852,117
20.019,115
20.215,121
20.493,115
21.719,101
22.054,104
18.598,121
18.677,122
18.710,124
18.790,119
18.589,125
18.846,127
18.841,112
18.911,118
1.626,34
1.752,48
1.776,44
1.776,43



21.752,56
21.924,95
21.754,104
21.830,97
21.198,102
21.109,64







20.513,68
20.489,80
20.282,97
20.180,111
20.181,60
20.184,63
20.130,111
20.159,112
20.162,113
20.355,90
20.190,114
20.127,110
20.123,109
20.430,104
21.145,101
21.198,102
8.698,48
8.677,60
8.722,77
8.736,92
8.743,101
8.704,97
8.779,104
8.786,106
8.764,107
8.825,110
8.776,103
8.816,100
8.787,99
8.769,81
8.762,70
8.633,66
8.705,62
8.750,55
8.671,37
22.337,73
22.312,92
18.591,119
18.587,96
18.572,99
18.534,95
18.527,115
18.552,115
18.144,112
18.573,114
14.249,128
14.178,116
14.212,125
14.182,130
14.192,120
14.331,130
14.020,106
14.019,113
17.479,121
14.075,122
14.129,142
14.104,123
13.886,118
13.876,115
13.893,120
13.600,121
13.611,130
13.468,119
13.871,127
14.818,114
14.851,123
14.957,118
12.588,102
12.679,114
12.547,119
12.462,116
12.314,82
12.468,103
12.444,118
12.466,95
12.018,110
11.639,102
11.513,109
8.992,107
8.955,111
9.163,120
8.961,98
9.124,129
8.880,104
8.916,107
8.880,104
8.870,101
8.804,90
8.517,94
8.538,93
9.960,102
8.556,98
8.634,106
8.926,110
8.953,103
8.994,122
8.868,115
7.922,104
8.757,91
9.014,127
14.083,124
14.169,67
13.611,130
13.887,58
12.474,112
12.530,114
12.620,125
12.694,131
12.872,132
12.818,131
12.894,104
12.556,107
12.509,115
12.998,126
12.889,117
12.822,112
14.140,79
12.889,95
12.758,122
12.544,111
9.049,123
8.916,107
8.901,110
8.871,94
8.860,98
8.795,94
8.772,102
8.715,100
8.777,56
8.799,50
12.368,110
12.378,113
20.878,96
22.840,107
22.238,114
9.111,132
8.904,111
8.819,101
9.019,115
8.938,106
8.927,103
9.009,112
8.913,99
8.827,96
8.796,23
8.846,88
8.833,64
8.904,111
8.869,108
8.801,83
8.829,104
8.809,65
8.867,100
8.985,105
8.894,108
8.843,108
8.782,79
21.172,109
21.116,107
21.729,125
21.554,111
21.635,120
20.736,113
20.634,126
22.468,108
20.663,99
20.442,100
23.374,89
21.278,96
21.820,94
22.058,105
22.029,104
22.638,71
22.894,101
16.876,112
16.503,112
22.930,97
22.959,98
23.029,97







19.931,59
19.915,72
20.061,85
19.980,118
19.001,122
18.980,123
19.046,121
19.156,117
20.269,122















19.537,63
19.433,111
19.493,121
19.640,106
19.944,93
19.782,59










































































































































































































20.524,36
20.523,29



























17.887,49
17.976,114
17.972,120
17.957,101
17.973,113
18.143,119
18.061,117
18.129,122
17.912,117
18.338,118
18.239,118
18.211,117
18.214,118
18.342,119
18.313,118






































































































7.712,22
7.755,68
7.748,84
7.805,92
7.776,105
7.762,101
7.789,88
7.756,69
7.851,64
7.808,75
7.775,79
7.844,83
7.756,69
7.752,65
7.769,55
7.791,41
7.840,32
7.860,21
7.864,24




























7.691,44
7.751,64
7.774,62
7.791,47































































































































































































































































































































































19.031,49
19.173,100
19.202,116
19.492,92
19.331,52
19.391,113
19.376,116
19.476,109
19.418,121
19.426,123
19.840,127
19.066,126
19.447,122
19.393,127
19.667,121
19.688,120
19.688,120
19.639,113
18.938,125
18.964,119
19.986,126
20.057,119
20.097,116
16.703,126
19.149,115
19.174,115
19.373,122
19.159,118
19.099,122
16.735,134
16.686,128
16.746,137
19.039,119
19.095,114
19.199,115
19.195,114
19.177,116
19.170,121
16.493,136
16.415,135
16.493,136
16.521,137
19.181,117
19.285,125
16.919,124
16.923,104
16.891,102
16.588,108
16.624,90
16.767,82
16.821,78
16.893,95
16.927,91
17.217,89
17.254,92
17.190,82
22.651,103
22.694,76
20.888,99
17.011,122
16.777,105
16.672,78
16.639,81
16.703,91
17.027,85
16.766,88
16.632,72
16.728,105
17.104,106
17.417,103
17.293,103
17.409,122
21.054,111
20.802,103
20.958,112
21.012,106
21.253,118
22.170,116
21.122,109
21.209,105
21.176,110
21.216,107
21.178,118
20.519,108
20.627,103
20.509,91
20.403,96
20.498,102
20.462,106
20.469,108
20.539,114
22.084,98
22.133,64
22.136,67
22.213,80
22.176,83
22.037,99
21.197,123
21.050,117
20.975,117
20.952,103
20.789,114
20.876,110
21.018,115
21.009,105
22.141,100
22.074,95
12.547,62
12.613,33
14.711,61
14.766,66
14.727,88
14.689,91
14.713,112
14.737,119
14.786,119
14.867,127
14.523,128
14.386,125
14.370,121
14.415,126
14.453,123
14.668,127
14.801,123
14.769,114
14.848,108
14.848,108
14.821,128
14.817,127
14.805,124
14.771,107
14.756,110
14.747,128
14.760,125
14.737,119
14.787,112
14.750,76
22.382,79
22.363,70
22.162,73
21.883,91
21.675,117
20.864,114
20.805,104
21.159,105
21.293,115
21.776,103
21.745,116
21.776,103
21.727,56
20.241,75
20.265,114
20.182,97
20.194,87
20.190,69
20.140,69
20.140,70
20.140,86
20.146,101
21.253,96
21.329,111
21.287,106
21.329,111
21.243,115
21.147,109
21.176,110
21.197,109
21.296,116
21.233,112
21.161,113
21.129,111
20.923,102
20.812,106
17.367,89
17.328,106
17.335,108
16.918,95
16.839,94
17.205,99
23.169,94
21.007,119
16.806,72
16.914,94
17.014,94
17.237,94
23.176,96
23.070,88
16.806,68
16.657,72
17.020,57
19.577,82
19.606,118
16.914,116
19.430,110
16.899,138
17.374,132
17.086,135
18.986,118
19.056,117
18.965,119
17.186,135
18.940,119
16.512,128
16.681,133
16.681,133
16.708,140
20.029,118
19.978,124
19.991,121
19.339,126
19.771,122
18.917,126
19.991,114
19.511,119
19.625,123
19.557,118
19.561,119
19.635,119
19.430,124
18.926,122
18.915,119
18.958,117
19.348,115
19.255,117
19.199,122
19.116,120
19.102,116
19.217,106
19.301,116
19.271,107
19.307,103
19.368,92
19.363,112
19.323,122
19.378,102
19.499,76
19.555,89
19.605,103
19.634,97
19.636,112
19.634,84






















































































































































































































































































































































































































































15.346,101
15.091,121
15.322,116
15.240,121
15.162,120
15.149,123

















































































15.300,35
15.362,66
15.356,90
15.395,108
15.459,91
15.472,109
15.453,118
15.494,108
15.608,112
15.568,87
15.468,87
15.585,120
15.422,116
15.403,103
15.659,120
15.584,105
15.591,107
15.482,119
15.240,121
15.270,108
15.587,106
15.609,64
15.564,69
15.563,127
15.560,120
15.554,59













































































18.702,21
18.778,81
18.765,119
18.780,109
18.575,107
18.627,122
18.568,105
17.785,123
17.671,119
17.706,115
17.699,120
18.188,83
18.088,54
18.108,109
19.030,40





20.324,46










































































































































































































































































































































































19.581,53
19.622,108
19.687,105
20.194,115
19.642,114
19.688,120
19.756,118
20.379,111
20.118,100




20.764,69
17.749,66
7.202,19
17.165,37

17.369,57
7.841,42
7.904,67
17.409,87
8.045,59
8.035,108
7.719,103
7.696,111
7.686,108
7.721,111
7.759,100
7.776,105
8.234,107
8.361,100
8.335,100
8.327,112
8.357,99
8.447,83
8.467,16
8.499,59
8.552,84
8.610,68
8.450,60
8.556,65
8.495,48
8.595,35
18.100,114
8.649,53
8.608,66
8.611,71
8.560,69
8.550,58
8.621,34
8.646,35
7.290,23
7.191,33
18.134,82
8.547,51
8.605,79
8.639,93
8.639,93
8.711,73
8.700,55
19.900,29
8.617,76
8.648,110
8.644,109
8.563,93
8.560,70
8.591,101
8.557,113
8.496,110
8.518,109
8.479,105
8.459,114
8.486,107
8.386,93
8.421,103
8.378,105
8.321,103
8.220,103
8.163,94
8.172,104
8.129,106
8.114,109
8.263,108
10.261,82
7.966,77
7.962,101
7.981,114
7.983,107
7.962,101
7.914,109
7.904,106
7.972,104
12.354,133
12.355,127
12.246,118
10.820,125
10.500,113
11.086,116
10.711,116
10.690,110
10.783,115
10.709,108
10.336,102
10.573,126
11.216,124
11.744,103
12.222,59
11.041,130
11.315,130
10.951,113
11.011,116
11.059,115
11.092,103
11.006,93
10.993,118
10.954,86
12.126,112
12.228,98
12.164,94
12.151,112
12.046,118
12.024,119
12.018,124
12.006,121
12.035,122
11.993,110
19.642,114
12.031,114
12.043,117
17.847,139
17.714,130
19.192,113
12.020,118
12.028,113
12.031,121
12.106,127
12.043,117
17.838,124
17.694,125
17.640,124
17.699,120
17.628,121
17.838,124
17.801,127
18.229,122
18.274,121
18.229,115
18.014,118
18.039,118
18.018,119
18.029,122
18.095,126
18.037,124
18.025,121
18.037,124
18.232,129
19.728,117
19.170,121
19.195,114
19.010,118
20.319,122
20.206,125
20.133,119
20.296,101
20.464,80
20.392,93
20.539,70
20.377,103
20.320,108
20.289,99
20.327,110
20.337,113
20.395,81
20.179,118
20.152,110
20.169,115
20.136,120
19.902,117
20.320,101
19.646,122
20.020,108
19.952,117
20.015,121
20.019,122
19.905,118
19.895,122
20.735,120
20.914,114
19.134,118
20.585,120
19.243,127
20.069,122
20.368,128
18.442,119
18.428,122
18.463,118
18.582,136
18.575,134
18.461,124
18.445,120
18.415,125
18.478,122
18.395,120
18.424,121
18.390,125
18.432,123
18.440,125
16.819,124
16.914,116
16.962,135
19.257,103
19.113,119
19.248,115
19.273,122
19.208,118
16.662,141
16.725,138
16.742,136
16.610,107
16.624,104
21.718,108
21.722,102
21.745,116
22.713,80
22.988,75
22.954,104
22.887,99
22.991,87
22.969,94
23.027,58















20.029,56
20.036,98
20.040,70
20.047,94
19.975,29














































19.313,63
19.389,126
19.396,107
19.458,111
19.573,108
19.605,110
19.615,67












































21.320,22
21.581,62
21.537,73
































































































































































































































































































































































































































































































































































































































































18.988,61
19.044,92
19.017,66
19.030,43


20.076,50
20.111,98
20.088,106
20.143,100
20.152,89
20.126,95
20.027,110
19.881,111
19.849,109
19.794,107
19.786,112
19.790,106
19.781,96
20.010,91
20.165,80
20.029,57
20.030,58
20.035,64





20.674,47
20.720,101
20.705,90
20.731,97
20.697,109
20.624,36





20.674,36
20.714,86
20.724,95
20.674,35

























































































































































































6.846,52
6.858,99
6.846,110
6.863,115
6.956,113
7.190,109
7.213,101
7.030,106
6.909,114
6.821,110
6.817,109
6.818,102
6.884,86
6.890,94
6.862,100
6.853,112
6.828,112
6.853,112
6.920,117
6.853,112
6.874,111
6.853,112
6.796,110
6.821,110
6.793,102
6.836,107
6.779,105
6.816,94
6.977,79
7.098,60
6.923,58
6.859,70
6.878,79
6.884,80
6.782,74
6.840,76
6.873,78
6.879,91
6.855,98
6.850,104
6.853,112
6.842,109
6.821,110
6.799,111
6.828,112
6.786,107
6.792,109
6.824,111
6.779,105
6.859,114
6.824,111
6.799,111
6.792,109
6.814,108
6.839,108
6.904,105
7.060,100
7.131,92
7.121,78
7.131,68
7.146,57
7.174,61
7.100,62
7.154,66
7.163,76
7.149,84
7.139,94
7.135,93
7.134,93
7.123,90
7.178,85
7.134,75
7.150,62










































































































































































































































































































0.925,24
0.951,32
1.002,35
0.978,49
0.978,48
0.978,49
0.927,38
0.977,45
0.977,41
1.027,34
1.075,27











































































































































































































































































































































5.795,30
5.801,59
5.513,86
4.773,100
4.694,113
4.663,111
4.684,110
4.691,112
4.655,109
4.701,115
4.749,115
4.813,112
4.770,114
4.736,111
4.660,110
4.679,116
4.697,114
4.665,112
4.695,106
4.767,113
4.777,109
4.794,114
4.794,114
4.745,114
4.691,112
4.699,107
4.711,111
4.704,109
4.702,108
4.702,108
4.704,109
4.721,114
4.708,110
4.694,113
4.721,114
4.721,114
4.685,103
4.715,112
4.745,114
4.924,123
5.925,118
5.919,88
5.950,96
6.029,112
6.081,120
6.021,117
6.054,112
4.604,108
4.708,89
4.774,87
4.696,72
4.694,66
4.695,74
4.743,92
4.730,102
4.737,104
4.773,100
4.886,112
4.848,108
4.800,94
4.785,90
4.744,99
4.723,107
4.770,114
4.716,105
4.757,110
4.756,95
4.745,70
4.729,24
4.828,43
4.794,80
4.785,104
4.805,117
4.753,109
4.850,116
4.899,123
4.930,118
4.891,99
6.798,57
6.859,71
6.855,85
6.905,85
6.874,90
6.879,91
6.900,90
6.907,73
6.846,51
6.723,18


6.767,27
6.730,65
6.734,80
6.643,82
6.690,81
6.631,66
6.647,55
6.694,34


4.826,26
4.902,50
4.932,90
4.962,113
4.997,123
5.009,126
4.940,114
4.973,88
4.866,68
4.814,64
4.755,47
4.930,57
4.866,68
4.881,78
4.867,86
4.839,85
4.849,81
4.837,79
4.861,79
4.898,81
4.932,90
4.923,94
4.887,91
4.898,94
4.846,93
4.819,86
4.762,84
4.783,78
4.837,79
6.657,74
6.656,66
6.652,62
6.679,64
6.675,60
6.696,51
4.755,35
4.781,50
4.894,75
4.884,97
4.906,111
4.948,109
4.886,112
4.959,112
4.976,117
4.916,114
4.923,116
4.976,110
5.084,120
5.011,113
4.937,113
4.965,114
4.989,114
4.976,110
4.936,105
5.100,124
5.200,124
7.037,108
7.051,112
7.040,109
7.006,113
7.015,116
7.030,113
7.011,100
7.004,105
7.009,114
7.037,122
7.015,116
7.040,109
6.992,109
7.023,104
7.060,100
5.016,100
5.069,101
5.022,102
5.132,112
5.171,123
5.200,124
5.200,124
5.216,128
5.266,128
5.299,130
5.278,131
5.270,129
5.254,125
5.185,113
5.109,98
5.094,101
5.090,107
5.021,88
5.052,96
5.163,114
5.181,119
5.117,115
5.113,114
5.135,113
5.103,111
5.150,110
5.096,109
5.065,107
5.102,111
5.121,109
5.121,109
5.104,104
5.108,105
5.083,105
5.069,101
5.029,104
5.093,108
5.038,114
5.024,117
7.051,112
7.043,110
7.030,106
7.048,104
7.018,89
7.094,89
7.053,85
7.059,75
7.067,77
7.076,79
7.060,93
7.088,101
7.023,104
7.038,101
7.040,109
7.016,109
7.047,111
7.040,109
7.034,107
7.023,104
7.059,107
7.031,99
7.049,97
7.024,97
7.053,98
7.070,103
7.030,106
7.037,115
7.051,112
5.031,119
5.134,120
5.052,118
5.113,114
5.092,115
5.063,114
5.167,122
5.179,125
5.162,127
5.165,128
5.212,127
5.238,121
5.151,103
5.159,98
6.995,89
6.974,90
7.013,108
6.995,110
6.991,116
7.012,115
7.003,112
7.016,109
7.003,112
7.041,123
5.199,130
5.216,128
5.195,129
5.183,126
5.258,126
5.192,122
5.225,124
5.316,128
7.184,107
4.976,89
5.012,106
5.040,107
5.046,109
4.989,114
5.067,115
5.098,77
4.905,56
4.980,90
5.043,108
5.025,110
5.024,117
4.972,116
5.046,123
4.985,120
5.001,110
4.983,112
5.020,123
5.104,104
5.019,101
5.107,112
5.095,94
5.129,60
4.976,52
5.059,85
5.120,94
7.465,88
7.482,69
7.490,23
7.507,86
7.558,107
7.544,83
7.540,82
7.583,107
5.137,127
5.017,115
4.960,91
4.988,99
4.896,87
7.785,115
13.234,123
5.049,48
5.103,59
5.100,51
5.073,43
5.098,35
4.997,24
5.146,17
5.171,13
14.781,137
5.121,17
5.047,32
5.072,33
5.073,42
5.151,53
5.152,56
5.113,69
5.113,70
5.105,84
5.105,84
5.145,94
5.122,102
5.119,101
5.108,105
5.070,94
5.052,96
5.091,93
5.099,95
5.079,90
5.079,90
5.095,94
5.055,97
5.052,96
5.037,99
5.083,105
5.054,104
5.068,108
5.092,108
5.100,110
5.088,114
5.088,114
5.070,116
5.113,121
5.099,117
5.049,117
5.053,111
5.088,114
5.082,112
5.123,117
5.103,111
5.145,116
5.110,113
5.145,116
5.096,109
5.132,105
5.133,105
5.125,89
5.115,75
5.134,65
5.100,52
5.146,25
18.109,102
18.082,94
16.860,100
16.794,110
16.840,123
16.786,122
16.856,127
16.990,123
17.017,117
16.936,122
17.068,124
17.894,119
17.905,122
18.147,113
18.229,115
18.057,116
17.892,125
17.876,121
18.168,119
18.413,118
18.481,116
18.523,121
18.542,112
18.486,110
18.513,111
18.405,101
18.399,114
18.417,119
18.440,125
18.420,120
19.066,126
19.140,126
19.128,123
19.120,121
19.120,121
19.091,120
19.041,126
18.821,127
18.514,125
18.424,121
18.411,124
18.373,127
18.288,118
18.274,114
18.237,110
18.209,102
18.264,111
18.296,113
18.306,116
18.303,115
18.349,114
18.403,115
18.349,114
18.363,118
18.342,119
18.331,116
18.381,116
18.247,113
18.250,114
18.324,121
18.523,114
18.435,117
18.214,118
18.154,115
18.193,119
18.157,116
18.111,117
18.086,117
18.121,120
18.153,100
18.096,85
21.401,55
21.412,74
16.856,99
16.810,128
16.694,117
16.666,123
16.712,115
16.790,109
7.646,59
7.595,57
7.533,20
16.608,70
















7.590,31
7.643,52
7.594,54
7.541,34
15.656,119
15.525,95
7.967,48
7.881,80
7.809,100
7.729,106
7.662,101
7.719,103
7.665,102
7.633,107
7.655,114
7.650,112
7.643,110
7.650,112
7.811,108
7.872,104
5.176,103
5.103,111
7.697,104
7.534,100
7.494,110
7.329,113
7.123,104
7.087,108
7.107,114
7.079,113
7.104,113
7.184,107
7.376,105
7.526,105
7.487,108
7.407,114
7.163,116
6.842,109
6.655,98
6.598,96
6.605,98
6.619,95
6.762,100
7.170,103
7.335,100
7.373,104
7.466,102
7.521,104
7.494,110
7.480,106
7.477,105
7.330,106
6.316,101
6.308,99
6.131,98
6.042,94
6.106,98
6.056,98
5.932,98
5.844,109
6.606,113
7.009,114
7.087,108
7.115,102
7.147,104
7.245,103
7.273,104
7.212,108
7.140,109
7.110,100
4.973,109
5.149,117
5.184,120
5.223,117
6.997,103
7.011,107
7.020,103
7.049,97
7.041,82
7.263,76
7.605,99
7.633,107
7.668,110
7.711,108
7.739,109
7.711,108
7.693,110
7.664,109
7.672,104
7.673,97
7.680,72
7.703,66
7.689,26
15.675,124
15.628,59
15.619,108
15.614,121
15.582,119
15.618,122
15.624,117
15.575,117
15.547,109
15.525,117
15.597,26





20.687,67
20.723,82
20.549,44
20.712,67
20.522,25
20.475,95
5.947,50
5.916,81
5.920,102
5.938,107
5.898,110
5.913,107
5.926,90
5.857,65
5.834,67
5.835,68
5.859,67
5.826,59
5.798,52
5.847,49
5.821,41
5.746,36
5.569,17
16.220,102
16.255,112
16.278,119
16.274,118
16.211,121
16.172,117
16.175,118
5.769,24
5.796,37
5.823,52
5.851,58
5.885,68
5.875,78
5.893,94
5.910,99
5.884,106
5.881,105
5.852,104
5.891,108
5.858,113
5.898,110
5.891,108
5.897,95
5.884,74
5.899,55
20.638,68
20.474,77
20.660,85





20.829,58
20.839,70



20.524,47
20.567,93
18.711,103
18.556,109
18.696,67
18.702,87
18.704,76
21.047,17
16.640,94

21.273,30
16.721,103
16.608,114
16.629,120
16.587,122
16.655,113
16.599,104
16.615,109
17.893,84
17.895,63
17.897,85
17.940,96
17.980,122
18.040,131
16.581,106
16.314,115
17.623,126
16.438,122
16.852,126
16.944,124
16.549,125
16.765,129
16.288,122
16.642,136
16.473,118
16.561,128
16.526,119
16.549,125
16.887,108
16.615,116
14.829,130
14.656,124
14.795,134
14.858,131
14.655,124
16.470,117
16.579,120
16.645,124
16.637,122
14.509,131
16.617,102
16.797,111
12.870,97
12.937,102
12.949,120
12.942,118
13.224,113
13.414,137
13.461,130
16.678,91
1.401,29
1.477,35
1.477,42
1.477,42
1.526,46
1.601,46
1.526,36
8.987,113
8.977,110
8.956,90
9.014,68
8.950,44
8.848,41
8.937,66
8.982,97
8.980,111
8.997,116
9.029,118
1.601,43
1.578,52
1.552,50
1.513,65
1.489,66
1.541,71
1.543,75
1.531,78
1.498,76
1.488,65
1.484,61
1.487,64
1.432,59
1.427,40
1.425,27
1.450,17


1.636,19
1.543,20
1.524,23
1.574,24
1.524,14



20.672,28
20.711,74
20.752,55
20.817,93
20.710,85
20.705,90
20.660,85
20.637,72





19.058,54
19.053,88
21.024,46






18.184,29
18.248,68
18.213,103
18.307,109
18.385,95
18.526,93
-999999999
16.872,125
16.683,121
1.226,33
1.152,43
1.181,56
1.180,53
1.110,62
1.141,68
1.108,61
1.163,65
1.135,62
1.129,52
1.158,60
1.240,67
1.236,79
1.240,92
1.281,96
1.233,90
1.274,94
1.254,89
1.296,87
1.320,93
1.295,100
1.348,101
1.330,96
1.337,91
1.401,102
1.372,101
1.407,104
1.415,106
1.425,109
1.424,94
1.437,91
1.407,90
1.428,95
1.446,87
1.492,69
1.749,88
1.837,120
1.730,78
1.782,90
1.815,92
1.833,84
1.833,61
1.843,75
5.521,33
4.316,45
4.369,78
1.649,88
4.272,56
4.271,54
4.320,57
4.396,84
4.368,83
4.293,50
17.474,105
4.365,39
4.388,28












12.224,61
12.227,64

7.890,32
7.639,17
17.144,55
17.140,46
17.143,51
17.118,52
17.142,50
17.091,36
17.190,38



12.288,30
12.221,59
12.241,43
12.222,60




16.444,39
16.449,111
16.453,112
16.470,50








15.678,59
14.241,85

15.746,28

12.065,27
15.545,81
14.119,67
15.602,56
15.478,56
8.848,40
8.851,54
8.698,49
8.520,41
8.192,41
8.545,42
18.141,60
18.125,80
8.971,76
9.003,55
7.442,38
7.369,51
15.189,106
17.742,111
17.632,122
15.550,130
15.098,94

13.633,77
13.772,114
13.748,121
13.570,105
17.890,118
17.919,119
18.145,64
17.903,107
18.125,69
16.056,85
15.941,122
15.905,119
15.941,122
16.004,97
16.026,125
14.390,105
14.380,38
15.960,99
15.907,105
15.845,123
4.978,57
4.853,49
14.619,114
14.651,123
14.655,117
14.594,114
14.713,132
14.703,136
6.621,51
6.431,85
6.231,98
6.266,101
6.512,100
6.687,93
6.651,84
6.665,76
6.659,69
6.633,68
6.479,63
6.307,66
6.260,80
6.249,96
6.227,97
6.248,103
6.233,92
6.254,79
6.250,59
6.220,35
15.604,131
15.557,119
15.585,120
14.876,136
14.920,134
14.832,131
14.756,110
14.830,89
14.629,77
14.698,122
14.694,121
14.760,125
15.111,126
15.812,127
14.876,123
14.897,108
14.733,118
14.752,123
14.996,128
15.264,127
14.872,122
14.752,123
14.673,115
1.026,32
0.977,40
0.977,39
0.977,44
0.980,54
0.980,53
1.006,57
0.984,61
0.961,63
1.014,66
0.963,65
0.988,65
0.987,64
0.992,69
0.997,76
0.966,69
0.998,81
1.036,79
1.051,82
1.001,82
1.002,77
0.973,76
1.026,82
1.033,84
0.996,87
1.004,89
1.004,89
0.992,86
1.034,84
1.030,83
1.015,74
0.992,70
1.017,70
1.032,59
1.004,52
1.027,44
1.026,30
1.028,48
1.003,50
1.032,59
1.014,66
0.986,63
1.036,79
1.016,72
0.994,75
1.004,83
1.038,85
1.034,84
1.067,80
1.066,71
0.992,69
0.966,73
1.041,72
1.076,82
1.026,82
0.992,70
0.988,65
1.011,79
0.984,84
0.979,89
0.987,91
0.984,97
0.962,91
0.973,94
0.969,93
0.978,95
0.983,90
0.958,90
0.954,89
0.966,92
0.975,88
0.938,85
0.963,85
0.934,84
0.944,75
0.952,77
0.930,83
0.956,78
0.919,75
0.917,80
0.980,83
0.931,78
0.906,78
0.917,86
0.896,87
0.959,97
0.929,89
0.963,98
0.978,95
0.920,93
0.983,90
0.954,89
0.945,93
0.988,98
0.941,99
0.976,102
0.961,105
0.947,108
0.933,104
0.962,105
0.934,97
0.931,96
0.953,95
0.934,84
0.938,85
0.930,83
0.901,82
0.892,86
0.925,88
0.933,90
0.938,85
0.876,82
0.892,86
0.875,82
0.926,82
0.911,79
0.873,76
0.892,71
0.892,69
0.892,69
0.886,63
0.881,57
0.839,66
0.892,71
0.867,71
0.867,70
0.892,69
0.841,68
0.892,70
0.867,71
0.867,71
0.891,68
0.839,66
0.892,70
0.841,68
0.866,68
0.839,66
0.838,65
0.862,64
0.863,65
0.884,61
0.891,73
0.955,83
0.939,66
0.927,38
0.926,29
19.675,109
19.632,111
19.699,116
17.553,127
17.582,128
19.820,115
20.698,102
17.483,122
7.319,52
7.393,50
7.442,46
7.390,24
3.951,35
4.027,52
4.124,51
4.133,65
4.133,65
4.106,62
4.130,62
4.082,63
4.124,52
4.148,49
4.122,39
19.646,122
20.108,119
20.628,118
20.639,114
20.636,113
20.294,115
19.609,119
19.479,110
19.504,117
17.771,132
17.684,129
17.593,118
17.565,117
17.486,116
17.458,115
17.487,123
17.479,121
17.479,121
17.479,121
7.392,42
7.419,51
7.424,61
7.371,57
7.295,53
7.343,48
7.317,38
7.267,44
7.242,42
7.217,35
7.211,21
17.858,116
17.779,107
17.867,125
4.583,26
4.559,32
19.530,110
19.433,111
19.523,108
19.629,110
20.935,98
7.238,22
7.345,56
7.345,55
7.375,62
7.297,58
7.245,54
7.142,45
7.016,30
19.145,114
7.091,29
7.193,48
7.219,51
7.194,52
7.099,61
7.071,56
7.093,48
19.005,102
21.159,91
21.102,103
21.076,110
21.062,106
21.020,101
21.019,108
21.051,110
21.062,106
21.064,114
21.039,114
21.036,113
21.012,106
21.030,90
21.028,57
13.886,57
13.895,67
13.956,40
13.958,50
13.858,50



7.539,24
7.492,48
7.445,53
7.368,49
7.265,16


0.225,27



0.277,46

0.354,51


0.282,58

0.229,52

0.277,46
6.954,85
6.910,75
6.856,66
6.898,59
6.847,53
6.844,46
6.744,37
17.656,87
17.525,98
13.605,101
13.646,113
13.578,122
17.504,114
15.455,125
6.914,76
6.937,93
6.851,84
6.648,56
13.418,97
13.464,96
7.116,38
7.150,62
7.082,69
7.102,64
7.092,42
7.092,37
6.991,23
17.694,97
17.739,110
15.259,112
15.196,108
15.079,83
17.765,56
17.775,67
13.628,100
13.503,87
13.650,107
8.611,86
8.667,94
8.636,86
8.631,91
8.524,78
13.426,69
13.391,58
13.374,67
13.357,94
13.452,107
13.471,120
10.347,105
13.504,135
13.486,143
13.524,146
13.509,136
13.478,128
13.522,113
13.495,91
13.485,77
13.584,82
8.432,74
8.592,94
8.615,87
8.622,50
17.839,55
17.884,88
17.884,109
17.802,114
17.821,105
14.655,124
14.955,124
7.144,52
7.117,42
7.142,41
14.704,77
14.841,92
14.814,85
14.991,106
6.799,58
6.855,85
6.912,100
6.908,92
6.938,87
6.952,79
6.953,64
6.923,60
6.992,30
17.557,93
17.587,109
17.700,99
7.490,27
17.786,136
20.481,97
17.910,102
18.066,104
17.951,114
7.190,28
7.342,42
7.292,42
17.594,111
17.699,113
7.065,11
6.926,62
6.932,73
6.852,62
17.599,91
17.751,99
17.667,104
17.657,115
17.607,87
15.650,51
15.654,104
15.712,68
15.708,120
15.802,118
15.910,68
15.712,72
8.521,51
8.481,66
8.407,71
15.813,114
15.824,124
8.371,53
8.357,68
8.169,53
8.269,51
8.219,55
8.141,46
8.192,37
15.723,38






















































7.864,25
8.241,45
8.292,47
8.342,34
8.419,49
8.416,17
8.264,17
8.470,50
20.154,96
20.207,84
20.145,108
20.184,112
20.347,88
20.320,76
20.195,108
20.322,109
20.184,112
20.330,111
20.103,103
7.268,49
7.270,53
20.149,102
6.941,26
7.049,61
7.121,57
18.513,111
18.640,119
7.041,44
7.003,64
7.028,65
7.007,68
7.047,60
7.043,48
20.598,102
20.600,117
19.902,117
19.855,118
20.061,120
18.221,120
18.352,128
20.689,114
20.276,117
20.259,112
20.252,110
20.264,121
20.263,106
20.467,93
20.401,110
19.660,119
7.192,40
7.193,49
7.192,43
17.465,117
17.436,116
17.451,113
17.461,116
7.743,51
7.754,67
7.705,73
7.698,61
7.615,30
20.419,108
19.497,115
19.463,120
19.537,112
7.741,35
7.842,48
7.869,53
7.869,55
7.691,43
7.467,46
7.443,50
7.445,55
7.495,53
7.525,63
7.524,62
7.650,63
7.891,47
7.965,43
8.015,43
8.016,50
7.993,52
7.879,67
7.752,65
7.720,78
7.629,67
7.555,73
18.853,101
20.447,109
7.116,33
7.092,41
7.220,55
7.352,64
7.373,60
7.346,56
7.347,60
7.355,67
7.403,65
7.409,75
7.407,70
7.347,58
7.401,64
7.399,61
7.372,59
7.345,56
7.376,63
7.371,57
7.395,57
7.397,58
7.397,58
7.542,48
7.594,54
7.640,33
13.982,95
13.955,88
13.975,93
13.938,90
19.665,106
19.754,110
19.744,107
19.707,111
19.732,111
19.757,111
19.736,112
19.744,107
7.240,31
7.368,48
7.367,42
7.418,50
7.754,67
7.752,66
7.705,72
7.681,70
7.630,70
7.655,68
7.705,68
7.478,65
7.394,51
7.370,54
7.418,48
7.393,49
7.391,35
7.338,22
19.244,114
19.294,114
19.327,109
19.435,119
19.530,110
19.674,109
19.689,113
19.645,115
7.566,43
7.542,48
7.397,58
7.400,62
7.297,58
6.993,45
7.017,49
7.043,49
19.663,98
19.695,93
19.824,109
20.983,112
19.805,118
19.799,116
19.685,112
19.639,113
19.628,117
19.713,120
19.698,116
19.682,111
19.792,121
20.048,123
21.019,108
21.030,104
21.069,108
21.081,97
7.341,36
7.342,43
7.305,67
7.248,60
7.198,60
7.043,51
7.146,56
7.170,55
7.197,58
7.256,73
7.281,72
7.331,70
7.381,68
7.401,64
7.406,68
7.403,65
7.375,62
7.343,49
7.393,50
7.392,44
7.342,39
7.290,27
20.588,99
20.625,95
20.628,96
20.681,97
20.702,103
20.713,99
20.759,91
20.759,91
20.797,88
7.242,40
7.294,51
7.344,53
7.322,59
7.353,65
7.356,68
7.397,59
7.442,46
7.417,40
7.416,30
19.640,106
6.993,47
6.993,36
6.943,41
6.992,40
7.042,38
19.868,107
6.819,34
6.944,50
6.998,59
7.078,65
7.095,54
7.143,50
7.372,58
7.499,61
7.576,64
7.625,63
7.594,55
7.567,50
7.317,38
7.341,44
7.344,51
7.426,63
7.496,57
7.517,48
7.415,27
19.612,105
19.585,119
19.529,117
19.579,117
11.618,53
11.815,82
11.812,76
11.866,77
7.440,24
7.388,22
7.390,25
7.763,27
7.916,43
7.996,58
0.427,34
0.527,46
0.427,41
0.477,36
0.451,40
0.477,43
0.452,47
0.477,42
0.477,42
0.427,46
0.477,44
0.502,41
0.428,49
0.477,45
0.452,41
0.477,38
0.502,38
0.477,39
0.476,30
0.501,33
0.450,24
0.602,37
8.043,55
7.827,65
7.726,64
7.605,68
7.395,55
7.300,62
7.566,47
7.568,55
7.391,32
18.321,113
18.303,115
20.169,87
21.679,60
22.184,66
22.127,96
2.359,73
2.436,98
2.339,87
2.309,75
2.300,84
2.325,84
2.296,83
2.300,84
2.296,83
2.291,82
2.255,80
2.295,83
2.282,80
2.299,84
2.288,81
2.290,88
2.249,79
2.288,81
2.288,81
2.330,85
2.262,76
2.296,83
2.311,75
2.307,70
2.307,70
2.307,73
2.250,64
2.301,62
2.300,61
2.350,56
2.348,51
2.319,46
2.291,33
2.319,43
2.244,59
2.272,60
2.306,67
2.249,63
2.279,66
2.297,57
2.297,59
2.347,50
2.318,41
2.291,29
2.395,22
7.616,50
2.296,53
7.544,57
7.544,54
7.479,67
7.455,72
4.550,86
4.646,74
7.292,48
2.346,39
2.452,47
2.493,68
2.519,74
2.519,74
2.478,77
2.494,80
2.323,78
2.227,74
2.249,79
2.229,80
2.208,81
2.202,86
2.229,86
2.185,82
2.242,83
2.280,67
2.349,54
2.533,49
2.550,75
2.618,97
2.535,83
2.478,44
2.346,36
2.213,39
2.213,47
2.267,49
2.240,49
2.197,64
2.252,66
2.255,69
2.253,74
2.257,75
2.345,82
2.331,85
2.413,106
2.530,109
2.409,85
4.571,65
4.585,42
18.946,86
18.894,67
4.414,40
4.526,70
4.575,86
2.940,112
2.958,117
2.923,115
2.870,115
2.857,104
2.856,104
2.821,94
2.746,83
2.751,90
2.662,82
2.645,84
2.515,79
2.458,84
2.388,80
2.270,78
2.261,81
2.182,76
2.160,77
2.151,75
2.132,82
2.094,72
2.102,76
2.106,77
2.083,78
2.106,77
2.121,80
2.132,82
2.075,76
2.132,82
2.131,82
2.079,82
2.104,82
2.071,75
2.102,81
2.111,78
2.132,82
2.117,85
2.127,87
2.130,88
2.156,88
2.170,91
2.162,89
2.161,89
2.127,87
2.183,94
2.111,78
2.147,68
2.173,72
2.160,77
2.126,93
2.178,107
2.119,106
2.135,110
2.128,108
2.117,105
2.111,96
2.103,94
2.104,88
2.149,86
2.139,90
2.208,101
2.181,101
2.199,106
2.159,102
2.165,104
2.157,102
2.154,101
2.135,103
2.166,104
2.180,108
2.131,109
2.131,109
2.173,106
2.140,97
2.147,92
2.132,82
2.194,84
2.157,88
2.165,90
2.166,90
2.156,88
2.223,91
2.211,88
2.196,79
2.200,68
2.191,58
2.244,57
2.403,56
4.743,67
4.785,90
4.730,102
4.684,110
4.728,116
2.274,119
2.222,105
2.163,83
2.149,70
2.125,75
2.132,82
2.148,86
2.140,84
2.134,89
2.162,89
2.135,89
2.135,89
2.135,89
2.162,89
2.153,87
2.179,93
2.129,81
2.162,89
2.152,87
2.136,83
2.181,81
2.149,71
2.140,62
2.087,61
2.214,50
2.249,63
2.217,59
2.271,58
2.253,72
2.291,82
2.342,88
2.325,90
2.304,85
2.273,84
2.304,85
2.300,84
2.251,85
2.277,91
2.330,91
2.330,91
2.304,98
2.264,88
2.322,96
2.267,95
2.246,84
2.262,81
2.235,81
2.247,84
2.217,78
2.220,84
2.254,86
2.229,86
2.216,83
2.212,82
2.202,80
2.268,89
2.224,85
2.194,84
2.211,88
2.206,87
2.189,83
2.229,86
2.188,83
2.189,83
2.211,82
2.212,82
2.233,87
2.184,82
2.201,86
2.219,90
2.223,91
2.201,92
2.232,93
2.260,87
2.215,89
2.215,89
2.201,86
2.224,85
2.188,83
2.219,90
2.159,82
2.233,87
2.182,81
2.188,89
2.180,87
2.171,85
2.180,87
2.157,88
2.183,94
2.072,93
2.072,93
2.015,92
1.965,92
1.948,94
1.919,93
1.930,96
1.903,89
1.919,93
1.870,87
1.915,92
1.870,87
1.869,93
1.880,96
1.873,88
1.839,92
1.836,91
1.843,93
1.886,91
1.878,89
1.857,90
1.832,90
1.853,89
1.806,90
1.836,91
1.753,89
1.779,83
1.787,85
1.791,86
1.828,89
1.754,83
1.760,79
1.791,80
1.815,86
1.816,80
1.822,81
1.866,80
1.876,77
1.969,100
2.078,109
2.170,120
2.182,129
2.450,136
2.408,126
2.377,111
2.324,104
2.246,90
2.219,90
2.231,93
2.223,91
2.258,93
2.258,93
2.238,82
2.262,76
2.195,63
2.061,61
1.985,64
2.042,73
1.990,73
2.087,84
2.179,87
2.197,85
2.176,80
1.940,73
1.691,70
1.589,74
1.596,81
1.616,86
1.612,85
1.636,91
1.607,90
1.673,94
1.639,92
1.595,87
1.629,96
1.610,91
1.606,90
1.661,98
1.776,117
1.856,125
1.856,131
1.886,126
1.874,123
4.092,108
3.954,103
3.957,104
3.954,103
3.950,102
3.966,107
3.931,104
3.931,104
3.964,106
3.917,107
3.844,100
3.967,107
3.973,109
3.925,102
3.998,102
3.928,110
3.890,99
3.957,104
3.925,102
3.925,102
3.946,101
3.981,97
4.150,103
4.139,100
4.105,97
3.808,90
3.496,72
3.785,97
3.785,97
3.725,94
3.742,92
3.874,94
3.834,97
3.788,91
3.775,94
3.759,97
3.771,93
3.775,94
3.789,98
3.754,95
3.798,101
3.840,99
3.880,103
3.896,108
3.919,100
3.966,107
3.960,105
3.967,107
3.956,104
3.964,106
3.950,102
3.954,103
3.947,101
3.977,103
3.998,102
3.961,105
3.970,101
3.949,102
3.971,101
3.947,101
3.905,96
3.931,104
3.947,101
3.936,98
3.799,94
3.681,89
3.591,85
3.603,88
3.601,81
3.641,85
3.645,80
3.685,90
3.676,94
3.657,83
3.661,90
3.677,88
3.702,88
3.689,85
3.710,90
3.702,88
3.749,94
3.767,99
3.848,101
4.173,110
4.473,98
4.513,83
4.550,69
4.526,69
4.327,85
4.088,86
4.032,84
3.714,91
3.722,93
3.668,92
3.656,95
3.603,88
3.705,95
3.754,95
3.767,92
3.713,79
3.663,79
3.698,87
3.792,99
3.746,93
3.722,93
3.735,90
3.738,98
3.755,89
3.743,86
3.763,91
3.729,95
3.746,93
3.771,93
3.816,92
3.775,94
3.767,92
3.661,84
3.732,83
3.693,73
3.707,54
10.582,108
10.655,107
11.000,113
11.348,112
11.554,99
11.603,99
11.603,99
11.639,102
3.974,29
3.928,51
3.937,65
4.017,75
4.003,83
4.027,89
3.985,91
4.024,102
3.989,99
3.993,100
3.958,97
3.982,97
3.930,96
3.911,91
3.929,96
3.972,94
3.929,96
3.982,97
3.943,100
3.923,94
3.927,95
3.949,88
3.949,88
3.957,90
3.996,101
3.985,91
3.965,92
3.985,91
4.015,80
4.021,81
3.992,75
3.989,68
3.981,60
3.904,53
3.877,43
3.777,35
3.730,49
3.784,60
3.793,69
3.718,70
3.644,72
3.605,77
3.506,82
3.513,84
4.636,96
4.778,102
4.319,103
3.820,100
3.745,100
3.689,91
3.759,90
3.725,94
3.665,98
3.692,99
3.633,96
3.675,101
3.689,105
3.683,96
3.661,97
3.680,95
3.640,98
3.619,99
3.624,108
3.640,105
3.607,103
3.628,102
3.646,107
3.629,102
3.591,98
3.604,102
3.606,95
3.583,89
3.595,86
3.595,86
3.700,94
3.754,95
3.685,90
3.623,87
3.551,76
3.595,86
3.570,92
3.584,96
3.600,101
3.520,92
3.509,83
3.472,70
3.743,69
3.940,73
3.817,80
3.669,71
3.617,66
3.536,59
3.506,47
3.559,54
3.583,52
3.558,54
3.530,43
3.581,43
3.555,41
3.457,38
3.580,38
3.679,46
3.827,49
3.929,54
3.961,65
3.885,62
3.683,59
3.588,62
3.510,57
3.461,56
3.483,50
3.461,56
3.463,60
3.417,63
3.468,65
3.485,54
3.532,51
3.507,42
3.482,44
3.433,51
3.411,54
3.340,60
3.365,61
3.403,76
3.415,84
3.410,89
3.422,92
3.414,90
3.436,96
3.458,95
3.421,92
3.405,94
3.419,98
3.433,95
3.453,94
3.480,88
3.489,84
3.517,85
3.445,74
3.358,77
3.373,80
3.415,84
3.476,87
3.443,85
3.369,85
3.349,86
3.303,87
3.282,88
3.294,91
3.331,94
3.371,99
3.379,94
3.387,96
3.338,96
3.297,92
3.319,91
3.294,91
3.294,91
3.278,93
3.263,83
3.225,80
3.224,71
3.239,78
3.175,68
3.127,69
3.127,69
3.248,74
3.178,75
3.173,74
3.108,76
3.101,72
3.127,69
3.101,71
3.101,72
3.102,71
3.087,77
3.116,78
3.076,73
3.100,74
3.149,74
3.186,77
3.298,73
3.348,72
3.355,76
3.372,72
3.447,70
3.453,76
3.446,72
3.446,72
3.453,76
3.446,73
3.453,81
3.474,75
3.456,77
3.436,78
3.489,84
3.447,80
3.443,85
3.403,76
3.436,78
3.423,80
3.408,77
3.481,82
3.433,77
3.434,83
3.417,79
3.412,78
3.457,77
3.432,82
3.478,81
3.449,75
3.452,81
3.456,82
3.457,77
3.480,82
3.489,84
3.481,82
3.489,84
3.484,83
3.505,88
3.516,91
3.528,94
3.527,94
3.520,99
3.537,97
3.475,93
3.466,91
3.476,87
3.496,86
3.509,83
3.556,77
3.762,79
4.124,83
4.259,86
4.338,94
4.334,107
4.201,104
4.060,98
3.968,93
3.968,93
3.997,94
3.979,96
3.993,93
4.035,91
4.088,69
4.152,59
4.122,39
6.158,67
4.614,111
4.554,122
4.573,127
4.282,114
6.221,110
6.170,95
6.160,71
6.176,104
4.489,124
4.439,117
4.508,123
6.215,101
6.157,67
15.297,109
4.512,48
4.525,73
4.581,101
4.593,105
4.614,111
4.575,114
4.586,117
4.548,106
4.552,93
4.638,90
4.644,85
4.673,75
4.565,59
4.564,59
4.566,60
14.772,128
15.673,117
15.737,121
15.763,114
15.823,117
15.876,118
15.941,122
5.352,58
5.427,78
5.379,90
5.412,99
5.361,74
5.298,39
5.453,60
5.550,83
6.152,97
6.336,107
6.254,112
5.716,101
4.967,93
4.777,94
4.717,98
4.647,92
4.626,93
4.659,95
4.655,94
4.607,88
4.655,94
4.579,87
4.590,84
4.608,82
4.659,95
4.700,100
4.674,100
4.638,90
4.581,81
5.059,65
5.399,48
16.671,78
16.693,43
5.146,27
5.200,52
5.281,63
5.353,58
15.991,122
15.919,123
15.957,126
15.894,123
15.826,118
15.840,122
15.806,119
15.895,123
15.916,122
15.841,122
15.122,129
14.982,118
15.471,116
6.148,56
6.161,75
6.122,89
6.156,85
4.553,87
4.492,58
4.521,64
4.519,63
4.496,64
4.472,64
4.467,56
4.536,39
4.601,20
15.042,121
14.996,122
15.061,126
15.169,128
15.099,123
15.071,122
15.030,118
15.080,118
15.061,105
14.962,85
14.843,69
6.672,57
3.441,91
3.690,113
3.800,116
4.398,119
4.614,125
4.590,125
4.595,120
4.540,118
4.307,121
4.343,117
4.381,114
4.448,105
4.480,100
4.476,92
4.466,83
4.546,91
4.489,89
4.546,105
4.508,109
3.406,102
3.354,101
4.391,89
4.379,86
4.389,82
4.386,76
4.376,66
4.280,73
4.848,81
4.848,76
4.815,65
4.769,68
4.792,74
4.768,73
4.766,65
4.818,69
4.940,80
5.272,102
5.332,91
3.825,88
3.823,116
3.737,112
3.641,85
3.587,61
3.459,54
3.535,57
4.858,59
4.836,62
4.818,72
4.769,73
4.709,55
15.167,107
15.110,112
13.987,131
13.682,123
13.657,123
13.652,122
14.660,125
14.788,120
14.814,120
14.847,115
14.893,121
14.896,122
14.886,119
14.882,118
14.924,116
14.931,118
14.910,119
15.031,118
13.551,107
13.659,117
15.059,138
14.827,102

4.609,42
4.855,103
4.931,104
3.978,103
4.839,113
4.837,112
4.879,110
4.979,104
4.951,110
4.910,112
4.857,111
4.906,111
4.898,116
4.861,112
4.881,118
4.898,116
4.885,112
4.878,110
4.915,114
4.877,117
4.923,116
4.906,111
4.889,113
4.866,114
4.915,114
5.015,107
5.493,101
6.610,107
6.712,115
6.766,109
3.802,77
3.876,30
4.071,28
4.267,43
4.270,53
4.349,62
4.380,71
4.398,64
4.403,68
4.452,72
4.437,77
4.452,80
4.384,87
4.362,94
4.351,91
4.351,91
4.368,83
4.414,77
4.428,72
4.510,82
4.469,90
6.846,103
6.803,112
6.454,126
5.513,114
5.417,108
5.069,116
4.926,117
4.880,118
4.722,107
4.898,101
4.838,91
4.732,117
4.704,102
3.602,109
4.984,105
5.272,102
5.513,114
5.482,112
5.418,108
5.450,110
5.484,113
5.452,111
5.418,108
5.220,116
4.944,108
4.890,106
4.848,108
4.993,108
5.124,117
4.718,106
4.631,109
4.605,101
4.584,102
4.603,108
4.590,104
4.614,104
4.589,111
4.521,105
4.496,112
4.455,107
4.443,90
4.459,81
4.624,80
4.757,89
5.028,104
5.057,105
5.100,110
5.125,110
4.952,110
4.800,116
4.691,112
4.679,116
4.642,112
4.638,111
4.647,114
4.655,116
4.617,112
4.592,112
4.598,114
4.593,112
4.568,112
4.557,109
4.589,111
4.595,113
4.645,113
4.696,114
4.669,113
4.601,107
4.559,102
4.528,107
4.508,101
4.372,97
4.508,101
4.584,102
4.615,97
4.553,87
4.593,112
4.569,112
4.589,104
4.596,106
4.427,99
4.376,98
4.348,97
4.328,98
4.341,102
4.330,99
4.423,105
4.592,112
4.572,113
4.605,116
4.581,116
4.300,119
0.786,112
0.722,108
0.722,101
0.657,90
0.642,86
0.565,72
0.581,56
0.631,56
0.581,56
0.581,58
0.555,55
0.608,60
0.632,58
0.582,59
0.609,61
0.581,58
0.630,56
0.611,64
0.617,70
0.666,72
0.648,81
0.683,84
0.691,86
0.672,81
0.640,68
0.695,87
0.780,103
0.840,106
0.899,116
0.803,110
0.745,93
0.705,83
0.630,57
0.631,56
0.679,53
0.608,60
0.630,53
0.631,56
0.712,64
0.683,60
0.687,64
0.691,72
0.702,77
0.702,77
0.688,85
0.687,91
0.658,90
0.678,95
0.716,92
0.623,81
0.684,84
0.734,84
0.766,92
0.791,99
0.795,93
0.805,96
0.848,101
0.850,102
0.828,95
0.734,84
0.701,77
0.667,69
0.652,77
0.606,78
0.567,80
0.572,81
0.661,79
0.633,90
0.730,96
0.748,94
0.755,103
0.814,106
0.787,98
0.815,99
0.837,105
0.826,102
0.800,102
0.802,95
0.725,82
0.734,84
0.665,72
0.689,67
0.692,71
0.691,72
0.686,79
0.648,81
0.673,81
0.649,88
0.686,91
0.691,99
0.678,95
0.678,89
0.625,82
0.641,86
0.673,94
0.680,83
0.641,86
0.634,84
0.606,78
0.692,86
0.666,86
0.683,90
0.711,91
0.731,96
0.744,100
0.738,98
0.722,101
0.750,102
0.737,98
0.715,92
0.750,102
0.708,97
0.746,87
0.661,79
0.701,77
0.669,75
0.642,69
0.666,70
0.642,70
0.690,68
0.688,66
0.641,73
0.673,81
0.766,86
0.688,85
0.690,73
0.685,62
0.690,67
0.716,73
0.713,65
0.737,64
0.730,55
0.730,54
0.704,52
0.705,54
0.729,52
0.707,59
0.704,51
0.728,48
0.676,45
0.680,53
0.666,72
0.692,70
0.684,61
0.628,50
0.627,35
0.626,33
0.626,31
0.677,41
0.651,39
0.627,37
0.627,43
0.626,45
0.632,58
0.679,51
0.631,58
0.657,58
0.685,62
0.661,63
0.634,61
0.660,62
0.681,58
0.634,61
0.662,65
0.640,67
0.632,58
0.681,57
0.659,61
0.666,69
0.704,89
0.826,102
0.831,111
0.874,109
4.509,109
4.492,111
4.464,110
4.461,102
4.510,102
4.557,109
4.499,113
4.483,116
0.906,118
0.795,115
0.759,119
0.781,111
0.835,112
0.691,86
0.820,100
0.828,110
0.678,110
0.782,111
0.670,115
0.710,112
0.642,114
0.607,111
0.591,99
0.558,90
0.516,92
0.516,92
0.437,91
0.412,91
0.342,86
0.346,87
0.348,94
0.398,101
0.388,98
0.309,84
0.251,45
0.251,39
0.275,33
0.252,38
0.276,42
0.276,41
0.251,45
0.228,48
0.281,58
0.232,60
0.259,61
0.260,62
0.232,59
0.267,69
0.284,61
0.235,62
0.291,68
0.291,71
0.291,71
0.267,69
0.252,77
0.285,79
0.292,80
0.301,77
0.292,80
0.252,77
0.267,71
0.300,82
0.317,86
0.350,82







0.321,87
0.308,84
0.266,73
0.302,77
0.265,72
0.240,68
0.286,63
0.286,64
0.262,65
0.260,63
0.288,65
0.257,60
0.237,64
0.235,62
0.261,63
0.258,60
0.258,61
0.260,63
0.238,65
0.263,65
0.257,59
0.280,57
0.287,64
0.260,62
0.283,60
0.283,60
0.236,64
0.283,60
0.263,66
0.234,62
0.266,72
0.265,68
0.266,68
0.264,74
0.292,80
0.317,86
0.353,89
0.358,90
0.334,84
0.379,83
0.305,83
0.354,89
0.307,90
0.349,94
0.332,90
0.337,91
0.358,90
0.316,86
0.358,90
0.337,91
0.338,85
0.288,85
0.342,86
0.328,89
0.323,81
0.290,72
0.292,71
0.288,65
0.280,54
0.277,43
0.327,43
0.301,44
0.367,70
0.310,79
0.450,88
0.470,87
0.422,81
0.348,81
0.315,74
0.384,62
0.334,61
0.337,65
0.327,77
0.319,75
5.788,107
5.754,112
5.701,111
5.707,113
5.648,110
5.676,104
5.624,103
5.722,110
5.800,111
5.750,111
5.683,106
5.641,108
5.680,105
5.666,108
5.656,105
5.659,99
5.688,100
5.827,104
5.851,104
5.818,109
5.810,114
5.722,117
5.704,112
5.707,113
5.717,116
5.710,114
5.651,111
5.658,113
5.666,115
5.697,117
5.686,114
5.641,108
5.690,115
5.694,109
5.655,112
5.673,110
5.669,109
5.690,108
5.725,111
5.738,107
5.760,114
5.755,112
5.722,110
5.715,115
5.708,113
5.792,116
5.997,117
6.121,117
6.192,123
6.198,118
6.200,111
6.208,106
5.798,110
5.653,104
5.705,105
5.947,110
6.161,107
6.264,108
6.283,92
5.984,92
6.013,107
6.049,111
6.074,111
6.039,115
5.979,112
6.010,114
6.000,111
6.013,115
5.993,109
5.971,77
5.849,54
5.946,42
5.940,87
5.927,104
5.960,114
5.968,109
5.944,109
5.922,110
5.910,114
5.924,103
5.905,105
5.805,112
5.683,106
5.793,109
5.880,105
5.878,97
5.976,104
6.031,113
6.045,117
6.031,113
5.979,112
5.960,114
5.914,115
5.907,113
5.921,117
5.908,113
5.924,118
5.928,119
5.917,116
5.907,113
5.921,117
5.921,117
5.883,113
5.907,113
5.922,117
5.936,114
5.917,116
5.943,116
5.842,116
5.801,111
5.712,107
5.697,110
5.665,115
5.630,112
5.630,112
5.659,113
5.731,120
5.735,121
5.736,121
5.749,118
5.779,119
5.796,117
5.767,116
5.774,118
5.774,118
5.826,125
5.893,123
5.854,112
5.857,113
5.904,112
5.860,114
5.865,115
5.861,114
5.885,114
5.860,114
5.725,111
5.676,111
5.665,115
5.627,111
5.655,112
5.601,111
5.648,110
5.767,116
5.849,118
5.878,119
5.860,114
5.864,115
5.808,113
5.804,112
5.810,114
5.789,115
5.810,114
5.793,116
5.811,114
5.743,116
5.747,117
5.776,111
5.670,102
5.746,95
5.784,106
5.814,115
5.815,115
5.790,115
5.758,113
5.658,113
5.672,117
5.739,122
5.755,126
5.715,122
5.772,117
5.703,97
5.664,93
5.631,112
5.654,119
5.625,118
5.598,110
5.594,109
5.608,113
5.631,105
5.691,108
6.148,118
6.620,110
5.927,104
6.128,112
6.403,112
6.821,110
7.167,117
7.862,94
7.862,101
7.819,118
7.838,123
7.874,119
6.879,120
6.656,106
6.645,110
6.656,106
5.698,110
5.548,110
5.507,112
5.527,111
5.595,109
5.668,116
6.999,97
7.065,88
7.182,70
7.167,77
7.165,88
7.185,93
7.101,105
7.044,110
7.019,110
7.050,112
7.053,113
6.973,111
7.022,104
7.007,86
7.138,81
7.673,84
7.611,101
7.386,108
7.286,108
7.275,112
7.293,110
7.150,112
7.056,114
7.113,116
7.110,115
7.046,118
7.012,115
6.941,109
6.945,110
6.864,101
6.935,107
7.027,105
7.039,109
6.928,105
6.868,102
6.878,105
6.853,105
6.876,97
6.971,83
7.246,78
7.123,104
7.019,110
7.015,109
7.036,108
7.036,108
7.103,98
7.225,112
7.368,110
7.234,100
7.040,102
7.013,108
7.211,108
7.294,83
7.217,42
18.759,55
18.843,85
18.703,101
7.247,58
7.312,81
7.280,92
7.287,108
7.333,107
7.287,108
7.193,110
7.193,110
7.200,112
7.111,108
7.176,112
7.127,105
7.163,94
7.502,105
8.200,112
8.129,106
8.130,114
8.130,114
8.150,112
7.949,112
7.073,97
6.886,107
6.779,105
6.795,110
6.816,109
6.888,108
6.978,105
7.065,102
7.111,108
7.111,108
7.077,105
7.051,105
6.953,105
6.920,110
6.902,112
6.849,111
6.816,109
6.849,111
6.810,107
6.774,104
6.821,103
6.775,104
6.778,105
6.824,104
6.792,109
6.771,103
6.803,105
6.789,108
6.803,105
6.781,106
6.810,107
6.821,103
6.781,106
6.810,107
6.832,106
6.850,104
6.938,108
6.932,106
6.923,111
6.898,111
6.908,114
6.903,112
6.963,115
7.002,112
7.015,109
7.026,112
7.009,114
7.050,112
7.064,109
7.103,113
7.114,109
7.138,116
7.113,116
7.075,119
7.075,112
7.067,117
7.068,110
7.061,115
7.050,112
7.054,113
7.100,112
7.061,115
7.103,113
7.089,109
7.030,92
7.109,93
7.117,95
7.130,99
7.247,125
7.192,130
7.064,129
6.956,113
6.924,104
6.917,102
6.850,97
6.875,97
6.911,93
6.975,104
7.135,128
7.036,122
7.009,114
7.005,113
7.003,112
7.040,109
7.037,101
7.102,98
7.113,101
7.229,106
7.243,110
7.192,117
7.143,124
7.151,126
7.124,119
7.089,109
7.093,110
7.139,116
7.118,110
7.122,111
7.118,110
7.100,112
7.026,105
7.016,109
6.978,105
6.928,105
6.938,108
6.935,107
6.911,107
6.948,111
6.936,107
6.948,111
6.952,112
6.963,108
6.962,115
7.018,117
6.980,113
6.970,110
6.964,101
6.981,113
7.009,114
7.002,112
7.022,118
7.028,120
7.018,117
7.021,118
7.033,114
7.015,109
6.967,102
7.010,100
6.992,109
6.986,107
7.125,119
7.239,123
7.193,110
7.115,109
6.941,109
7.071,111
7.053,113
6.991,109
6.948,111
6.696,110
6.602,112
6.639,108
6.662,115
6.637,115
6.616,109
6.546,103
6.543,102
6.684,80
6.785,107
6.858,114
6.916,116
6.915,116
6.900,97
6.900,104
6.858,114
6.891,109
6.908,114
6.880,113
6.898,111
6.920,110
6.983,99
6.964,76
6.778,63
6.822,103
6.760,75
14.367,66
14.574,101
6.907,72
6.879,105
6.823,111
6.862,93
6.858,73
6.853,63
6.850,60
6.927,79
7.022,104
12.494,118
6.941,94
6.952,112
7.036,128
6.970,130
6.887,122
6.879,120
6.858,114
6.844,95
6.872,83
6.811,75
6.764,76
6.793,102
6.799,104
6.792,109
6.816,109
6.795,110
6.777,112
6.748,111
6.802,112
6.780,113
6.795,110
6.787,115
6.780,113
6.814,101
6.832,92
6.853,79
6.823,59
14.502,94
14.503,82
6.707,72
6.835,107
6.771,110
6.757,106
6.773,111
6.691,109
6.752,112
6.833,86
6.679,65
6.690,76
6.708,86
6.707,99
6.731,106
6.685,107
6.707,106
6.704,98
6.675,104
6.704,105
6.707,106
6.692,109
6.705,113
6.692,102
6.662,87
6.658,99
6.647,103
6.647,96
6.697,96
6.667,82
6.556,66
6.655,85
6.657,99
6.650,104
6.658,114
6.585,107
6.467,109
6.538,108
6.573,111
6.623,111
6.595,110
6.426,104
6.304,105
6.280,105
6.348,96
6.675,90
6.724,104
6.763,108
6.791,109
6.763,108
6.808,114
6.783,80
6.823,59
6.730,65
6.783,86
6.754,98
6.732,106
6.731,106
6.774,104
6.758,72
6.798,57
6.768,45
6.722,55
6.733,71
6.715,81
6.720,89
6.740,94
6.740,94
6.754,98
6.708,99
6.708,99
6.715,101
6.687,100
6.667,102
6.678,105
6.689,108
6.649,104
6.639,108
6.695,110
6.574,104
6.504,105
6.461,107
6.457,106
6.496,110
6.506,113
6.613,108
6.624,111
6.639,108
6.629,98
6.588,87
6.616,88
6.621,83
6.608,80
6.561,93
6.487,107
6.489,108
6.571,103
6.632,92
6.632,99
6.632,106
6.598,111
6.609,114
6.516,109
6.509,114
6.492,109
6.512,107
6.514,101
6.541,109
6.456,113
6.450,111
6.449,111
6.496,117
6.516,116
6.537,122
6.522,118
6.526,119
6.542,102
6.571,89
6.585,107
6.548,111
6.555,98
6.533,80
6.604,65
6.519,48
6.476,61
6.395,50
6.418,88
6.363,87
6.442,94
6.461,107
6.437,107
6.422,103
6.458,99
6.452,84
6.628,79
6.633,73
6.651,62
6.559,71
6.520,95
6.521,110
6.499,111
6.503,112
6.459,114
6.449,111
6.458,106
6.476,97
6.570,89
6.509,86
6.654,98
6.482,106
6.533,114
6.545,110
6.591,109
6.795,110
6.641,109
6.571,110
6.572,118
6.590,116
6.561,100
6.588,108
6.530,113
6.576,119
6.612,115
6.678,105
6.624,104
6.548,111
6.545,110
6.615,116
6.674,111
6.654,98
6.585,107
6.577,112
6.583,114
6.545,110
6.562,100
6.508,99
6.529,98
6.557,99
6.550,97
6.589,101
6.594,95
6.557,99
6.597,103
6.550,97
6.512,100
6.514,101
6.508,99
6.543,102
6.532,106
6.499,111
6.522,118
6.509,114
6.489,108
6.498,96
6.574,104
6.530,113
6.503,112
6.510,114
6.463,115
6.499,111
6.517,109
6.489,108
6.450,104
6.476,104
6.473,103
6.492,109
6.432,106
6.515,94
7.630,114
6.591,109
6.468,102
6.480,105
6.439,108
6.389,108
6.492,109
6.563,108
6.606,106
6.641,116
6.540,116
6.515,116
6.556,113
6.622,118
6.595,95
6.613,108
6.615,116
6.600,97
6.558,70
6.508,73
6.375,90
6.336,107
6.429,105
6.416,101
6.561,100
6.631,106
6.586,107
6.475,104
6.368,102
6.413,100
6.407,106
6.429,105
6.351,97
6.383,99
6.423,96
6.418,102
6.425,104
6.469,102
6.499,111
6.512,107
6.538,108
6.480,98
6.490,101
6.512,100
6.539,101
6.535,107
6.548,111
6.516,109
6.523,111
6.492,109
6.536,100
6.500,90
6.457,66
6.323,55
6.319,36
6.195,35
6.423,55
6.460,71
6.424,78
6.372,89
6.326,104
6.271,110
6.249,111
6.256,113
6.267,109
6.253,112
6.296,110
6.254,105
6.258,99
6.254,91
6.270,95
6.333,92
6.312,100
6.387,107
6.439,108
6.499,111
6.548,111
6.548,111
6.535,107
6.548,111
6.552,112
6.535,107
6.538,108
6.514,101
6.638,108
6.978,105
6.383,106
6.305,98
6.351,104
6.305,98
6.233,92
6.262,100
6.287,100
6.298,96
6.279,91
6.242,94
6.262,107
6.309,114
6.380,120
6.445,130
6.405,120
6.409,114
6.504,126
6.427,119
6.248,118
6.371,110
6.368,102
6.334,99
6.350,104
6.393,109
6.411,107
6.318,102
6.376,104
6.396,110
6.349,111
6.328,112
6.347,110
6.289,108
6.289,108
6.297,103
6.275,104
6.332,106
6.312,107
6.299,111
6.272,110
6.282,113
6.291,116
6.282,113
6.259,114
6.274,118
6.263,115
6.273,118
6.316,116
6.257,113
6.243,109
6.291,116
6.271,110
6.267,116
6.298,118
6.280,120
6.289,115
6.253,112
6.239,108
6.267,109
6.242,109
6.225,104
6.279,105
6.289,108
6.199,111
6.231,113
6.232,106
6.256,113
6.256,113
6.242,109
6.239,108
6.290,108
6.286,107
6.230,85
6.237,100
6.240,108
6.259,114
6.266,116
6.271,117
6.216,116
6.217,116
6.263,115
6.282,106
6.318,102
6.283,106
6.320,95
6.340,101
6.436,107
6.495,117
7.799,112
6.348,96
6.330,98
6.332,106
6.389,108
6.752,112
7.764,102
6.404,105
6.542,109
7.669,96
7.576,105
7.655,114
7.650,112
7.685,108
7.711,108
7.675,105
7.668,103
7.654,99
6.383,99
6.371,95
6.432,113
6.574,111
9.014,99
8.070,104
7.868,103
7.842,110
7.795,111
7.828,106
7.920,111
8.009,108
7.704,99
7.679,106
7.858,100
6.517,102
6.621,103
7.458,107
7.712,101
7.608,100
6.522,96
6.535,107
6.499,111
6.520,110
6.685,107
7.679,99
7.900,126
7.774,112
7.791,95
7.680,80
6.549,90
6.518,102
6.517,102
6.505,98
6.588,108
6.737,122
9.755,109
9.376,94
9.331,103
8.576,90
8.504,98
8.511,100
8.607,113
8.645,102
8.520,95
8.519,102
8.635,114
7.902,113
7.754,99
7.695,111
7.336,108
7.270,118
7.930,121
8.280,106
8.600,111
9.008,112
9.269,107
9.352,102
8.634,99
8.595,95
8.609,99
8.721,102
8.694,88
8.643,88
8.623,83
8.543,82
8.515,81
8.652,97
8.775,103
8.872,102
7.747,97
7.648,84
7.654,68
7.630,70
7.632,75
7.662,81
7.637,94
7.647,97
7.647,97
7.609,93
7.564,82
7.722,97
7.696,104
7.703,113
7.786,108
7.800,105
7.778,106
7.775,105
7.778,106
7.726,98
7.768,103
7.716,95
7.684,93
7.694,96
7.705,92
7.712,94
7.738,94
7.729,92
7.717,89
7.690,82
7.709,87
7.729,92
7.594,83
7.630,80
7.822,90
7.791,95
7.841,95
7.862,94
7.859,100
7.741,95
7.719,96
7.764,102
7.708,100
7.722,97
7.709,100
7.713,88
7.708,75
7.714,102
10.046,91
-999999999
10.146,105
10.207,108
9.944,105
9.747,114
9.553,101
9.479,102
9.451,101
9.443,106
7.917,117
7.877,113
7.880,114
9.487,104
9.428,102
9.454,102
9.497,107
9.520,114
9.517,113
9.495,114
9.510,111
9.555,109
9.575,115
9.640,119
9.834,117
10.263,117
10.475,113
10.563,117
10.371,112
9.718,98
9.692,91
9.705,88
9.584,89
10.614,89
10.717,83
10.474,98
9.775,100
9.719,113
9.716,112
9.675,107
9.694,113
9.667,105
9.684,110
9.645,106
9.699,107
9.732,102
9.726,100
9.679,94
9.685,103
9.670,99
9.670,106
9.684,110
9.677,108
9.595,106
9.537,104
9.524,100
9.428,102
9.473,100
9.519,99
9.552,101
9.549,100
9.555,102
9.428,102
9.277,102
9.172,101
9.104,96
9.054,96
9.068,100
9.035,105
9.074,102
9.010,98
9.068,100
9.108,97
9.108,97
9.081,104
9.095,108
9.118,107
9.088,106
9.063,106
9.047,101
9.081,104
9.074,102
9.088,106
9.045,108
9.088,106
9.067,107
9.064,106
9.085,105
9.088,106
9.128,110
9.178,110
9.232,118
9.359,118
9.568,113
9.619,113
9.551,108
9.459,96
9.436,97
9.479,102
9.436,97
9.415,105
9.423,100
9.432,103
9.436,90
9.423,87
9.530,102
9.016,107
8.783,120
8.755,119
8.694,109
8.602,97
8.659,99
8.689,100
8.717,101
8.715,93
8.748,89
8.850,83
9.028,89
9.122,101
9.132,104
9.077,110
8.850,103
8.727,104
8.738,107
8.651,104
8.624,96
8.607,98
8.603,97
8.591,94
8.549,96
8.566,94
8.548,96
8.574,96
8.559,92
8.607,98
8.619,102
8.654,112
8.729,119
8.723,117
8.722,117
8.736,121
8.725,118
8.729,119
8.707,120
8.790,128
8.744,123
8.731,126
8.727,125
8.706,126
8.723,124
8.711,121
8.686,121
8.841,122
8.830,119
8.897,123
8.820,123
8.858,126
8.832,126
8.824,124
8.844,129
8.867,128
8.903,131
8.840,128
8.823,130
8.857,132
8.853,131
8.870,129
8.840,134
8.815,128
8.827,131
8.827,131
8.824,130
8.752,125
8.694,123
10.722,112
10.671,112
10.632,108
10.618,111
10.646,112
8.736,121
8.770,123
8.752,125
8.854,125
8.823,130
8.866,128
8.827,131
8.782,126
8.831,132
8.840,128
8.712,114
8.658,106
8.591,101
8.637,107
8.618,109
8.655,112
8.589,108
8.608,106
8.698,110
8.699,110
8.706,112
8.783,120
8.725,118
8.697,117
10.683,101
10.726,106
10.723,105
10.722,112
10.766,110
10.800,113
8.838,121
8.896,123
8.833,126
8.761,127
8.824,124
8.841,122
8.824,124
8.845,123
8.678,119
