"",".id","xbin","zbin","bin.hits","sky.hits","can.hits","lidar.pulses","Freq","hit.count","phi","dee","x.counter","sum.dee","fee","cvr","olai","vai"
"1","1",1,0,0,0,413,413,1,0,1,0,1,6.02586597382531,0,0,8,0
"2","1",1,1,0,0,413,413,1,0,1,0,1,6.02586597382531,0,0,8,0
"3","1",1,2,0,0,413,413,1,0,1,0,1,6.02586597382531,0,0,8,0
"4","1",1,3,270,0,413,413,1,270,0.347826086956522,1.05605267424931,1,6.02586597382531,0.175253262989338,0.653753026634383,8,1.40202610391471
"5","1",1,4,0,0,413,413,1,270,0.347826086956522,0,1,6.02586597382531,0,0,8,0
"6","1",1,5,0,0,413,413,1,270,0.347826086956522,0,1,6.02586597382531,0,0,8,0
"7","1",1,6,4,0,413,413,1,274,0.338164251207729,0.0281708769666962,1,6.02586597382531,0.00467499228974934,0.00968523002421308,8,0.0373999383179947
"8","1",1,7,61,0,413,413,1,335,0.190821256038647,0.572194570142283,1,6.02586597382531,0.0949564050424847,0.147699757869249,8,0.759651240339877
"9","1",1,8,33,0,413,413,1,368,0.111111111111111,0.540806455977927,1,6.02586597382531,0.0897475082132658,0.0799031476997579,8,0.717980065706127
"10","1",1,9,40,0,413,413,1,408,0.0144927536231884,2.03688192726104,1,6.02586597382531,0.338023105078787,0.0968523002421307,8,2.70418484063029
"11","1",1,10,5,0,413,413,1,413,0.00241545893719807,1.79175946922805,1,6.02586597382531,0.297344726386375,0.0121065375302663,8,2.378757811091
"12","1",1,11,0,0,413,413,1,413,0.00241545893719807,0,1,6.02586597382531,0,0,8,0
"13","1",1,12,0,0,413,413,1,413,0.00241545893719807,0,1,6.02586597382531,0,0,8,0
"14","1",1,13,0,0,413,413,1,413,0.00241545893719807,0,1,6.02586597382531,0,0,8,0
"15","1",1,14,0,0,413,413,1,413,0.00241545893719807,0,1,6.02586597382531,0,0,8,0
"16","1",1,15,0,0,413,413,1,413,0.00241545893719807,0,1,6.02586597382531,0,0,8,0
"17","1",1,16,0,0,413,413,1,413,0.00241545893719807,0,1,6.02586597382531,0,0,8,0
"18","1",1,17,0,0,413,413,1,413,0.00241545893719807,0,1,6.02586597382531,0,0,8,0
"19","1",1,18,0,0,413,413,1,413,0.00241545893719807,0,1,6.02586597382531,0,0,8,0
"20","1",1,19,0,0,413,413,1,413,0.00241545893719807,0,1,6.02586597382531,0,0,8,0
"21","1",1,20,0,0,413,413,1,413,0.00241545893719807,0,1,6.02586597382531,0,0,8,0
"22","2",2,0,0,0,412,412,1,0,1,0,1,6.02344759296103,0,0,8,0
"23","2",2,1,0,0,412,412,1,0,1,0,1,6.02344759296103,0,0,8,0
"24","2",2,2,0,0,412,412,1,0,1,0,1,6.02344759296103,0,0,8,0
"25","2",2,3,0,0,412,412,1,0,1,0,1,6.02344759296103,0,0,8,0
"26","2",2,4,0,0,412,412,1,0,1,0,1,6.02344759296103,0,0,8,0
"27","2",2,5,0,0,412,412,1,0,1,0,1,6.02344759296103,0,0,8,0
"28","2",2,6,0,0,412,412,1,0,1,0,1,6.02344759296103,0,0,8,0
"29","2",2,7,108,0,412,412,1,108,0.738498789346247,0.303135816353621,1,6.02344759296103,0.0503259655994789,0.262135922330097,8,0.402607724795831
"30","2",2,8,247,0,412,412,1,355,0.14043583535109,1.65986876606099,1,6.02344759296103,0.275567893709361,0.599514563106796,8,2.20454314967489
"31","2",2,9,32,0,412,412,1,387,0.062953995157385,0.802346472524937,1,6.02344759296103,0.133203860437427,0.0776699029126214,8,1.06563088349942
"32","2",2,10,11,0,412,412,1,398,0.036319612590799,0.550046336919272,1,6.02344759296103,0.0913175267868278,0.0266990291262136,8,0.730540214294622
"33","2",2,11,7,0,412,412,1,405,0.0193704600484262,0.628608659422374,1,6.02344759296103,0.104360277020915,0.0169902912621359,8,0.834882216167316
"34","2",2,12,0,0,412,412,1,405,0.0193704600484262,0,1,6.02344759296103,0,0,8,0
"35","2",2,13,7,0,412,412,1,412,0.00242130750605327,2.07944154167984,1,6.02344759296103,0.345224476445991,0.0169902912621359,8,2.76179581156793
"36","2",2,14,0,0,412,412,1,412,0.00242130750605327,0,1,6.02344759296103,0,0,8,0
"37","2",2,15,0,0,412,412,1,412,0.00242130750605327,0,1,6.02344759296103,0,0,8,0
"38","2",2,16,0,0,412,412,1,412,0.00242130750605327,0,1,6.02344759296103,0,0,8,0
"39","2",2,17,0,0,412,412,1,412,0.00242130750605327,0,1,6.02344759296103,0,0,8,0
"40","2",2,18,0,0,412,412,1,412,0.00242130750605327,0,1,6.02344759296103,0,0,8,0
"41","2",2,19,0,0,412,412,1,412,0.00242130750605327,0,1,6.02344759296103,0,0,8,0
"42","2",2,20,0,0,412,412,1,412,0.00242130750605327,0,1,6.02344759296103,0,0,8,0
"43","3",3,0,0,0,412,412,1,0,1,0,1,6.02344759296103,0,0,8,0
"44","3",3,1,0,0,412,412,1,0,1,0,1,6.02344759296103,0,0,8,0
"45","3",3,2,0,0,412,412,1,0,1,0,1,6.02344759296103,0,0,8,0
"46","3",3,3,0,0,412,412,1,0,1,0,1,6.02344759296103,0,0,8,0
"47","3",3,4,0,0,412,412,1,0,1,0,1,6.02344759296103,0,0,8,0
"48","3",3,5,0,0,412,412,1,0,1,0,1,6.02344759296103,0,0,8,0
"49","3",3,6,31,0,412,412,1,31,0.924939467312349,0.0780269843544576,1,6.02344759296103,0.0129538745295368,0.0752427184466019,8,0.103630996236294
"50","3",3,7,158,0,412,412,1,189,0.542372881355932,0.533774556751535,1,6.02344759296103,0.0886161203386747,0.383495145631068,8,0.708928962709398
"51","3",3,8,145,0,412,412,1,334,0.191283292978208,1.04219819938802,1,6.02344759296103,0.173023535658536,0.351941747572816,8,1.38418828526829
"52","3",3,9,63,0,412,412,1,397,0.0387409200968523,1.59685913022724,1,6.02344759296103,0.265107167545264,0.152912621359223,8,2.12085734036212
"53","3",3,10,0,0,412,412,1,397,0.0387409200968523,0,1,6.02344759296103,0,0,8,0
"54","3",3,11,4,0,412,412,1,401,0.0290556900726392,0.287682072451781,1,6.02344759296103,0.0477603677979974,0.00970873786407767,8,0.382082942383979
"55","3",3,12,1,0,412,412,1,402,0.026634382566586,0.0870113769896299,1,6.02344759296103,0.0144454443484012,0.00242718446601942,8,0.11556355478721
"56","3",3,13,10,0,412,412,1,412,0.00242130750605327,2.39789527279837,1,6.02344759296103,0.398093489781589,0.0242718446601942,8,3.18474791825271
"57","3",3,14,0,0,412,412,1,412,0.00242130750605327,0,1,6.02344759296103,0,0,8,0
"58","3",3,15,0,0,412,412,1,412,0.00242130750605327,0,1,6.02344759296103,0,0,8,0
"59","3",3,16,0,0,412,412,1,412,0.00242130750605327,0,1,6.02344759296103,0,0,8,0
"60","3",3,17,0,0,412,412,1,412,0.00242130750605327,0,1,6.02344759296103,0,0,8,0
"61","3",3,18,0,0,412,412,1,412,0.00242130750605327,0,1,6.02344759296103,0,0,8,0
"62","3",3,19,0,0,412,412,1,412,0.00242130750605327,0,1,6.02344759296103,0,0,8,0
"63","3",3,20,0,0,412,412,1,412,0.00242130750605327,0,1,6.02344759296103,0,0,8,0
"64","4",4,0,0,0,412,412,1,0,1,0,1,6.02344759296103,0,0,8,0
"65","4",4,1,0,0,412,412,1,0,1,0,1,6.02344759296103,0,0,8,0
"66","4",4,2,0,0,412,412,1,0,1,0,1,6.02344759296103,0,0,8,0
"67","4",4,3,0,0,412,412,1,0,1,0,1,6.02344759296103,0,0,8,0
"68","4",4,4,0,0,412,412,1,0,1,0,1,6.02344759296103,0,0,8,0
"69","4",4,5,0,0,412,412,1,0,1,0,1,6.02344759296103,0,0,8,0
"70","4",4,6,91,0,412,412,1,91,0.779661016949153,0.248896047416624,1,6.02344759296103,0.0413211941459378,0.220873786407767,8,0.330569553167502
"71","4",4,7,0,0,412,412,1,91,0.779661016949153,0,1,6.02344759296103,0,0,8,0
"72","4",4,8,277,0,412,412,1,368,0.108958837772397,1.96788905577409,1,6.02344759296103,0.32670476922116,0.672330097087379,8,2.61363815376928
"73","4",4,9,24,0,412,412,1,392,0.0508474576271186,0.762140052046897,1,6.02344759296103,0.126528875745101,0.058252427184466,8,1.01223100596081
"74","4",4,10,0,0,412,412,1,392,0.0508474576271186,0,1,6.02344759296103,0,0,8,0
"75","4",4,11,0,0,412,412,1,392,0.0508474576271186,0,1,6.02344759296103,0,0,8,0
"76","4",4,12,1,0,412,412,1,393,0.0484261501210654,0.048790164169432,1,6.02344759296103,0.00810003962289768,0.00242718446601942,8,0.0648003169831815
"77","4",4,13,8,0,412,412,1,401,0.0290556900726392,0.510825623765991,1,6.02344759296103,0.0848061871349123,0.0194174757281553,8,0.678449497079299
"78","4",4,14,4,0,412,412,1,405,0.0193704600484262,0.405465108108164,1,6.02344759296103,0.0673144576839996,0.00970873786407767,8,0.538515661471996
"79","4",4,15,7,0,412,412,1,412,0.00242130750605327,2.07944154167984,1,6.02344759296103,0.345224476445991,0.0169902912621359,8,2.76179581156793
"80","4",4,16,0,0,412,412,1,412,0.00242130750605327,0,1,6.02344759296103,0,0,8,0
"81","4",4,17,0,0,412,412,1,412,0.00242130750605327,0,1,6.02344759296103,0,0,8,0
"82","4",4,18,0,0,412,412,1,412,0.00242130750605327,0,1,6.02344759296103,0,0,8,0
"83","4",4,19,0,0,412,412,1,412,0.00242130750605327,0,1,6.02344759296103,0,0,8,0
"84","4",4,20,0,0,412,412,1,412,0.00242130750605327,0,1,6.02344759296103,0,0,8,0
"85","5",5,0,0,0,412,412,1,0,1,0,1,6.02344759296103,0,0,8,0
"86","5",5,1,0,0,412,412,1,0,1,0,1,6.02344759296103,0,0,8,0
"87","5",5,2,0,0,412,412,1,0,1,0,1,6.02344759296103,0,0,8,0
"88","5",5,3,0,0,412,412,1,0,1,0,1,6.02344759296103,0,0,8,0
"89","5",5,4,82,0,412,412,1,82,0.801452784503632,0.22132921758397,1,6.02344759296103,0.03674460749731,0.199029126213592,8,0.29395685997848
"90","5",5,5,53,0,412,412,1,135,0.673123486682809,0.174497261686426,1,6.02344759296103,0.0289696654604154,0.128640776699029,8,0.231757323683324
"91","5",5,6,0,0,412,412,1,135,0.673123486682809,0,1,6.02344759296103,0,0,8,0
"92","5",5,7,73,0,412,412,1,208,0.49636803874092,0.304611134552229,1,6.02344759296103,0.0505708947992169,0.177184466019417,8,0.404567158393736
"93","5",5,8,45,0,412,412,1,253,0.387409200968523,0.247836163904581,1,6.02344759296103,0.0411452345321641,0.109223300970874,8,0.329161876257313
"94","5",5,9,14,0,412,412,1,267,0.353510895883777,0.0915671935254904,1,6.02344759296103,0.0152017913515999,0.0339805825242718,8,0.121614330812799
"95","5",5,10,19,0,412,412,1,286,0.307506053268765,0.139419535249745,1,6.02344759296103,0.0231461356802822,0.0461165048543689,8,0.185169085442258
"96","5",5,11,118,0,412,412,1,404,0.0217917675544794,2.64696250912237,1,6.02344759296103,0.439443104347018,0.286407766990291,8,3.51554483477615
"97","5",5,12,0,0,412,412,1,404,0.0217917675544794,0,1,6.02344759296103,0,0,8,0
"98","5",5,13,0,0,412,412,1,404,0.0217917675544794,0,1,6.02344759296103,0,0,8,0
"99","5",5,14,7,0,412,412,1,411,0.00484261501210654,1.50407739677627,1,6.02344759296103,0.249703740849996,0.0169902912621359,8,1.99762992679997
"100","5",5,15,1,0,412,412,1,412,0.00242130750605327,0.693147180559945,1,6.02344759296103,0.115074825481997,0.00242718446601942,8,0.920598603855975
"101","5",5,16,0,0,412,412,1,412,0.00242130750605327,0,1,6.02344759296103,0,0,8,0
"102","5",5,17,0,0,412,412,1,412,0.00242130750605327,0,1,6.02344759296103,0,0,8,0
"103","5",5,18,0,0,412,412,1,412,0.00242130750605327,0,1,6.02344759296103,0,0,8,0
"104","5",5,19,0,0,412,412,1,412,0.00242130750605327,0,1,6.02344759296103,0,0,8,0
"105","5",5,20,0,0,412,412,1,412,0.00242130750605327,0,1,6.02344759296103,0,0,8,0
"106","6",6,0,0,0,412,412,1,0,1,0,1,6.02344759296103,0,0,8,0
"107","6",6,1,0,0,412,412,1,0,1,0,1,6.02344759296103,0,0,8,0
"108","6",6,2,0,0,412,412,1,0,1,0,1,6.02344759296103,0,0,8,0
"109","6",6,3,0,0,412,412,1,0,1,0,1,6.02344759296103,0,0,8,0
"110","6",6,4,82,0,412,412,1,82,0.801452784503632,0.22132921758397,1,6.02344759296103,0.03674460749731,0.199029126213592,8,0.29395685997848
"111","6",6,5,294,0,412,412,1,376,0.0895883777239709,2.19120046273284,1,6.02344759296103,0.363778455596337,0.713592233009709,8,2.9102276447707
"112","6",6,6,3,0,412,412,1,379,0.0823244552058111,0.0845573880280632,1,6.02344759296103,0.0140380383033259,0.00728155339805825,8,0.112304306426607
"113","6",6,7,17,0,412,412,1,396,0.0411622276029056,0.693147180559945,1,6.02344759296103,0.115074825481997,0.0412621359223301,8,0.920598603855975
"114","6",6,8,0,0,412,412,1,396,0.0411622276029056,0,1,6.02344759296103,0,0,8,0
"115","6",6,9,16,0,412,412,1,412,0.00242130750605327,2.83321334405622,1,6.02344759296103,0.47036407312103,0.0388349514563107,8,3.76291258496824
"116","6",6,10,0,0,412,412,1,412,0.00242130750605327,0,1,6.02344759296103,0,0,8,0
"117","6",6,11,0,0,412,412,1,412,0.00242130750605327,0,1,6.02344759296103,0,0,8,0
"118","6",6,12,0,0,412,412,1,412,0.00242130750605327,0,1,6.02344759296103,0,0,8,0
"119","6",6,13,0,0,412,412,1,412,0.00242130750605327,0,1,6.02344759296103,0,0,8,0
"120","6",6,14,0,0,412,412,1,412,0.00242130750605327,0,1,6.02344759296103,0,0,8,0
"121","6",6,15,0,0,412,412,1,412,0.00242130750605327,0,1,6.02344759296103,0,0,8,0
"122","6",6,16,0,0,412,412,1,412,0.00242130750605327,0,1,6.02344759296103,0,0,8,0
"123","6",6,17,0,0,412,412,1,412,0.00242130750605327,0,1,6.02344759296103,0,0,8,0
"124","6",6,18,0,0,412,412,1,412,0.00242130750605327,0,1,6.02344759296103,0,0,8,0
"125","6",6,19,0,0,412,412,1,412,0.00242130750605327,0,1,6.02344759296103,0,0,8,0
"126","6",6,20,0,0,412,412,1,412,0.00242130750605327,0,1,6.02344759296103,0,0,8,0
"127","7",7,0,0,0,412,412,1,0,1,0,1,6.02344759296103,0,0,8,0
"128","7",7,1,0,0,412,412,1,0,1,0,1,6.02344759296103,0,0,8,0
"129","7",7,2,0,0,412,412,1,0,1,0,1,6.02344759296103,0,0,8,0
"130","7",7,3,121,0,412,412,1,121,0.707021791767555,0.346693790692751,1,6.02344759296103,0.0575573681587096,0.293689320388349,8,0.460458945269676
"131","7",7,4,49,0,412,412,1,170,0.588377723970944,0.183692358927733,1,6.02344759296103,0.0304962160113081,0.118932038834951,8,0.243969728090465
"132","7",7,5,134,0,412,412,1,304,0.263922518159806,0.801713561111405,1,6.02344759296103,0.13309878582629,0.325242718446602,8,1.06479028661032
"133","7",7,6,95,0,412,412,1,399,0.0338983050847458,2.05229055261389,1,6.02344759296103,0.340716926799891,0.230582524271845,8,2.72573541439913
"134","7",7,7,13,0,412,412,1,412,0.00242130750605327,2.63905732961526,1,6.02344759296103,0.438130703203801,0.0315533980582524,8,3.50504562563041
"135","7",7,8,0,0,412,412,1,412,0.00242130750605327,0,1,6.02344759296103,0,0,8,0
"136","7",7,9,0,0,412,412,1,412,0.00242130750605327,0,1,6.02344759296103,0,0,8,0
"137","7",7,10,0,0,412,412,1,412,0.00242130750605327,0,1,6.02344759296103,0,0,8,0
"138","7",7,11,0,0,412,412,1,412,0.00242130750605327,0,1,6.02344759296103,0,0,8,0
"139","7",7,12,0,0,412,412,1,412,0.00242130750605327,0,1,6.02344759296103,0,0,8,0
"140","7",7,13,0,0,412,412,1,412,0.00242130750605327,0,1,6.02344759296103,0,0,8,0
"141","7",7,14,0,0,412,412,1,412,0.00242130750605327,0,1,6.02344759296103,0,0,8,0
"142","7",7,15,0,0,412,412,1,412,0.00242130750605327,0,1,6.02344759296103,0,0,8,0
"143","7",7,16,0,0,412,412,1,412,0.00242130750605327,0,1,6.02344759296103,0,0,8,0
"144","7",7,17,0,0,412,412,1,412,0.00242130750605327,0,1,6.02344759296103,0,0,8,0
"145","7",7,18,0,0,412,412,1,412,0.00242130750605327,0,1,6.02344759296103,0,0,8,0
"146","7",7,19,0,0,412,412,1,412,0.00242130750605327,0,1,6.02344759296103,0,0,8,0
"147","7",7,20,0,0,412,412,1,412,0.00242130750605327,0,1,6.02344759296103,0,0,8,0
"148","8",8,0,0,0,412,412,1,0,1,0,1,6.02344759296103,0,0,8,0
"149","8",8,1,0,0,412,412,1,0,1,0,1,6.02344759296103,0,0,8,0
"150","8",8,2,0,0,412,412,1,0,1,0,1,6.02344759296103,0,0,8,0
"151","8",8,3,10,0,412,412,1,10,0.975786924939467,0.0245110310143498,1,6.02344759296103,0.00406926940694117,0.0242718446601942,8,0.0325541552555294
"152","8",8,4,7,0,412,412,1,17,0.958837772397094,0.0175223506922025,1,6.02344759296103,0.0029090235154829,0.0169902912621359,8,0.0232721881238632
"153","8",8,5,224,0,412,412,1,241,0.416464891041162,0.833919734441028,1,6.02344759296103,0.138445586447127,0.543689320388349,8,1.10756469157702
"154","8",8,6,114,0,412,412,1,355,0.14043583535109,1.08705146626703,1,6.02344759296103,0.180469979939289,0.276699029126214,8,1.44375983951431
"155","8",8,7,0,0,412,412,1,355,0.14043583535109,0,1,6.02344759296103,0,0,8,0
"156","8",8,8,12,0,412,412,1,367,0.11138014527845,0.231801614057324,1,6.02344759296103,0.0384832125589017,0.029126213592233,8,0.307865700471214
"157","8",8,9,40,0,412,412,1,407,0.0145278450363196,2.03688192726104,1,6.02344759296103,0.338158819484265,0.0970873786407767,8,2.70527055587412
"158","8",8,10,0,0,412,412,1,407,0.0145278450363196,0,1,6.02344759296103,0,0,8,0
"159","8",8,11,5,0,412,412,1,412,0.00242130750605327,1.79175946922805,1,6.02344759296103,0.297464108647993,0.0121359223300971,8,2.37971286918395
"160","8",8,12,0,0,412,412,1,412,0.00242130750605327,0,1,6.02344759296103,0,0,8,0
"161","8",8,13,0,0,412,412,1,412,0.00242130750605327,0,1,6.02344759296103,0,0,8,0
"162","8",8,14,0,0,412,412,1,412,0.00242130750605327,0,1,6.02344759296103,0,0,8,0
"163","8",8,15,0,0,412,412,1,412,0.00242130750605327,0,1,6.02344759296103,0,0,8,0
"164","8",8,16,0,0,412,412,1,412,0.00242130750605327,0,1,6.02344759296103,0,0,8,0
"165","8",8,17,0,0,412,412,1,412,0.00242130750605327,0,1,6.02344759296103,0,0,8,0
"166","8",8,18,0,0,412,412,1,412,0.00242130750605327,0,1,6.02344759296103,0,0,8,0
"167","8",8,19,0,0,412,412,1,412,0.00242130750605327,0,1,6.02344759296103,0,0,8,0
"168","8",8,20,0,0,412,412,1,412,0.00242130750605327,0,1,6.02344759296103,0,0,8,0
"169","9",9,0,0,0,402,412,1,0,1,0,1,5.99645208861902,0,0,6.33337672340644,0
"170","9",9,1,0,0,402,412,1,0,1,0,1,5.99645208861902,0,0,6.33337672340644,0
"171","9",9,2,0,0,402,412,1,0,1,0,1,5.99645208861902,0,0,6.33337672340644,0
"172","9",9,3,15,10,402,412,1,15,0.962686567164179,0.0380273955892393,1,5.99645208861902,0.00634164919976823,0.0373134328358209,6.33337672340644,0.236320026992778
"173","9",9,4,2,10,402,412,1,17,0.95771144278607,0.00518135874199758,1,5.99645208861902,0.00086407073139658,0.00497512437810945,6.33337672340644,0.0315093369323704
"174","9",9,5,0,0,402,412,1,17,0.95771144278607,0,1,5.99645208861902,0,0,6.33337672340644,0
"175","9",9,6,67,10,402,412,1,84,0.791044776119403,0.191191951507607,1,5.99645208861902,0.0318841789581677,0.166666666666667,6.33337672340644,1.05556278723441
"176","9",9,7,4,10,402,412,1,88,0.781094527363184,0.0126583968719235,1,5.99645208861902,0.00211098107428366,0.00995024875621891,6.33337672340644,0.0630186738647407
"177","9",9,8,116,10,402,412,1,204,0.492537313432836,0.461125955213718,1,5.99645208861902,0.0768997981471266,0.288557213930348,6.33337672340644,1.82754154207748
"178","9",9,9,9,10,402,412,1,213,0.470149253731343,0.0465200156348927,1,5.99645208861902,0.00775792334323582,0.0223880597014925,6.33337672340644,0.141792016195667
"179","9",9,10,0,0,402,412,1,213,0.470149253731343,0,1,5.99645208861902,0,0,6.33337672340644,0
"180","9",9,11,20,10,402,412,1,233,0.420398009950249,0.111848300136569,1,5.99645208861902,0.0186524128740813,0.0497512437810945,6.33337672340644,0.315093369323704
"181","9",9,12,150,10,402,412,1,383,0.0472636815920398,2.18545973575663,1,5.99645208861902,0.364458800547165,0.373134328358209,6.33337672340644,2.36320026992778
"182","9",9,13,3,10,402,412,1,386,0.0398009950248756,0.171850256926659,1,5.99645208861902,0.028658655883005,0.00746268656716418,6.33337672340644,0.0472640053985556
"183","9",9,14,7,10,402,412,1,393,0.0223880597014925,0.575364144903562,1,5.99645208861902,0.0959507616171195,0.0174129353233831,6.33337672340644,0.110282679263296
"184","9",9,15,4,10,402,412,1,397,0.0124378109452736,0.587786664902119,1,5.99645208861902,0.0980224066190256,0.00995024875621891,6.33337672340644,0.0630186738647407
"185","9",9,16,0,0,402,412,1,397,0.0124378109452736,0,1,5.99645208861902,0,0,6.33337672340644,0
"186","9",9,17,4,10,402,412,1,401,0.00248756218905473,1.6094379124341,1,5.99645208861902,0.268398361005625,0.00995024875621891,6.33337672340644,0.0630186738647407
"187","9",9,18,1,10,402,412,1,402,0,0,1,5.99645208861902,0,0.00248756218905473,6.33337672340644,0.0157546684661852
"188","9",9,19,0,0,402,412,1,402,0,0,1,5.99645208861902,0,0,6.33337672340644,0
"189","9",9,20,0,0,402,412,1,402,0,0,1,5.99645208861902,0,0,6.33337672340644,0
"190","10",10,0,0,0,410,412,1,0,1,0,1,5.32300997913841,0,0,7.53748262041118,0
"191","10",10,1,0,0,410,412,1,0,1,0,1,5.32300997913841,0,0,7.53748262041118,0
"192","10",10,2,0,0,410,412,1,0,1,0,1,5.32300997913841,0,0,7.53748262041118,0
"193","10",10,3,17,2,410,412,1,17,0.958536585365854,0.0423475478290924,1,5.32300997913841,0.00795556423810177,0.0414634146341463,7.53748262041118,0.312529767187781
"194","10",10,4,3,2,410,412,1,20,0.951219512195122,0.0076628727455691,1,5.32300997913841,0.00143957512302267,0.00731707317073171,7.53748262041118,0.0551523118566672
"195","10",10,5,19,2,410,412,1,39,0.904878048780488,0.0499446765162569,1,5.32300997913841,0.00938278844338011,0.0463414634146341,7.53748262041118,0.349297975092225
"196","10",10,6,0,0,410,412,1,39,0.904878048780488,0,1,5.32300997913841,0,0,7.53748262041118,0
"197","10",10,7,0,0,410,412,1,39,0.904878048780488,0,1,5.32300997913841,0,0,7.53748262041118,0
"198","10",10,8,0,0,410,412,1,39,0.904878048780488,0,1,5.32300997913841,0,0,7.53748262041118,0
"199","10",10,9,0,0,410,412,1,39,0.904878048780488,0,1,5.32300997913841,0,0,7.53748262041118,0
"200","10",10,10,0,0,410,412,1,39,0.904878048780488,0,1,5.32300997913841,0,0,7.53748262041118,0
"201","10",10,11,73,2,410,412,1,112,0.726829268292683,0.219108576102031,1,5.32300997913841,0.0411625334088696,0.178048780487805,7.53748262041118,1.34203958851223
"202","10",10,12,6,2,410,412,1,118,0.712195121951219,0.0203396842371228,1,5.32300997913841,0.00382108700093307,0.0146341463414634,7.53748262041118,0.110304623713334
"203","10",10,13,19,2,410,412,1,137,0.665853658536585,0.067282007083322,1,5.32300997913841,0.0126398423724564,0.0463414634146341,7.53748262041118,0.349297975092225
"204","10",10,14,251,2,410,412,1,388,0.0536585365853659,2.51842934182664,1,5.32300997913841,0.473121288837839,0.61219512195122,7.53748262041118,4.61441009200782
"205","10",10,15,2,2,410,412,1,390,0.0487804878048781,0.0953101798043247,1,5.32300997913841,0.0179053167621061,0.0048780487804878,7.53748262041118,0.0367682079044448
"206","10",10,16,2,2,410,412,1,392,0.0439024390243902,0.105360515657826,1,5.32300997913841,0.019793409381299,0.0048780487804878,7.53748262041118,0.0367682079044448
"207","10",10,17,16,2,410,412,1,408,0.0048780487804878,2.19722457733622,1,5.32300997913841,0.412778594431992,0.0390243902439024,7.53748262041118,0.294145663235558
"208","10",10,18,2,2,410,412,1,410,0,0,1,5.32300997913841,0,0.0048780487804878,7.53748262041118,0.0367682079044448
"209","10",10,19,0,0,410,412,1,410,0,0,1,5.32300997913841,0,0,7.53748262041118,0
"210","10",10,20,0,0,410,412,1,410,0,0,1,5.32300997913841,0,0,7.53748262041118,0
"211","11",11,0,0,0,456,456,1,0,1,0,1,6.12468339089421,0,0,8,0
"212","11",11,1,0,0,456,456,1,0,1,0,1,6.12468339089421,0,0,8,0
"213","11",11,2,0,0,456,456,1,0,1,0,1,6.12468339089421,0,0,8,0
"214","11",11,3,51,0,456,456,1,51,0.888402625820569,0.118330231292472,1,6.12468339089421,0.0193202201224635,0.111842105263158,8,0.154561760979708
"215","11",11,4,316,0,456,456,1,367,0.196936542669584,1.50654348927147,1,6.12468339089421,0.245978998932631,0.692982456140351,8,1.96783199146105
"216","11",11,5,16,0,456,456,1,383,0.161925601750547,0.195744577126095,1,6.12468339089421,0.0319599503571264,0.0350877192982456,8,0.255679602857011
"217","11",11,6,35,0,456,456,1,418,0.0853391684901532,0.640503447074523,1,6.12468339089421,0.104577397098891,0.0767543859649123,8,0.836619176791125
"218","11",11,7,7,0,456,456,1,425,0.0700218818380744,0.19782574332992,1,6.12468339089421,0.0322997501591731,0.0153508771929825,8,0.258398001273385
"219","11",11,8,31,0,456,456,1,456,0.00218818380743982,3.46573590279973,1,6.12468339089421,0.565863683329715,0.0679824561403509,8,4.52690946663772
"220","11",11,9,0,0,456,456,1,456,0.00218818380743982,0,1,6.12468339089421,0,0,8,0
"221","11",11,10,0,0,456,456,1,456,0.00218818380743982,0,1,6.12468339089421,0,0,8,0
"222","11",11,11,0,0,456,456,1,456,0.00218818380743982,0,1,6.12468339089421,0,0,8,0
"223","11",11,12,0,0,456,456,1,456,0.00218818380743982,0,1,6.12468339089421,0,0,8,0
"224","11",11,13,0,0,456,456,1,456,0.00218818380743982,0,1,6.12468339089421,0,0,8,0
"225","11",11,14,0,0,456,456,1,456,0.00218818380743982,0,1,6.12468339089421,0,0,8,0
"226","11",11,15,0,0,456,456,1,456,0.00218818380743982,0,1,6.12468339089421,0,0,8,0
"227","11",11,16,0,0,456,456,1,456,0.00218818380743982,0,1,6.12468339089421,0,0,8,0
"228","11",11,17,0,0,456,456,1,456,0.00218818380743982,0,1,6.12468339089421,0,0,8,0
"229","11",11,18,0,0,456,456,1,456,0.00218818380743982,0,1,6.12468339089421,0,0,8,0
"230","11",11,19,0,0,456,456,1,456,0.00218818380743982,0,1,6.12468339089421,0,0,8,0
"231","11",11,20,0,0,456,456,1,456,0.00218818380743982,0,1,6.12468339089421,0,0,8,0
"232","12",12,0,0,0,456,456,1,0,1,0,1,6.1246833908942,0,0,8,0
"233","12",12,1,0,0,456,456,1,0,1,0,1,6.1246833908942,0,0,8,0
"234","12",12,2,0,0,456,456,1,0,1,0,1,6.1246833908942,0,0,8,0
"235","12",12,3,10,0,456,456,1,10,0.978118161925602,0.0221247962806358,1,6.1246833908942,0.0036123983671596,0.0219298245614035,8,0.0288991869372768
"236","12",12,4,0,0,456,456,1,10,0.978118161925602,0,1,6.1246833908942,0,0,8,0
"237","12",12,5,244,0,456,456,1,254,0.444201312910284,0.789352615571781,1,6.1246833908942,0.128880558421247,0.535087719298246,8,1.03104446736998
"238","12",12,6,21,0,456,456,1,275,0.398249452954048,0.109199291964992,1,6.1246833908942,0.0178293774544073,0.0460526315789474,8,0.142635019635258
"239","12",12,7,118,0,456,456,1,393,0.140043763676149,1.04512360371712,1,6.1246833908942,0.170641245761527,0.258771929824561,8,1.36512996609222
"240","12",12,8,54,0,456,456,1,447,0.0218818380743982,1.85629799036563,1,6.1246833908942,0.303084726489773,0.118421052631579,8,2.42467781191819
"241","12",12,9,8,0,456,456,1,455,0.00437636761487965,1.6094379124341,1,6.1246833908942,0.262778956839942,0.0175438596491228,8,2.10223165471954
"242","12",12,10,0,0,456,456,1,455,0.00437636761487965,0,1,6.1246833908942,0,0,8,0
"243","12",12,11,0,0,456,456,1,455,0.00437636761487965,0,1,6.1246833908942,0,0,8,0
"244","12",12,12,0,0,456,456,1,455,0.00437636761487965,0,1,6.1246833908942,0,0,8,0
"245","12",12,13,0,0,456,456,1,455,0.00437636761487965,0,1,6.1246833908942,0,0,8,0
"246","12",12,14,0,0,456,456,1,455,0.00437636761487965,0,1,6.1246833908942,0,0,8,0
"247","12",12,15,0,0,456,456,1,455,0.00437636761487965,0,1,6.1246833908942,0,0,8,0
"248","12",12,16,0,0,456,456,1,455,0.00437636761487965,0,1,6.1246833908942,0,0,8,0
"249","12",12,17,0,0,456,456,1,455,0.00437636761487965,0,1,6.1246833908942,0,0,8,0
"250","12",12,18,1,0,456,456,1,456,0.00218818380743982,0.693147180559945,1,6.1246833908942,0.113172736665943,0.00219298245614035,8,0.905381893327545
"251","12",12,19,0,0,456,456,1,456,0.00218818380743982,0,1,6.1246833908942,0,0,8,0
"252","12",12,20,0,0,456,456,1,456,0.00218818380743982,0,1,6.1246833908942,0,0,8,0
"253","13",13,0,0,0,455,455,1,0,1,0,1,6.12249280951439,0,0,8,0
"254","13",13,1,0,0,455,455,1,0,1,0,1,6.12249280951439,0,0,8,0
"255","13",13,2,0,0,455,455,1,0,1,0,1,6.12249280951439,0,0,8,0
"256","13",13,3,123,0,455,455,1,123,0.730263157894737,0.314350319533942,1,6.12249280951439,0.051343517961416,0.27032967032967,8,0.410748143691328
"257","13",13,4,55,0,455,455,1,178,0.609649122807018,0.180521376289807,1,6.12249280951439,0.0294849470479207,0.120879120879121,8,0.235879576383365
"258","13",13,5,79,0,455,455,1,257,0.43640350877193,0.334316288966145,1,6.12249280951439,0.0546046029562689,0.173626373626374,8,0.436836823650152
"259","13",13,6,1,0,455,455,1,258,0.434210526315789,0.00503779402995708,1,6.12249280951439,0.000822833800985168,0.0021978021978022,8,0.00658267040788134
"260","13",13,7,64,0,455,455,1,322,0.293859649122807,0.390427230743624,1,6.12249280951439,0.0637693245040481,0.140659340659341,8,0.510154596032384
"261","13",13,8,130,0,455,455,1,452,0.0087719298245614,3.51154543883102,1,6.12249280951439,0.573548315707952,0.285714285714286,8,4.58838652566361
"262","13",13,9,0,0,455,455,1,452,0.0087719298245614,0,1,6.12249280951439,0,0,8,0
"263","13",13,10,0,0,455,455,1,452,0.0087719298245614,0,1,6.12249280951439,0,0,8,0
"264","13",13,11,0,0,455,455,1,452,0.0087719298245614,0,1,6.12249280951439,0,0,8,0
"265","13",13,12,0,0,455,455,1,452,0.0087719298245614,0,1,6.12249280951439,0,0,8,0
"266","13",13,13,0,0,455,455,1,452,0.0087719298245614,0,1,6.12249280951439,0,0,8,0
"267","13",13,14,3,0,455,455,1,455,0.00219298245614035,1.38629436111989,1,6.12249280951439,0.22642645802141,0.00659340659340659,8,1.81141166417128
"268","13",13,15,0,0,455,455,1,455,0.00219298245614035,0,1,6.12249280951439,0,0,8,0
"269","13",13,16,0,0,455,455,1,455,0.00219298245614035,0,1,6.12249280951439,0,0,8,0
"270","13",13,17,0,0,455,455,1,455,0.00219298245614035,0,1,6.12249280951439,0,0,8,0
"271","13",13,18,0,0,455,455,1,455,0.00219298245614035,0,1,6.12249280951439,0,0,8,0
"272","13",13,19,0,0,455,455,1,455,0.00219298245614035,0,1,6.12249280951439,0,0,8,0
"273","13",13,20,0,0,455,455,1,455,0.00219298245614035,0,1,6.12249280951439,0,0,8,0
"274","14",14,0,0,0,456,456,1,0,1,0,1,6.12468339089421,0,0,8,0
"275","14",14,1,0,0,456,456,1,0,1,0,1,6.12468339089421,0,0,8,0
"276","14",14,2,0,0,456,456,1,0,1,0,1,6.12468339089421,0,0,8,0
"277","14",14,3,147,0,456,456,1,147,0.678336980306346,0.388111093415013,1,6.12468339089421,0.0633683520673137,0.322368421052632,8,0.50694681653851
"278","14",14,4,126,0,456,456,1,273,0.402625820568928,0.521636539870206,1,6.12468339089421,0.0851695518899381,0.276315789473684,8,0.681356415119505
"279","14",14,5,88,0,456,456,1,361,0.210065645514223,0.65058756614115,1,6.12468339089421,0.106223868993523,0.192982456140351,8,0.84979095194818
"280","14",14,6,53,0,456,456,1,414,0.0940919037199125,0.803148075774274,1,6.12468339089421,0.131132994885637,0.116228070175439,8,1.04906395908509
"281","14",14,7,42,0,456,456,1,456,0.00218818380743982,3.76120011569356,1,6.12468339089421,0.614105232163589,0.0921052631578947,8,4.91284185730871
"282","14",14,8,0,0,456,456,1,456,0.00218818380743982,0,1,6.12468339089421,0,0,8,0
"283","14",14,9,0,0,456,456,1,456,0.00218818380743982,0,1,6.12468339089421,0,0,8,0
"284","14",14,10,0,0,456,456,1,456,0.00218818380743982,0,1,6.12468339089421,0,0,8,0
"285","14",14,11,0,0,456,456,1,456,0.00218818380743982,0,1,6.12468339089421,0,0,8,0
"286","14",14,12,0,0,456,456,1,456,0.00218818380743982,0,1,6.12468339089421,0,0,8,0
"287","14",14,13,0,0,456,456,1,456,0.00218818380743982,0,1,6.12468339089421,0,0,8,0
"288","14",14,14,0,0,456,456,1,456,0.00218818380743982,0,1,6.12468339089421,0,0,8,0
"289","14",14,15,0,0,456,456,1,456,0.00218818380743982,0,1,6.12468339089421,0,0,8,0
"290","14",14,16,0,0,456,456,1,456,0.00218818380743982,0,1,6.12468339089421,0,0,8,0
"291","14",14,17,0,0,456,456,1,456,0.00218818380743982,0,1,6.12468339089421,0,0,8,0
"292","14",14,18,0,0,456,456,1,456,0.00218818380743982,0,1,6.12468339089421,0,0,8,0
"293","14",14,19,0,0,456,456,1,456,0.00218818380743982,0,1,6.12468339089421,0,0,8,0
"294","14",14,20,0,0,456,456,1,456,0.00218818380743982,0,1,6.12468339089421,0,0,8,0
"295","15",15,0,0,0,456,456,1,0,1,0,1,6.1246833908942,0,0,8,0
"296","15",15,1,0,0,456,456,1,0,1,0,1,6.1246833908942,0,0,8,0
"297","15",15,2,0,0,456,456,1,0,1,0,1,6.1246833908942,0,0,8,0
"298","15",15,3,0,0,456,456,1,0,1,0,1,6.1246833908942,0,0,8,0
"299","15",15,4,35,0,456,456,1,35,0.923413566739606,0.0796780768581928,1,6.1246833908942,0.0130093380788717,0.0767543859649123,8,0.104074704630973
"300","15",15,5,203,0,456,456,1,238,0.479212253829322,0.655933584219511,1,6.1246833908942,0.107096733391103,0.445175438596491,8,0.856773867128821
"301","15",15,6,117,0,456,456,1,355,0.223194748358862,0.76409891653223,1,6.1246833908942,0.12475729237992,0.256578947368421,8,0.998058339039362
"302","15",15,7,84,0,456,456,1,439,0.0393873085339169,1.73460105538811,1,6.1246833908942,0.283214812045142,0.184210526315789,8,2.26571849636114
"303","15",15,8,17,0,456,456,1,456,0.00218818380743982,2.89037175789616,1,6.1246833908942,0.471921824104963,0.037280701754386,8,3.77537459283971
"304","15",15,9,0,0,456,456,1,456,0.00218818380743982,0,1,6.1246833908942,0,0,8,0
"305","15",15,10,0,0,456,456,1,456,0.00218818380743982,0,1,6.1246833908942,0,0,8,0
"306","15",15,11,0,0,456,456,1,456,0.00218818380743982,0,1,6.1246833908942,0,0,8,0
"307","15",15,12,0,0,456,456,1,456,0.00218818380743982,0,1,6.1246833908942,0,0,8,0
"308","15",15,13,0,0,456,456,1,456,0.00218818380743982,0,1,6.1246833908942,0,0,8,0
"309","15",15,14,0,0,456,456,1,456,0.00218818380743982,0,1,6.1246833908942,0,0,8,0
"310","15",15,15,0,0,456,456,1,456,0.00218818380743982,0,1,6.1246833908942,0,0,8,0
"311","15",15,16,0,0,456,456,1,456,0.00218818380743982,0,1,6.1246833908942,0,0,8,0
"312","15",15,17,0,0,456,456,1,456,0.00218818380743982,0,1,6.1246833908942,0,0,8,0
"313","15",15,18,0,0,456,456,1,456,0.00218818380743982,0,1,6.1246833908942,0,0,8,0
"314","15",15,19,0,0,456,456,1,456,0.00218818380743982,0,1,6.1246833908942,0,0,8,0
"315","15",15,20,0,0,456,456,1,456,0.00218818380743982,0,1,6.1246833908942,0,0,8,0
"316","16",16,0,0,0,455,455,1,0,1,0,1,6.12249280951439,0,0,8,0
"317","16",16,1,0,0,455,455,1,0,1,0,1,6.12249280951439,0,0,8,0
"318","16",16,2,0,0,455,455,1,0,1,0,1,6.12249280951439,0,0,8,0
"319","16",16,3,0,0,455,455,1,0,1,0,1,6.12249280951439,0,0,8,0
"320","16",16,4,44,0,455,455,1,44,0.903508771929825,0.10146946016486,1,6.12249280951439,0.0165732265143988,0.0967032967032967,8,0.13258581211519
"321","16",16,5,195,0,455,455,1,239,0.475877192982456,0.641125995809067,1,6.12249280951439,0.104716496328547,0.428571428571429,8,0.837731970628374
"322","16",16,6,63,0,455,455,1,302,0.337719298245614,0.34294475112683,1,6.12249280951439,0.0560139083534557,0.138461538461538,8,0.448111266827646
"323","16",16,7,63,0,455,455,1,365,0.199561403508772,0.526093095896779,1,6.12249280951439,0.0859279238481469,0.138461538461538,8,0.687423390785175
"324","16",16,8,61,0,455,455,1,426,0.0657894736842105,1.10966212485469,1,6.12249280951439,0.181243516224351,0.134065934065934,8,1.44994812979481
"325","16",16,9,3,0,455,455,1,429,0.0592105263157895,0.105360515657826,1,6.12249280951439,0.01720876102853,0.00659340659340659,8,0.13767008822824
"326","16",16,10,13,0,455,455,1,442,0.0307017543859649,0.65677953638907,1,6.12249280951439,0.107273222986629,0.0285714285714286,8,0.858185783893033
"327","16",16,11,8,0,455,455,1,450,0.0131578947368421,0.847297860387204,1,6.12249280951439,0.138390993137713,0.0175824175824176,8,1.10712794510171
"328","16",16,12,5,0,455,455,1,455,0.00219298245614035,1.79175946922805,1,6.12249280951439,0.292651951578228,0.010989010989011,8,2.34121561262583
"329","16",16,13,0,0,455,455,1,455,0.00219298245614035,0,1,6.12249280951439,0,0,8,0
"330","16",16,14,0,0,455,455,1,455,0.00219298245614035,0,1,6.12249280951439,0,0,8,0
"331","16",16,15,0,0,455,455,1,455,0.00219298245614035,0,1,6.12249280951439,0,0,8,0
"332","16",16,16,0,0,455,455,1,455,0.00219298245614035,0,1,6.12249280951439,0,0,8,0
"333","16",16,17,0,0,455,455,1,455,0.00219298245614035,0,1,6.12249280951439,0,0,8,0
"334","16",16,18,0,0,455,455,1,455,0.00219298245614035,0,1,6.12249280951439,0,0,8,0
"335","16",16,19,0,0,455,455,1,455,0.00219298245614035,0,1,6.12249280951439,0,0,8,0
"336","16",16,20,0,0,455,455,1,455,0.00219298245614035,0,1,6.12249280951439,0,0,8,0
"337","17",17,0,0,0,456,456,1,0,1,0,1,6.12468339089421,0,0,8,0
"338","17",17,1,0,0,456,456,1,0,1,0,1,6.12468339089421,0,0,8,0
"339","17",17,2,0,0,456,456,1,0,1,0,1,6.12468339089421,0,0,8,0
"340","17",17,3,0,0,456,456,1,0,1,0,1,6.12468339089421,0,0,8,0
"341","17",17,4,131,0,456,456,1,131,0.713347921225383,0.337786009527497,1,6.12468339089421,0.055151587105661,0.287280701754386,8,0.441212696845288
"342","17",17,5,48,0,456,456,1,179,0.608315098468271,0.159276267676071,1,6.12468339089421,0.0260056328646918,0.105263157894737,8,0.208045062917535
"343","17",17,6,129,0,456,456,1,308,0.326039387308534,0.623674807745178,1,6.12468339089421,0.101829722116317,0.282894736842105,8,0.814637776930535
"344","17",17,7,49,0,456,456,1,357,0.218818380743982,0.398776119957368,1,6.12468339089421,0.0651096709015593,0.107456140350877,8,0.520877367212474
"345","17",17,8,99,0,456,456,1,456,0.00218818380743982,4.60517018598809,1,6.12468339089421,0.751903387011771,0.217105263157895,8,6.01522709609417
"346","17",17,9,0,0,456,456,1,456,0.00218818380743982,0,1,6.12468339089421,0,0,8,0
"347","17",17,10,0,0,456,456,1,456,0.00218818380743982,0,1,6.12468339089421,0,0,8,0
"348","17",17,11,0,0,456,456,1,456,0.00218818380743982,0,1,6.12468339089421,0,0,8,0
"349","17",17,12,0,0,456,456,1,456,0.00218818380743982,0,1,6.12468339089421,0,0,8,0
"350","17",17,13,0,0,456,456,1,456,0.00218818380743982,0,1,6.12468339089421,0,0,8,0
"351","17",17,14,0,0,456,456,1,456,0.00218818380743982,0,1,6.12468339089421,0,0,8,0
"352","17",17,15,0,0,456,456,1,456,0.00218818380743982,0,1,6.12468339089421,0,0,8,0
"353","17",17,16,0,0,456,456,1,456,0.00218818380743982,0,1,6.12468339089421,0,0,8,0
"354","17",17,17,0,0,456,456,1,456,0.00218818380743982,0,1,6.12468339089421,0,0,8,0
"355","17",17,18,0,0,456,456,1,456,0.00218818380743982,0,1,6.12468339089421,0,0,8,0
"356","17",17,19,0,0,456,456,1,456,0.00218818380743982,0,1,6.12468339089421,0,0,8,0
"357","17",17,20,0,0,456,456,1,456,0.00218818380743982,0,1,6.12468339089421,0,0,8,0
"358","18",18,0,0,0,454,455,1,0,1,0,1,5.4249500174814,0,0,7.77727840668096,0
"359","18",18,1,0,0,454,455,1,0,1,0,1,5.4249500174814,0,0,7.77727840668096,0
"360","18",18,2,0,0,454,455,1,0,1,0,1,5.4249500174814,0,0,7.77727840668096,0
"361","18",18,3,0,0,454,455,1,0,1,0,1,5.4249500174814,0,0,7.77727840668096,0
"362","18",18,4,0,0,454,455,1,0,1,0,1,5.4249500174814,0,0,7.77727840668096,0
"363","18",18,5,61,1,454,455,1,61,0.865638766519824,0.144287586172087,1,5.4249500174814,0.0265970351260626,0.134361233480176,7.77727840668096,1.04496471984039
"364","18",18,6,131,1,454,455,1,192,0.577092511013216,0.405465108108164,1,5.4249500174814,0.0747408007081337,0.288546255506608,7.77727840668096,2.24410456228019
"365","18",18,7,218,1,454,455,1,410,0.0969162995594714,1.78415486984284,1,5.4249500174814,0.328879503791475,0.480176211453745,7.77727840668096,3.73446408074108
"366","18",18,8,17,1,454,455,1,427,0.0594713656387665,0.488352767913932,1,5.4249500174814,0.0900197727795206,0.0374449339207048,7.77727840668096,0.291219676021093
"367","18",18,9,0,0,454,455,1,427,0.0594713656387665,0,1,5.4249500174814,0,0,7.77727840668096,0
"368","18",18,10,0,0,454,455,1,427,0.0594713656387665,0,1,5.4249500174814,0,0,7.77727840668096,0
"369","18",18,11,0,0,454,455,1,427,0.0594713656387665,0,1,5.4249500174814,0,0,7.77727840668096,0
"370","18",18,12,25,1,454,455,1,452,0.00440528634361234,2.60268968544438,1,5.4249500174814,0.479762887594808,0.0550660792951542,7.77727840668096,0.428264229442784
"371","18",18,13,0,0,454,455,1,452,0.00440528634361234,0,1,5.4249500174814,0,0,7.77727840668096,0
"372","18",18,14,0,0,454,455,1,452,0.00440528634361234,0,1,5.4249500174814,0,0,7.77727840668096,0
"373","18",18,15,0,0,454,455,1,452,0.00440528634361234,0,1,5.4249500174814,0,0,7.77727840668096,0
"374","18",18,16,0,0,454,455,1,452,0.00440528634361234,0,1,5.4249500174814,0,0,7.77727840668096,0
"375","18",18,17,0,0,454,455,1,452,0.00440528634361234,0,1,5.4249500174814,0,0,7.77727840668096,0
"376","18",18,18,0,0,454,455,1,452,0.00440528634361234,0,1,5.4249500174814,0,0,7.77727840668096,0
"377","18",18,19,0,0,454,455,1,452,0.00440528634361234,0,1,5.4249500174814,0,0,7.77727840668096,0
"378","18",18,20,2,1,454,455,1,454,0,0,1,5.4249500174814,0,0.00440528634361234,7.77727840668096,0.0342611383554227
"379","19",19,0,0,0,456,456,1,0,1,0,1,6.1246833908942,0,0,8,0
"380","19",19,1,0,0,456,456,1,0,1,0,1,6.1246833908942,0,0,8,0
"381","19",19,2,0,0,456,456,1,0,1,0,1,6.1246833908942,0,0,8,0
"382","19",19,3,9,0,456,456,1,9,0.980306345733042,0.0198901584792196,1,6.1246833908942,0.00324754068247692,0.0197368421052632,8,0.0259803254598154
"383","19",19,4,16,0,456,456,1,25,0.945295404814004,0.0363676441708748,1,6.1246833908942,0.00593788149522046,0.0350877192982456,8,0.0475030519617637
"384","19",19,5,20,0,456,456,1,45,0.901531728665208,0.0474022388945839,1,6.1246833908942,0.00773954111082029,0.043859649122807,8,0.0619163288865623
"385","19",19,6,0,0,456,456,1,45,0.901531728665208,0,1,6.1246833908942,0,0,8,0
"386","19",19,7,387,0,456,456,1,432,0.0547045951859956,2.80214752448133,1,6.1246833908942,0.457517123031598,0.848684210526316,8,3.66013698425278
"387","19",19,8,22,0,456,456,1,454,0.00656455142231947,2.12026353620009,1,6.1246833908942,0.346183369960375,0.0482456140350877,8,2.769466959683
"388","19",19,9,1,0,456,456,1,455,0.00437636761487965,0.405465108108164,1,6.1246833908942,0.066201807053567,0.00219298245614035,8,0.529614456428536
"389","19",19,10,0,0,456,456,1,455,0.00437636761487965,0,1,6.1246833908942,0,0,8,0
"390","19",19,11,1,0,456,456,1,456,0.00218818380743982,0.693147180559945,1,6.1246833908942,0.113172736665943,0.00219298245614035,8,0.905381893327545
"391","19",19,12,0,0,456,456,1,456,0.00218818380743982,0,1,6.1246833908942,0,0,8,0
"392","19",19,13,0,0,456,456,1,456,0.00218818380743982,0,1,6.1246833908942,0,0,8,0
"393","19",19,14,0,0,456,456,1,456,0.00218818380743982,0,1,6.1246833908942,0,0,8,0
"394","19",19,15,0,0,456,456,1,456,0.00218818380743982,0,1,6.1246833908942,0,0,8,0
"395","19",19,16,0,0,456,456,1,456,0.00218818380743982,0,1,6.1246833908942,0,0,8,0
"396","19",19,17,0,0,456,456,1,456,0.00218818380743982,0,1,6.1246833908942,0,0,8,0
"397","19",19,18,0,0,456,456,1,456,0.00218818380743982,0,1,6.1246833908942,0,0,8,0
"398","19",19,19,0,0,456,456,1,456,0.00218818380743982,0,1,6.1246833908942,0,0,8,0
"399","19",19,20,0,0,456,456,1,456,0.00218818380743982,0,1,6.1246833908942,0,0,8,0
"400","20",20,0,0,0,452,455,1,0,1,0,1,3.34109345759245,0,0,7.39476839201229,0
"401","20",20,1,0,0,452,455,1,0,1,0,1,3.34109345759245,0,0,7.39476839201229,0
"402","20",20,2,0,0,452,455,1,0,1,0,1,3.34109345759245,0,0,7.39476839201229,0
"403","20",20,3,30,3,452,455,1,30,0.933628318584071,0.0686768657962193,1,3.34109345759245,0.020555206451994,0.0663716814159292,7.39476839201229,0.490803211859223
"404","20",20,4,97,3,452,455,1,127,0.719026548672566,0.261180131706274,1,3.34109345759245,0.0781720520606082,0.214601769911504,7.39476839201229,1.58693038501149
"405","20",20,5,0,0,452,455,1,127,0.719026548672566,0,1,3.34109345759245,0,0,7.39476839201229,0
"406","20",20,6,92,3,452,455,1,219,0.515486725663717,0.332786728764037,1,3.34109345759245,0.099604136486454,0.20353982300885,7.39476839201229,1.50512984970162
"407","20",20,7,130,3,452,455,1,349,0.22787610619469,0.816309465336065,1,3.34109345759245,0.244324044118265,0.287610619469027,7.39476839201229,2.12681391805663
"408","20",20,8,12,3,452,455,1,361,0.201327433628319,0.123869481712786,1,3.34109345759245,0.0370745336175195,0.0265486725663717,7.39476839201229,0.196321284743689
"409","20",20,9,0,0,452,455,1,361,0.201327433628319,0,1,3.34109345759245,0,0,7.39476839201229,0
"410","20",20,10,0,0,452,455,1,361,0.201327433628319,0,1,3.34109345759245,0,0,7.39476839201229,0
"411","20",20,11,25,3,452,455,1,386,0.146017699115044,0.321204764490425,1,3.34109345759245,0.0961376173900507,0.0553097345132743,7.39476839201229,0.409002676549352
"412","20",20,12,0,0,452,455,1,386,0.146017699115044,0,1,3.34109345759245,0,0,7.39476839201229,0
"413","20",20,13,50,3,452,455,1,436,0.0353982300884956,1.41706601978664,1,3.34109345759245,0.424132409875108,0.110619469026549,7.39476839201229,0.818005353098704
"414","20",20,14,16,3,452,455,1,452,0,0,1,3.34109345759245,0,0.0353982300884956,7.39476839201229,0.261761712991585
"415","20",20,15,0,0,452,455,1,452,0,0,1,3.34109345759245,0,0,7.39476839201229,0
"416","20",20,16,0,0,452,455,1,452,0,0,1,3.34109345759245,0,0,7.39476839201229,0
"417","20",20,17,0,0,452,455,1,452,0,0,1,3.34109345759245,0,0,7.39476839201229,0
"418","20",20,18,0,0,452,455,1,452,0,0,1,3.34109345759245,0,0,7.39476839201229,0
"419","20",20,19,0,0,452,455,1,452,0,0,1,3.34109345759245,0,0,7.39476839201229,0
"420","20",20,20,0,0,452,455,1,452,0,0,1,3.34109345759245,0,0,7.39476839201229,0
