plot,treatment,site,year,mean.height,height.2,mean.height.var,mean.height.rms,transect.length,mode.el,max.el,mode.2,max.can.ht,mean.max.ht,mean.vai,mean.peak.vai,deep.gaps,deep.gap.fraction,porosity,std.std,mean.std,rugosity,top.rugosity,mean.return.ht,sd.return.ht,sky.fraction,cover.fraction,max.ht,scan.density,rumple,clumping.index,enl
hbef_ise_2017_p1_t2.CSV,double,hbef,2017,8.61898031,4.84614503,23.48512165,9.848304719,30,7.933333333,5.791360085,6.169632713,23.354,14.7812,4.687190791,2.211413238,1,0.033333333,0.731944444,704.7062683,16.06787349,21.1312496,6.818168479,6.087356658,5.026019921,25.24545308,74.75454692,23.354,414.3333333,6.433333333,0.923767169,18.14369216
hbef_ise_2017_p1_t3.CSV,double,hbef,2017,6.506730691,3.734789597,13.94865334,7.47136149,30,6.1,7.750022319,4.985150363,24.032,10.9216,6.920691384,3.73555159,0,0,0.796,482.3912141,12.52814819,18.03986466,7.587096163,3.994889732,3.347264259,9.946639987,90.05336001,24.032,399.9333333,8.066666667,0.771118982,11.74560963
hbef_ise_2017_p1_t4.CSV,double,hbef,2017,10.10746462,5.579586773,31.13178856,11.50021318,30,8.166666667,5.54986657,7.042155496,24.393,18.3552,4.126692955,1.555568329,0,0,0.656,855.8075994,21.0660167,20.29853541,6.425437532,7.202467292,6.053330912,25.28250511,74.71749489,24.393,489.8,3.833333333,0.950198535,21.43077914
hbef_ise_2017_p1_t5.CSV,double,hbef,2017,12.0090515,6.017682263,36.21249982,13.38740955,30,11.43333333,7.319354598,7.587118545,27.45,19.21,6.452778755,2.945064777,0,0,0.710714286,662.7649422,19.03524336,17.33275663,6.351915693,8.658998195,7.116497693,10.38750967,89.61249033,27.45,474.1,4.8,0.952334482,23.33030423
hbef_ise_2017_p10_t1.CSV,moderate,hbef,2017,9.011318823,3.250571173,10.56621295,9.561269412,30,8.8,5.883557494,4.037752875,24.723,13.2506,7.711616522,3.075953247,0,0,0.712820513,290.1414777,12.10396126,11.98480703,5.614959297,5.928037798,3.654471576,0.773320445,99.22667956,24.723,344.9666667,4.066666667,0.793613477,14.8361916
hbef_ise_2017_p10_t2.CSV,moderate,hbef,2017,10.97608547,4.992072163,24.92078448,12.02349965,30,11.26666667,7.673084937,7.776770597,26.307,16.9965,7.858253205,3.390947349,0,0,0.696296296,1278.130635,26.17486776,24.35173366,6.463339015,6.183898253,5.02938802,0.216782585,99.78321741,26.307,369.1666667,6.566666667,0.898896872,19.97227723
hbef_ise_2017_p10_t3.CSV,moderate,hbef,2017,8.22312761,2.946658253,8.682794862,8.7185547,30,8.166666667,6.701192114,4.962503076,21.868,14.69823333,6.969632009,3.329275068,0,0,0.668115942,510.1408624,15.08017586,16.81455199,5.810482565,5.369757678,3.525420115,6.325764043,93.67423596,21.868,390.6,5.633333333,0.850648866,16.06156202
hbef_ise_2017_p10_t4.CSV,moderate,hbef,2017,8.436211067,2.81837574,7.943241815,8.879646629,30,7.466666667,6.524260511,3.945607189,20.255,13.42006667,7.772237548,3.30212743,0,0,0.658730159,269.1791963,12.41169684,10.72981723,4.118364916,5.10101491,2.789655866,0.42542108,99.57457892,20.255,384.0666667,4.733333333,0.81655273,13.79438973
hbef_ise_2017_p10_t5.CSV,moderate,hbef,2017,9.226949395,3.773882633,14.24219013,9.945051312,30,9.266666667,5.823096333,5.806852868,22.896,14.62933333,7.081045858,2.628842912,0,0,0.615277778,319.4988418,12.51041258,12.76669178,5.125343732,6.158670322,3.583065476,3.900739356,96.09926064,22.896,392.3666667,4.666666667,0.848473207,17.3870383
hbef_ise_2017_p2_t1.CSV,light,hbef,2017,9.135672202,2.342450446,5.48707409,9.421500846,30,9.166666667,5.34387515,3.957387969,23.883,15.17543333,7.728607967,2.977593511,0,0,0.721333333,449.760109,14.9158597,15.07571684,6.379307041,5.912349037,2.513926314,0.797029255,99.20297075,23.883,368.1666667,5.433333333,0.630298468,11.4980258
hbef_ise_2017_p2_t2.CSV,light,hbef,2017,9.101597172,2.836626923,8.046452301,9.519312386,30,9.466666667,7.753092452,4.264798442,20.218,13.08813333,7.778943758,3.325824524,0,0,0.663492063,165.3240638,9.447129645,8.722144535,4.298379677,6.019857987,2.683278813,0.49567336,99.50432664,20.218,396.9,4.7,0.798390301,13.51292844
hbef_ise_2017_p2_t3.CSV,light,hbef,2017,8.325801441,2.318865606,5.377137699,8.632315415,30,8.366666667,4.933284243,3.881728493,20.26,13.3587,7.486940101,2.808085918,0,0,0.636507937,316.7004051,12.39615109,12.76854899,4.488978381,5.166884026,2.503670338,2.643627234,97.35637277,20.26,451.5333333,4.966666667,0.69007977,12.33035504
hbef_ise_2017_p2_t4.CSV,light,hbef,2017,8.123943437,2.358946887,5.564630415,8.448526481,30,8.7,4.637654848,4.260079326,20.686,11.56616667,7.900080093,2.780388772,0,0,0.666666667,358.4342503,11.34342427,15.15786846,4.630983653,4.68696455,2.206186317,0.157493369,99.84250663,20.686,402.2666667,4.066666667,0.55242612,10.3640257
hbef_ise_2017_p2_t5.CSV,light,hbef,2017,7.600231743,2.203397844,4.85496206,7.902952141,30,6.466666667,7.272905014,2.431592827,22.744,11.69566667,7.850398815,3.481007418,0,0,0.701388889,240.0999194,9.728909859,12.06019205,4.942625279,4.809456324,2.584155336,0.210815765,99.78918423,22.744,363.8,5.066666667,0.712905512,12.42273582
hbef_ise_2017_p4_t1.CSV,control,hbef,2017,10.14718476,2.309453243,5.333574281,10.3981319,30,10.3,4.341547799,3.120013263,20.485,13.44693333,8,2.834741605,0,0,0.615873016,131.1868713,9.103482938,6.95078914,3.53646688,6.480522523,2.822587008,0,100,20.485,367.9,3.366666667,0.765667545,13.30395275
hbef_ise_2017_p4_t2.CSV,control,hbef,2017,9.892939484,1.985274157,3.941313479,10.08365945,30,10.2,5.110096206,3.736123752,21.873,13.45776667,7.941709447,2.95676912,0,0,0.639130435,134.5278844,9.101747695,7.1893027,3.042525841,6.405971685,2.653764103,0.071858439,99.92814156,21.873,371.2333333,3.733333333,0.710951896,13.05559065
hbef_ise_2017_p4_t3.CSV,control,hbef,2017,8.709456254,2.383172965,5.679513379,9.019136572,30,7.9,7.764438397,3.077728674,21.82,14.4412,7.155450456,3.318020122,0,0,0.655072464,187.7415633,10.11351389,9.244371263,3.978773701,6.151895211,3.167262903,4.278661547,95.72133845,21.82,425.5,4.3,0.773804383,14.36206897
hbef_ise_2017_p4_t4.CSV,control,hbef,2017,10.26501366,2.982594627,8.895870708,10.67566612,30,10.6,5.484408185,4.231246657,20.628,14.3244,7.831878954,3.14798152,0,0,0.636363636,187.1176332,10.55829566,8.697127448,4.288363811,6.888629053,3.074013146,0.286992488,99.71300751,20.628,395.0333333,3.7,0.751778539,14.56752656
hbef_ise_2017_p4_t5.CSV,control,hbef,2017,9.752829937,2.49280295,6.214066546,10.05607392,30,10.23333333,5.613326569,3.092631212,19.422,12.094,7.982521142,3.212463146,0,0,0.62,74.86105239,6.35524147,5.871282504,3.723640497,6.652827185,2.562565149,0.017115961,99.98288404,19.422,389.6333333,3.466666667,0.690552128,12.02220167
hbef_ise_2017_p6_t1.CSV,light,hbef,2017,12.12547716,4.659988165,21.7154897,12.962208,30,12.33333333,6.484074694,6.059095946,24.147,16.86863333,7.346370472,2.82239202,0,0,0.654666667,464.4556378,16.34589266,14.04519245,5.241950989,8.5179837,5.226654324,4.893581364,95.10641864,24.147,397.9333333,5,0.915666208,19.66608033
hbef_ise_2017_p6_t2.CSV,light,hbef,2017,9.892918658,3.66292191,13.41699692,10.5174135,20,9.75,5.576642031,4.799945175,21.392,14.4976,7.492740317,3.079933726,0,0,0.679545455,241.7339041,11.4053758,10.5665182,4.935618272,6.507639707,3.302309981,1.682275408,98.31772459,22.701,576.75,4.5,0.789607505,13.51529572
hbef_ise_2017_p6_t3.CSV,light,hbef,2017,9.431330867,2.808539777,7.88789568,9.82725637,30,9.066666667,6.480797806,5.091800937,22.132,14.77316667,7.417200157,2.841500896,0,0,0.631884058,408.7774083,14.26228923,14.3305448,4.637180788,6.639666505,3.669258932,1.290014333,98.70998567,22.132,348.9666667,5.233333333,0.887919038,17.32438238
hbef_ise_2017_p6_t4.CSV,light,hbef,2017,10.1792813,4.002636744,16.0211009,10.91351603,30,9.5,5.483061454,5.728031497,22.065,15.95593333,7.405959727,3.05267843,0,0,0.666666667,435.9792292,16.80306307,12.39501112,5.348658697,6.303235649,4.018931877,1.686451856,98.31354814,22.065,353.9333333,4.466666667,0.897215517,17.36703874
hbef_ise_2017_p6_t5.CSV,light,hbef,2017,12.16106015,4.551294379,20.71428052,12.95820931,30,11.83333333,4.682868358,7.254408093,23.725,17.54253333,7.565881121,2.684837926,0,0,0.650666667,551.978352,19.43045422,13.20741461,4.589753939,7.821817423,4.893211754,2.570573939,97.42942606,23.725,356.7333333,4.4,0.893669018,19.07837688
hbef_ise_2017_p7_t1.CSV,control,hbef,2017,9.949523334,3.315119858,10.99001967,10.46979944,30,9.833333333,6.789968323,5.724016755,23.197,16.6059,6.890837794,2.965089773,0,0,0.673611111,402.2118958,15.39971458,12.84759459,4.976180063,6.8140695,3.477060037,4.812184638,95.18781536,23.197,356.8666667,6.066666667,0.791227686,15.42166992
hbef_ise_2017_p7_t2.CSV,control,hbef,2017,10.34372678,2.830746661,8.013126659,10.71161547,30,10.56666667,6.388579394,3.829858495,21.899,13.32263333,7.91420471,3.191490337,0,0,0.695652174,171.4902877,8.720251188,9.769723995,4.647312219,7.242201443,2.80154176,0.164173659,99.83582634,21.899,365.6,4.533333333,0.812727546,14.09846547
hbef_ise_2017_p7_t3.CSV,control,hbef,2017,11.23147371,2.931616802,8.594377076,11.5954258,30,11.73333333,7.036640173,4.755637912,23.209,15.53796667,6.770922322,2.813081533,0,0,0.658333333,202.7880236,10.07492893,10.06398681,4.085248268,8.102308195,3.154288822,8.938911997,91.061088,23.209,408.8333333,4.5,0.794245749,15.6130031
hbef_ise_2017_p7_t4.CSV,control,hbef,2017,10.41693925,2.736040607,7.485918205,10.75867143,30,10.9,6.569543504,4.155179568,24.187,13.44636667,7.965906036,3.347980386,0,0,0.7,114.6259369,8.00141012,7.113604779,4.240506138,7.164555675,2.978815838,0.035790981,99.96420902,24.187,372.6666667,5,0.702282423,12.64044944
hbef_ise_2017_p7_t5.CSV,control,hbef,2017,9.870955949,2.47342274,6.117820052,10.16610368,30,10.03333333,5.406932985,3.952156403,19.83,13.56883333,7.398713897,3.094867457,0,0,0.692063492,157.4160564,8.912411367,8.830910489,3.584437907,6.76634703,3.187778776,5.078092375,94.92190763,19.83,399.2333333,4.466666667,0.804250238,12.52029275
hbef_ise_2017_p8_t1.CSV,double,hbef,2017,10.13495783,5.274451825,27.81984206,11.38463369,30,9.066666667,4.549768963,6.383887764,23.668,16.19876667,5.410035415,2.324418586,1,0.033333333,0.7,433.9375238,14.70863454,14.75105398,6.895990178,6.923104251,4.968633948,24.5455934,75.4544066,23.668,436.6,6.633333333,0.92858833,19.66019417
hbef_ise_2017_p8_t2.CSV,double,hbef,2017,8.449459265,4.683227799,21.93262262,9.62262423,30,8.466666667,5.18645056,6.94179413,23.202,15.00603333,5.900116043,2.637738868,0,0,0.711111111,1033.881734,21.04977977,24.30614132,6.737651655,5.558000285,5.329697004,14.55444742,85.44555258,23.202,411.2333333,6.033333333,0.827429224,15.84761905
hbef_ise_2017_p8_t3.CSV,double,hbef,2017,9.393663724,5.199395758,27.03371625,10.69455518,30,8.7,6.905848137,7.202250606,22.27,15.61663333,6.825392164,3.450106784,0,0,0.657971014,701.4778902,20.46432952,16.81336098,6.766169295,6.265329735,5.301490882,4.870497621,95.12950238,22.27,441.5666667,6.733333333,0.933019993,18.93133923
hbef_ise_2017_p8_t4.CSV,double,hbef,2017,9.06404284,5.451339616,29.71710361,10.530119,30,8.333333333,5.915432538,6.455862523,22.46,15.90973333,4.665192481,2.347435954,0,0,0.717391304,432.0272424,14.21379251,15.16559741,6.163703197,5.836023983,5.400752068,28.02710651,71.97289349,22.46,521.5333333,4.466666667,0.909421905,17.41868988
hbef_ise_2017_p8_t5.CSV,double,hbef,2017,6.899993006,3.399762097,11.55838232,7.667007656,30,6.4,5.005399989,4.165540078,20.216,11.60013333,5.031037027,2.149863252,0,0,0.696825397,117.8510656,7.718741622,7.633616009,5.16606329,4.459777265,3.153257734,27.26763718,72.73236282,20.216,535.9333333,5.233333333,0.894031811,15.13106595
hbef_ise_2017_p9_t1.CSV,heavy,hbef,2017,10.31801965,4.039086719,16.31422152,11.05585563,30,9.233333333,6.267540566,4.861412689,22.549,15.9759,7.470248948,2.965809137,0,0,0.633333333,241.0329652,12.51295767,9.19014992,5.296408063,7.367317352,4.355703411,1.098078363,98.90192164,22.549,400.8333333,4.666666667,0.91887589,19.157779
hbef_ise_2017_p9_t2.CSV,heavy,hbef,2017,7.847784988,4.795851917,23.00019561,9.155394674,30,7.466666667,5.126602949,6.213074831,22.574,14.01326667,7.032225125,3.11683561,0,0,0.697222222,392.4274605,13.62671416,14.37846034,6.322448205,4.834010758,4.203571783,2.580389043,97.41961096,22.574,419.9666667,7.866666667,0.818560389,15.42987013
hbef_ise_2017_p9_t3.CSV,heavy,hbef,2017,9.881512088,4.776877877,22.81856225,10.94085119,30,8.833333333,5.484057739,7.520470149,24.717,19.1682,4.300579105,2.015920952,0,0,0.683333333,1176.305688,27.52240102,20.46516871,5.027612496,7.964266712,6.545648396,23.89276629,76.10723371,24.717,511.1666667,3.066666667,0.951991559,22.0487893
hbef_ise_2017_p9_t4.CSV,heavy,hbef,2017,9.928110288,5.179168863,26.82379011,11.15782406,30,9.3,6.641238962,7.428509852,24.728,16.18943333,5.249883114,2.220852864,1,0.033333333,0.720512821,1383.212719,25.75229177,26.8334155,7.567536294,7.543692937,6.454341018,23.85579705,76.14420295,24.728,449.5,7.066666667,0.930492514,20.24020443
hbef_ise_2017_p9_t5.CSV,heavy,hbef,2017,10.04851404,3.400286726,11.56194982,10.59005127,30,9.966666667,5.805237636,4.867083906,23.979,15.23603333,7.335623183,2.860674292,0,0,0.621333333,259.0498796,11.7648478,10.98354387,5.127926882,7.36023198,4.2031994,1.534954407,98.46504559,23.979,438.8,4.1,0.876383014,18.40620721
hbefise_2017_p3_t1.CSV,moderate,hbef,2017,11.77289593,3.350105546,11.22320717,12.22498175,30,10.93333333,5.968928394,4.417311816,22.048,15.78196667,5.921520485,2.436370961,0,0,0.657971014,228.9196749,11.2603131,10.10569264,4.750442988,8.463797797,4.829359223,14.82316853,85.17683147,22.048,369.6,3.433333333,0.908026707,17.93174501
hbefise_2017_p3_t2.CSV,moderate,hbef,2017,8.256818976,3.787503383,14.34518188,9.057707698,30,7.533333333,7.152757096,5.137645599,22.906,14.2263,5.723299782,2.395445123,0,0,0.676388889,350.8136324,12.30195433,14.12358142,6.302514168,5.462715282,4.077263277,16.53561167,83.46438833,22.906,441,6.133333333,0.86366348,16.53639963
hbefise_2017_p3_t3.CSV,moderate,hbef,2017,9.204111357,5.162894825,26.65548298,10.51107191,30,8.5,5.61372573,6.010049056,22.966,13.97866667,4.984847398,2.138976463,2,0.066666667,0.708333333,445.3388754,12.59530445,16.93213457,6.520982554,6.902111913,5.353131524,29.49765573,70.50234427,22.966,497.8,5.2,0.940129415,19.09090909
hbefise_2017_p3_t4.CSV,moderate,hbef,2017,6.624566464,3.488057763,12.16654696,7.459616359,30,4.9,4.64343443,4.146872523,22.548,12.27156667,3.55829284,1.687377125,1,0.033333333,0.705555556,172.4110798,8.647286566,9.881068506,6.702067482,5.603726538,4.141877406,28.20960699,71.79039301,22.548,534.4666667,6.066666667,0.903308723,17.48793774
hbefise_2017_p3_t5.CSV,moderate,hbef,2017,9.374049799,2.992862187,8.957224071,9.825042472,30,9.2,6.849824386,4.147288271,17.439,12.9871,6.952638081,2.832535911,0,0,0.62037037,92.76292227,7.452338683,6.101276131,3.059079739,6.598559738,3.316541373,5.183989122,94.81601088,17.439,392.3666667,3.633333333,0.870688874,13.59592365
hbefise_2017_p5_t1.CSV,heavy,hbef,2017,8.681519553,5.378907715,28.9326482,10.16548122,30,7.5,5.994303804,5.946601463,25.329,15.6604,5.515046997,2.594878711,1,0.033333333,0.75,876.3020163,17.9398666,23.54704233,7.76107264,5.645156603,5.271834661,26.61686778,73.38313222,25.329,522.2333333,7.666666667,0.920209005,19.11764706
hbefise_2017_p5_t2.CSV,heavy,hbef,2017,9.653504847,5.850244398,34.22535952,11.23720028,30,9.266666667,6.986656152,8.016936096,24.845,16.3849,4.519424178,2.082209244,0,0,0.746153846,1531.456257,25.91301684,29.32527604,7.669252346,6.922147798,6.775522505,33.42527261,66.57472739,24.845,519.8,5.1,0.902364766,18.31962617
hbefise_2017_p5_t3.CSV,heavy,hbef,2017,8.745498395,5.489625812,30.13599156,10.27692564,30,7.6,5.598218407,6.729246512,23.398,14.39903333,4.422259662,2.069775876,0,0,0.751388889,728.3668324,16.37970477,21.44929146,7.711311367,5.383433612,4.4615305,25.67237164,74.32762836,23.398,450.0333333,8.566666667,0.926942577,18.0920384
hbefise_2017_p5_t4.CSV,heavy,hbef,2017,10.62883282,5.620471329,31.58969796,11.97951565,30,8.6,5.484421558,6.620761494,24.456,17.38656667,3.028548134,1.349034957,1,0.033333333,0.706666667,780.8853643,21.6043218,17.72395677,7.865312961,9.959559931,6.654721403,55.9819044,44.0180956,24.456,611.7,7.833333333,0.958376518,21.39699381
hbefise_2017_p5_t5.CSV,heavy,hbef,2017,8.728404129,4.353436333,18.9524079,9.721404199,30,7.133333333,5.93743815,5.581578897,25.272,15.86623333,6.693489684,2.779361097,0,0,0.670512821,753.5859859,18.66910504,20.12586651,6.891456233,6.219428917,5.238177924,4.676812585,95.32318741,25.272,390,7.566666667,0.856766957,19.25065579
HBISE_2016_p1_t1.CSV,double,hbef,2016,11.17394327,5.127570242,26.29197659,12.25857192,30,10.83333333,7.861671407,6.988085098,25.963,16.7431,6.792615205,2.801821846,0,0,0.644444444,640.7485444,18.370781,17.41444659,6.488315239,8.415536316,5.858183672,3.865717192,96.13428281,25.963,360.5666667,4.5,0.905118112,20.69461078
HBISE_2016_p1_t2.CSV,double,hbef,2016,10.68976645,4.617927233,21.32525193,11.61402243,30,11.6,4.4688157,6.505170357,22.593,16.7038,5.853269174,2.434435504,0,0,0.673611111,781.8945389,19.04939447,20.46985856,5.746066747,7.734021948,5.73576979,9.497206704,90.5027933,22.593,376.0333333,3.766666667,0.918684949,18.72668701
HBISE_2016_p1_t3.CSV,double,hbef,2016,8.380858537,3.100398795,9.612472685,8.918006882,30,8.433333333,5.267029505,4.840086444,22.313,13.2735,7.820410204,3.136974685,0,0,0.71884058,344.414363,13.33066276,12.91153722,4.987542977,5.033510337,3.384530215,0.341880342,99.65811966,22.313,370.6333333,5.4,0.706744198,12.19572262
HBISE_2016_p1_t4.CSV,double,hbef,2016,10.06425553,3.147266442,9.905286056,10.52921408,30,8.766666667,5.416814589,5.519141196,22.965,17.25486667,6.977098274,2.631710099,0,0,0.634722222,754.5912766,22.08083526,16.34099113,4.7504843,6.555374023,4.019783059,3.114098528,96.88590147,22.965,391.9,4.6,0.826593862,17.64965552
HBISE_2016_p1_t5.CSV,double,hbef,2016,9.861623913,3.761145264,14.14621369,10.5321555,30,11.06666667,8,6.214184738,22.765,15.02093333,7.545393146,3.226155001,0,0,0.677777778,459.85575,15.25118414,15.07505,5.443342849,6.115788201,3.281087282,0.855920114,99.14407989,22.765,350.6333333,6.1,0.832753451,15.7472206
HBISE_2016_p10_t1.CSV,moderate,hbef,2016,9.542167438,3.745165351,14.02626351,10.22798518,30,9.666666667,6.00429742,4.837592258,23.722,13.00663333,7.937395466,3.321075908,0,0,0.686666667,201.7460538,9.858262956,10.22549291,5.081725389,5.934545519,3.601966769,0.088479915,99.91152008,23.722,376.8666667,5.066666667,0.804389741,15.05178523
HBISE_2016_p10_t2.CSV,moderate,hbef,2016,8.807210724,4.430147019,19.62620261,9.825423991,30,7.633333333,7.822820912,6.594058628,26.719,16.996,7.502908416,3.358171823,0,0,0.68452381,935.0482529,22.4914582,20.71672177,6.625371126,5.969799968,5.222002201,0.728933034,99.27106697,26.719,416.2666667,5.4,0.881241468,20.5276235
HBISE_2016_p10_t3.CSV,moderate,hbef,2016,8.05181056,3.654790706,13.35749511,8.817250057,30,8.633333333,6.370716923,5.455040904,22.36,13.72826667,7.227688357,3.229322229,0,0,0.669565217,242.5140069,11.61220711,10.37644704,6.050209645,5.098716724,3.36450751,3.200939725,96.79906027,22.36,454.1666667,4.8,0.782766272,14.49637479
HBISE_2016_p10_t4.CSV,moderate,hbef,2016,8.538019994,3.701959271,13.70450244,9.281458458,30,8.3,5.755294258,5.38292319,22.318,15.45386667,7.219504868,3.05094549,0,0,0.631884058,452.8876118,16.33682248,13.63802929,5.360542669,5.173089013,3.709205078,4.604885057,95.39511494,22.318,464.1333333,5.566666667,0.893260036,18.06159015
HBISE_2016_p10_t5.CSV,moderate,hbef,2016,9.079383518,3.232346902,10.44806649,9.619511562,30,9.033333333,6.668701585,5.301160142,21.457,14.04906667,6.514321776,2.496176902,0,0,0.627272727,268.9092167,11.70768917,11.48212658,4.787061325,6.25483865,3.31385755,7.619121287,92.38087871,21.457,431.0666667,4.666666667,0.889266472,17.01799775
HBISE_2016_p2_t1.CSV,light,hbef,2016,10.39996607,3.061474155,9.372623999,10.82679534,30,9.333333333,5.165436158,4.729462558,23.955,16.60963333,7.885317765,3.216994715,0,0,0.709333333,642.3428107,20.40131915,15.03758584,5.716958376,6.688372207,3.553779979,0.160665344,99.83933466,23.955,352.8333333,6.333333333,0.673016683,12.63264221
HBISE_2016_p2_t2.CSV,light,hbef,2016,9.970742439,2.665767806,7.106317994,10.30946873,30,10.26666667,5.516077267,5.381535054,23.639,14.62543333,7.963017107,3.265821667,0,0,0.676,489.5242302,15.80619451,15.48187473,4.340711245,5.86056001,2.805489677,0.041918176,99.95808182,23.639,397.7333333,4.666666667,0.784625265,14.92266869
HBISE_2016_p2_t3.CSV,light,hbef,2016,8.282039535,2.484690284,6.173685809,8.634817609,30,7.9,5.369967525,3.889419778,23.099,13.53163333,7.613614417,2.840877536,0,0,0.647222222,263.8663925,11.08493037,11.87395096,4.925031962,5.414196565,2.627389249,0.622693727,99.37730627,23.099,433.7333333,4.1,0.664991911,13.41288981
HBISE_2016_p2_t4.CSV,light,hbef,2016,7.439160404,2.262901487,5.120723139,7.764736949,30,7,6.208605089,2.840592459,20.671,10.29296667,7.560998462,3.208263924,0,0,0.681818182,202.4797446,7.848666174,11.8692116,4.338675799,4.618994631,2.097362886,1.381535407,98.61846459,20.671,403.0666667,4.333333333,0.612450983,10.26536313
HBISE_2016_p2_t5.CSV,light,hbef,2016,8.203985752,2.253152559,5.076696452,8.497814746,30,8.366666667,5.337459292,4.012766982,27.651,12.96866667,6.952417204,2.891880209,0,0,0.740229885,248.6334778,10.95132977,11.34468395,5.01582608,5.159469768,2.914108332,11.21708971,88.78291029,27.651,423,4.466666667,0.6933128,13.00305499
HBISE_2016_p3_t1.CSV,moderate,hbef,2016,10.9035441,4.771594466,22.76811375,11.86998106,30,10.63333333,5.747840567,5.365813454,22.242,15.15983333,4.931148466,1.791269333,1,0.033333333,0.650724638,154.2130132,9.119658672,8.428810053,6.32290823,8.757479276,4.806335673,24.85372221,75.14627779,22.242,370.4333333,4.066666667,0.926571442,18.63362207
HBISE_2016_p3_t2.CSV,moderate,hbef,2016,7.432461811,2.622920712,6.879713063,7.867139116,30,6.5,4.363444818,3.963192722,23.857,13.54013333,5.343540636,2.209871863,0,0,0.705333333,517.0666571,12.67320879,18.88005392,5.991966805,5.559984371,4.000327403,16.26175254,83.73824746,23.857,443.3,4.133333333,0.882141765,16.84753363
HBISE_2016_p3_t3.CSV,moderate,hbef,2016,9.638599581,4.064365734,16.51906882,10.43412838,30,8.166666667,4.64002268,6.000478908,24.364,17.26063333,5.499641724,2.092547717,0,0,0.634666667,728.0167612,19.58091558,18.56352623,5.463913423,7.763775882,5.726440744,14.46856287,85.53143713,24.364,445.4666667,4.166666667,0.93151592,20.50136537
HBISE_2016_p3_t4.CSV,moderate,hbef,2016,6.792102395,3.446543057,11.87865904,7.590478159,30,5.433333333,5.232195338,3.847823687,22.417,14.07576667,2.972532281,1.531098073,0,0,0.726086957,146.9649913,8.161578391,8.964018598,5.7344697,5.146159716,3.677785137,35.74180057,64.25819943,22.417,605.8666667,5.266666667,0.888624915,15.96826106
HBISE_2016_p3_t5.CSV,moderate,hbef,2016,10.51764779,3.074581291,9.453050112,10.94343928,30,10.66666667,4.77067603,5.074162634,21.315,15.4136,6.253993415,2.396686979,0,0,0.637878788,183.4186318,10.50081695,8.552863563,2.669320275,7.185145549,3.617623621,19.05783286,80.94216714,21.315,419.7333333,3.2,0.88888999,16.44716384
HBISE_2016_p4_t1.CSV,control,hbef,2016,9.696346802,2.375314936,5.642121045,9.9736248,30,10.23333333,7.007557072,3.729503372,21.026,13.68823333,7.789814362,2.980787068,0,0,0.637878788,143.2359257,8.450019565,8.475440703,3.435296852,6.522105807,2.619185921,0.404288979,99.59571102,21.026,379.4,2.466666667,0.73603727,12.9320806
HBISE_2016_p4_t2.CSV,control,hbef,2016,9.276140099,1.809413432,3.273976969,9.445190286,30,9,5.495317199,2.348880878,22.812,13.06606667,7.509479274,3.157775037,0,0,0.658333333,129.4960277,8.302495189,7.782326217,4.203329821,6.455344486,2.561679731,2.919167832,97.08083217,22.812,405.5,6.066666667,0.682646763,13.11573472
HBISE_2016_p4_t3.CSV,control,hbef,2016,9.974874782,2.188105844,4.787807185,10.2042315,30,11.03333333,4.22125289,3.056743064,21.716,13.33023333,7.977521693,2.952508926,0,0,0.626086957,174.9695843,9.823526517,8.858211508,3.742215236,6.172539905,2.575912197,0.025464731,99.97453527,21.716,392.8333333,4.9,0.653859425,12.83037779
HBISE_2016_p4_t4.CSV,control,hbef,2016,9.92566779,1.846151059,3.408273731,10.09026985,30,9.533333333,4.453839797,2.674700542,23.101,14.35803333,7.9408263,2.772530473,0,0,0.677777778,307.2551125,12.39583174,12.3934849,4.88531277,6.521972401,2.442933914,0.080321285,99.91967871,23.101,373.6333333,5.9,0.6030971,12.27177383
HBISE_2016_p4_t5.CSV,control,hbef,2016,9.888193967,2.754465968,7.587082768,10.25234412,30,9.9,6.669477513,3.924722701,20.46,12.62243333,7.914965398,2.763880583,0,0,0.63968254,82.41798342,6.603625284,6.229776603,3.605528501,6.85076317,2.599375083,0.121495327,99.87850467,20.46,356.8,3.4,0.711442795,12.54662771
HBISE_2016_p5_t1.CSV,heavy,hbef,2016,11.25944263,4.924319308,24.24892065,12.25625031,30,10.9,4.496765596,7.126202258,24.377,19.84026667,5.843807655,2.21974684,0,0,0.556,759.8485034,22.11618235,16.45366165,4.876133516,7.948317136,6.028076521,15.6860329,84.3139671,24.377,541.1666667,3.266666667,0.910655054,21.59474197
HBISE_2016_p5_t2.CSV,heavy,hbef,2016,9.309622109,6.470968747,41.87343652,11.2759354,30,8.466666667,6.545982967,7.894709417,24.359,16.17793333,3.888436034,1.732766312,1,0.033333333,0.736,1140.66361,20.70574118,26.68212682,8.017150272,5.949413365,5.561686376,40.48917825,59.51082175,24.359,568.4333333,6.966666667,0.911340933,18.03311868
HBISE_2016_p5_t3.CSV,heavy,hbef,2016,8.590760309,3.682977647,13.56432435,9.322732587,30,6.9,4.751483842,6.293674986,31.443,19.61333333,3.982248944,1.684506539,0,0,0.709375,1439.634214,29.65978548,23.66286836,6.222195285,6.895898701,5.736864055,30.16325473,69.83674527,31.443,514.6666667,5.933333333,0.898934953,22.37453291
HBISE_2016_p5_t4.CSV,heavy,hbef,2016,12.80356543,4.621210569,21.35558712,13.58583903,30,11.5,4.816383397,6.82667183,25.798,20.87716667,5.395343701,1.786735107,0,0,0.607407407,1409.374861,30.63440464,21.70041735,4.799375247,10.40517477,7.204791935,14.5283405,85.4716595,25.798,488.8333333,3.366666667,0.919654453,22.18604651
HBISE_2016_p5_t5.CSV,heavy,hbef,2016,10.2045653,4.480687441,20.07655994,11.11487716,30,9.9,4.889231901,7.184034022,27.964,17.62503333,6.851075661,2.734982497,0,0,0.677011494,1202.707156,24.30978219,24.73341152,6.592089337,6.828590519,4.890309294,3.457424757,96.54257524,27.964,402.1666667,5.833333333,0.856714752,20.44033135
HBISE_2016_p6_t1.CSV,light,hbef,2016,12.02301869,3.824751786,14.62872622,12.59738387,30,12.13333333,4.331767675,5.975428614,23.575,17.46816667,7.2661833,2.522136695,0,0,0.638666667,516.5046199,17.60755653,14.36936229,3.72485624,8.267513177,4.808392826,3.418803419,96.58119658,23.575,355.0333333,4.966666667,0.918321663,19.8973178
HBISE_2016_p6_t2.CSV,light,hbef,2016,10.72989911,3.977865862,15.82341682,11.42045115,30,10.96666667,5.909943526,5.255429595,22.224,16.16526667,7.801954878,2.998016899,0,0,0.631884058,351.7265436,15.03681845,11.20806113,4.729090077,6.704369241,3.646094583,0.462662338,99.53733766,22.224,410.8,5.233333333,0.861854819,16.94222689
HBISE_2016_p6_t3.CSV,light,hbef,2016,9.005108099,2.775989071,7.706115321,9.409634248,30,9.233333333,6.079763902,5.117133716,22.024,15.42676667,6.866819395,2.362365721,0,0,0.58115942,264.464731,12.67608914,10.18732032,4.305590189,6.52695742,3.716074427,5.439012012,94.56098799,22.024,394.2,5.933333333,0.863390909,17.58707096
HBISE_2016_p6_t4.CSV,light,hbef,2016,7.606084327,4.388239111,19.25664249,8.744556775,30,6.433333333,4.718398258,5.893791785,22.273,15.5752,6.795126468,2.790417086,0,0,0.595652174,173.5249652,10.37913277,8.111631653,4.52876469,6.000445492,4.008097866,2.968075928,97.03192407,23.327,386.4666667,5.4,0.887645012,18.20842105
HBISE_2016_p6_t5.CSV,light,hbef,2016,11.13374146,4.274148738,18.26834744,11.90040341,30,11.6,5.677509039,5.840406221,23.15,16.24673333,7.599739049,3.248648478,0,0,0.656944444,521.0669091,16.82751118,15.42406485,5.890650195,7.857440189,4.69390256,0.644318677,99.35568132,23.15,382.9666667,5.333333333,0.843495643,17.35675676
HBISE_2016_p7_t1.CSV,control,hbef,2016,9.071794264,2.909223668,8.463582353,9.512040481,30,8.066666667,6.260677973,3.938609358,21.84,15.63273333,7.308100785,3.298631637,0,0,0.657971014,215.9949887,10.76748434,10.00281309,5.287471483,6.892289114,3.398249271,2.014098691,97.98590131,21.84,430.4333333,5.666666667,0.823652276,15.29269632
HBISE_2016_p7_t2.CSV,control,hbef,2016,9.561043962,2.798010098,7.828860507,9.948942664,30,9.566666667,7.411308897,4.22376963,24.294,13.47373333,7.744806319,3.40366745,0,0,0.713333333,181.9045056,9.312814182,9.755818654,5.097619958,6.58731281,2.529254861,2.312045271,97.68795473,24.294,412.4666667,6.066666667,0.773197148,13.57562408
HBISE_2016_p7_t3.CSV,control,hbef,2016,11.16914293,2.454850668,6.026291802,11.42694925,30,11.46666667,4.539242048,3.936857957,23.248,14.0645,7.903511274,3.303015176,0,0,0.686111111,173.0391681,8.437952786,10.09158664,3.550673193,7.877822174,2.597186229,0.124141356,99.87585864,23.248,402.9,4.566666667,0.669776532,12.06899811
HBISE_2016_p7_t4.CSV,control,hbef,2016,9.945206802,2.041677074,4.168445276,10.14576934,30,9.533333333,4.981391189,2.763472744,25.91,15.29926667,7.370218509,3.001316253,0,0,0.714814815,244.2700758,11.33893746,10.75632712,4.953915671,7.220587851,3.198226591,2.444857826,97.55514217,25.91,376.4333333,4.333333333,0.757687907,14.56756757
HBISE_2016_p7_t5.CSV,control,hbef,2016,9.41868572,2.982431758,8.894899191,9.864585305,30,9.433333333,5.518765323,4.643745021,20.824,13.0132,7.802647858,3.382567633,0,0,0.674242424,199.8099971,8.789476722,11.07046052,4.218767637,6.571871906,3.453939873,0.657791699,99.3422083,20.824,425.8,5.466666667,0.814187837,13.81913303
HBISE_2016_p8_t1.CSV,double,hbef,2016,11.92873571,5.338204595,28.49642829,13.03231687,30,11.36666667,5.971395046,5.845619246,24.824,16.80533333,5.836807316,2.425099716,0,0,0.724358974,369.3723169,14.28505859,12.85727102,5.658614576,8.11332525,6.107460408,16.3848145,83.6151855,24.824,386.4666667,4.2,0.915341821,18.90593047
HBISE_2016_p8_t2.CSV,double,hbef,2016,8.132765495,3.859258156,14.89387351,8.974368259,30,7.8,4.613277667,5.101723847,22.423,13.9339,6.100528314,2.48544157,0,0,0.67826087,423.4738728,14.34049225,14.75886699,6.215062284,5.443292146,3.945679831,12.33688256,87.66311744,22.423,416.5,6.333333333,0.831690421,15.2393321
HBISE_2016_p8_t3.CSV,double,hbef,2016,9.983590339,3.711617538,13.77610475,10.62962734,30,9.633333333,5.546612949,6.037145554,22.562,16.61943333,7.119642696,2.890003227,0,0,0.6125,532.2125177,18.37480321,13.94916215,4.77107962,7.006054635,4.771448789,3.26275873,96.73724127,22.562,422.0666667,4.633333333,0.918896081,19.51391326
HBISE_2016_p8_t4.CSV,double,hbef,2016,7.975357784,4.285930179,18.3691975,9.020156467,30,5.566666667,4.946275549,5.130593387,21.363,15.33183333,5.183556269,2.07352349,0,0,0.653030303,537.2168377,16.52727403,16.25010926,5.416040786,5.660035471,5.042487725,14.59218643,85.40781357,21.363,486.4666667,4.566666667,0.840804368,15.86717095
HBISE_2016_p8_t5.CSV,double,hbef,2016,6.284634629,2.652309381,7.034745053,6.804181507,30,5.4,4.949556795,3.509592765,21.811,11.6228,5.039784837,2.281113668,1,0.033333333,0.694202899,140.0783809,8.035850544,8.689274247,5.458396104,4.707558771,3.08822218,18.92754349,81.07245651,21.811,532.8666667,6.666666667,0.825737158,14.18317936
HBISE_2016_p9_t1.CSV,heavy,hbef,2016,11.06500409,4.199299233,17.63411405,11.81019161,30,11.43333333,5.930177925,6.704004636,21.999,16.2249,7.22841517,2.885684696,0,0,0.643478261,385.7634231,15.40470483,12.1843544,4.378347353,7.43538467,4.718909964,2.098660265,97.90133974,21.999,430.5666667,3.366666667,0.94290915,19.54651163
HBISE_2016_p9_t2.CSV,heavy,hbef,2016,8.942234147,4.575911346,20.93896465,10.01022231,30,8.733333333,4.664982303,6.230809619,23.011,14.79683333,7.474640297,3.111252929,0,0,0.686111111,594.2209752,17.1291818,17.34393571,6.330268192,5.393476334,4.648260191,0.919088767,99.08091123,23.011,424.4666667,7.4,0.83634778,15.70602706
HBISE_2016_p9_t3.CSV,heavy,hbef,2016,10.0158777,3.578937432,12.80879314,10.61600864,30,7.933333333,4.596873191,6.52810018,25.359,19.79216667,4.070292024,1.644536919,0,0,0.626923077,1701.265307,33.27032532,24.37931008,3.894279696,8.138531387,6.356084774,25.80608473,74.19391527,25.359,586.3,2.366666667,0.932039164,21.72979215
HBISE_2016_p9_t4.CSV,heavy,hbef,2016,10.17364654,4.623174859,21.37374578,11.14290678,30,9.033333333,5.700891135,6.255939706,25.495,18.20623333,4.36823081,1.673673372,0,0,0.669230769,1013.416248,22.60413143,22.41583125,5.680774296,7.260991737,5.403234703,33.86790211,66.13209789,25.495,561.3333333,4.033333333,0.93922542,21.58365759
HBISE_2016_p9_t5.CSV,heavy,hbef,2016,11.18212233,3.450021086,11.9026455,11.68527922,30,10.4,6.271015322,5.190176397,22.402,16.33566667,6.714189128,2.555755991,0,0,0.595652174,499.6584217,15.8879155,15.72363071,4.809995959,8.455041039,5.121724941,4.273766592,95.72623341,22.402,434.5666667,3.5,0.932094329,19.44566575
ISEp10t1.CSV,moderate,hbef,2015,8.411177622,2.83408969,8.032064373,8.86071317,30,8.666666667,5.97304604,3.670322107,18.273,11.1381,7.767579565,3.516166112,0,0,0.635087719,47.64790526,5.074475606,4.679487428,3.257629108,5.789267149,2.869527094,0.364420646,99.63557935,18.273,448.3333333,3.5,0.784780817,11.99778148
ISEp10t2.CSV,moderate,hbef,2015,7.136193448,2.984360592,8.906408143,7.715878745,30,6.366666667,6.221485067,3.652899966,21.754,12.85223333,7.400125949,3.666946825,0,0,0.672463768,122.0384066,7.658239705,7.961769349,4.840281281,4.947995475,2.766022496,0.916238872,99.08376113,22.404,513.1,4.733333333,0.772656189,13.41281513
ISEp10t3.CSV,moderate,hbef,2015,6.933986487,2.740266964,7.509063035,7.439014017,30,6.566666667,6.754953068,4.288584151,22.055,13.60403333,7.321202675,3.414433604,0,0,0.657971014,195.8963239,9.384403288,10.38408873,5.093514121,4.943546813,2.631165336,1.220548943,98.77945106,22.055,549.0666667,5.7,0.711650123,13.30530339
ISEp10t4.CSV,moderate,hbef,2015,5.745231474,1.704129613,2.904057738,5.984558505,30,5.433333333,5.472620073,3.645340279,19.821,11.0751,6.787261623,3.495017222,0,0,0.711111111,93.87517094,5.990560327,7.615008726,4.14512485,4.204496331,2.103040659,2.714356401,97.2856436,19.821,471.7,4.8,0.748153153,11.10798122
ISEp10t5.CSV,moderate,hbef,2015,7.504304076,2.391377541,5.718686542,7.864009367,30,7.1,6.454557692,3.37689921,19.773,11.07373333,7.582507814,3.173295429,0,0,0.657142857,66.50705838,5.979275702,5.545747963,3.419860402,5.248198211,2.277451178,0.61770296,99.38229704,19.773,491.2,4.433333333,0.708999954,11.46339066
ISEp1t1.CSV,double,hbef,2015,10.07081004,3.575041175,12.78091941,10.65659835,20,9.55,6.480797806,4.673272267,18.567,13.98375,6.35447544,2.90477483,0,0,0.675,248.1739431,12.05693562,10.13924289,4.150459402,6.213782579,4.141445805,7.367425735,92.63257427,19.527,634.7,3.85,0.89665673,14.7469459
ISEp1t2.CSV,double,hbef,2015,8.883497513,3.655775533,13.36469474,9.571467394,20,7.85,7.270902238,4.602916695,22.459,14.7915,7.470045204,3.91289159,0,0,0.72173913,374.3179454,13.73352797,13.62747794,5.155023186,5.097906554,3.507922073,1.723025891,98.27697411,22.459,542.8,5.95,0.892238992,16
ISEp1t3.CSV,double,hbef,2015,5.325551264,1.646380442,2.71056856,5.549865581,10,4.3,4.367418541,2.750757471,20.465,13.9475,6.993352189,2.75779609,0,0,0.547619048,54.32943242,6.01239445,4.263865077,4.476737335,4.542487168,2.669534906,1.476438865,98.52356114,20.465,1131.3,4.9,1.112401588,13.13682678
ISEp1t4.CSV,double,hbef,2015,7.955964386,2.185723302,4.777386354,8.221740511,10,7.8,6.528398707,4.613988393,20.559,12.1296,8,4.028736415,0,0,0.740909091,702.3286284,16.39060017,20.82490947,6.603109574,5.123482094,2.33174428,0.88423712,99.11576288,22.454,1108.5,6.7,1.045161948,8.022222222
ISEp1t5.CSV,double,hbef,2015,9.045755853,1.606978467,2.582379792,9.180357279,20,9.35,7.617367222,3.199917762,17.707,11.766,8,3.958500888,0,0,0.697368421,165.2807068,8.932718179,9.245931684,3.713475815,5.10961789,2.515914174,1.171414124,98.82858588,22.354,593.45,3.8,0.728710112,10.27583528
ISEp2t1.CSV,light,hbef,2015,4.556086515,2.487937275,6.189831882,5.161227046,20,3.95,8,2.502104377,23.356,7.44015,7.860391445,5.344917473,0,0,0.797916667,59.28330885,3.247093949,6.98138165,6.459688238,5.403050883,2.20986769,0.328922206,99.67107779,24.966,653.8,5.15,0.669088011,9.456281407
ISEp2t2.CSV,light,hbef,2015,7.608885851,1.984402877,3.937854779,7.850866572,20,6.7,6.172663625,3.045272436,20.664,12.5957,7.322616655,3.350366925,0,0,0.638636364,73.29492607,6.460643737,5.617384496,4.096575413,6.029756928,2.833387691,0.896212778,99.10378722,20.664,691.95,4.5,0.707076663,12.52154532
ISEp2t3.CSV,light,hbef,2015,7.57192708,2.82539988,7.982884482,8.057159546,20,7,5.156837481,4.19272553,68.05,16.7191,6.790699978,3.221270954,0,0,0.880434783,196.2572527,10.11989491,9.687361855,13.12861912,5.479055311,2.868431581,2.833545961,97.16645404,68.05,744.8,8.85,0.579401042,12.8238342
ISEp2t4.CSV,light,hbef,2015,6.16857478,1.625239631,2.641403857,6.368724243,20,5.85,6.091337359,1.926955603,20.22,8.14605,7.254482742,3.552981918,0,0,0.726190476,182.1779269,5.755551349,12.20866723,3.182484919,4.122102365,2.034653219,2.659825829,97.34017417,20.22,740.8,3.75,0.524730576,7.648930017
ISEp2t5.CSV,light,hbef,2015,6.48176335,1.698766711,2.885808338,6.6899009,20,7.35,6.363396815,4.094604923,20.957,10.65035,7.751604866,3.679638164,0,0,0.690909091,203.5330932,8.224149202,11.65746384,4.885388271,4.44369133,2.304239307,0.273558419,99.72644158,20.957,694.7,5.55,0.600689836,10.56914286
ISEp3t1.CSV,moderate,hbef,2015,7.594920464,2.84013944,8.066392038,8.083680429,20,6.65,4.566339038,3.216323498,21.959,14.14275,6.415238011,2.868774999,0,0,0.660869565,149.999934,9.030343724,8.273622316,6.039173304,5.654943222,3.207961044,5.037526268,94.96247373,21.959,832.9,5.65,0.900465017,17.60926194
ISEp3t2.CSV,moderate,hbef,2015,7.768756471,2.414689524,5.830725499,8.117435946,20,7.9,6.991678857,3.625930008,18.672,11.088,7.513735612,3.752858761,0,0,0.665,105.979512,5.45845275,8.728390776,3.290605032,5.615872826,2.609063393,0.977393617,99.02260638,18.672,752.15,4.05,0.757991233,11.39340102
ISEp3t3.CSV,moderate,hbef,2015,7.591550225,2.958366527,8.75193251,8.120712451,20,7.95,5.779593903,4.346504948,19.231,10.5373,7.576107792,3.235614637,0,0,0.64,59.01670969,5.923133107,4.892157386,2.751357007,5.300355461,2.785652113,0.827159606,99.17284039,19.231,695.3,3.5,0.733626755,11.67567568
ISEp3t4.CSV,moderate,hbef,2015,7.431610355,2.770864804,7.677691762,7.907125877,20,6.95,5.309467699,3.99308613,63.05,13.9012,7.395574277,3.110179119,0,0,0.88203125,133.6158139,8.287777143,8.057826251,12.18458938,5.00000756,2.851350464,0.98982099,99.01017901,63.05,712.4,9.25,0.592439725,12.50740538
ISEp3t5.CSV,moderate,hbef,2015,8.290221461,3.452561234,11.92017907,8.947175085,20,7.9,5.935096042,4.482715343,17.776,12.49575,7.459972299,3.175175107,0,0,0.634210526,65.97748404,6.608307531,4.72310868,4.021540944,5.867086537,2.771475982,0.731101038,99.26889896,17.776,684.05,4.25,0.877871388,13.87006461
ISEp4t1.CSV,control,hbef,2015,9.05004494,2.472678499,6.114138957,9.365454897,20,9.25,5.367262212,4.076569765,20.566,12.73545,7.621297533,3.159088961,0,0,0.640909091,149.2079593,6.656454295,10.24204938,3.401558582,6.253722349,2.539425175,0.809905771,99.19009423,20.566,642.2,3,0.684092958,12.22526934
ISEp4t2.CSV,control,hbef,2015,9.074947388,1.887718794,3.563482246,9.259588448,20,9.5,6.041093089,2.460209662,19.57,12.4956,7.852145307,3.576240618,0,0,0.664285714,44.19658345,5.628391381,3.53804945,3.828276586,6.894517199,2.545796524,0.121886189,99.87811381,19.672,656.5,5,0.732995518,11.77087034
ISEp4t3.CSV,control,hbef,2015,10.16058616,2.580675227,6.659884628,10.46730154,20,10.7,5.441909213,4.425999738,22.657,15.0486,6.987266559,3.103600623,0,0,0.647916667,301.5178683,13.32689169,11.1315689,4.437301259,6.24561745,2.952117626,3.402160335,96.59783966,22.657,680.6,3.55,0.739185695,14.03488943
ISEp4t4.CSV,control,hbef,2015,8.386067925,1.331924728,1.774023481,8.48595649,20,8.35,6.224770372,2.033275812,19.723,11.26725,7.85220227,3.379464702,0,0,0.69047619,43.35893332,3.889562433,5.313213472,3.789069749,6.251434825,1.996427388,0.582880869,99.41711913,20.711,626.35,4,0.712052187,8.960763521
ISEp4t5.CSV,control,hbef,2015,9.480451257,1.898769114,3.605324149,9.659400291,20,9.6,5.406410896,2.72222819,20.459,12.9984,7.557304292,3.229455822,0,0,0.647619048,59.95697387,6.354935043,4.423999827,3.051831191,6.914617475,2.534873562,0.765931373,99.23406863,20.459,652.95,3.65,0.656538462,11.46806283
ISEp5t1.CSV,heavy,hbef,2015,8.847508621,2.606274152,6.792664957,9.204968251,20,9.35,6.28611556,3.587624929,23.417,11.97155,7.633723219,3.798677539,0,0,0.735416667,111.0491026,6.791927802,8.057221562,4.181391149,6.298105414,2.755596006,1.78595867,98.21404133,46.446,730.85,4.55,0.779071577,11.67921796
ISEp5t2.CSV,heavy,hbef,2015,9.003118579,2.197287863,4.828073954,9.254340301,20,8,6.320065074,2.695024656,20.661,13.63705,7.528330959,3.530498688,0,0,0.672727273,234.5223606,10.72269587,10.93371639,3.984415793,5.686371906,2.732197486,0.767085077,99.23291492,73.05,645.45,4.55,0.77332069,12.65934066
ISEp5t3.CSV,heavy,hbef,2015,8.051520405,2.872306476,8.250144489,8.524354409,20,8,5.191538199,4.712804506,20.361,12.60715,7.602179574,3.515732204,0,0,0.673809524,232.2451375,8.820844421,12.42730225,4.221876463,6.159112361,3.084029201,0.547924062,99.45207594,20.361,648.05,4.1,0.715868041,11.62167183
ISEp5t4.CSV,heavy,hbef,2015,8.431226686,2.47660315,6.133563161,8.769975395,20,8,7.041166939,3.933660409,21.459,13.3404,7.801494836,3.613160926,0,0,0.697727273,239.2753148,10.50442024,11.35484347,4.775130556,5.809469235,2.179093765,0.551592263,99.44840774,21.467,680,5.1,0.738401846,11.70681668
ISEp5t5.CSV,heavy,hbef,2015,8.116622156,3.449387734,11.89827574,8.785380878,20,7.4,5.007578035,4.794733953,21.756,14.76795,6.402426457,3.347608743,0,0,0.702173913,347.6662188,14.15873833,12.13245019,3.955043768,6.097809675,4.639877413,13.73258307,86.26741693,21.756,746.55,3.4,0.884997308,16.13843508
ISEp6t1.CSV,light,hbef,2015,10.26537308,4.063270091,16.51016383,11.01533974,30,9.933333333,7.033268922,5.508196609,22.161,15.45713333,7.456694136,3.085511792,0,0,0.652173913,198.8138714,11.94645929,7.489725089,4.915908354,7.078635419,3.945914219,0.9078123,99.0921877,22.161,521.5333333,5.933333333,0.909943699,17.92159303
ISEp6t2.CSV,light,hbef,2015,8.660628886,5.807441364,33.72637519,10.38699709,40,8.775,7.891395179,6.600262233,21.457,11.7515,5.850629162,3.050477108,8,0.2,0.764772727,125.7713436,6.90660774,8.835729347,7.235264339,7.382593171,3.967284274,6.187076698,93.8129233,21.457,409.85,5.05,0.90581959,14.30684474
ISEp6t3.CSV,light,hbef,2015,9.844710622,2.459612233,6.049692338,10.13240026,20,9.7,5.263534149,3.700640058,17.975,13.7001,7.813882494,3.374026594,0,0,0.581578947,82.24793031,7.32363968,5.349040302,2.197892313,6.254100884,3.088464388,0.200817615,99.79918239,21.754,697.3,3.1,0.809463803,13.49759744
ISEp6t4.CSV,light,hbef,2015,9.295928252,3.368109152,11.34415926,9.868145859,30,8.933333333,6.657225954,5.179091475,56.05,16.66576667,7.505823998,3.381602847,0,0,0.877192982,329.4199194,13.7591999,11.83656781,8.560499706,6.486487448,3.716563454,0.827466067,99.17253393,56.05,459.3666667,7.033333333,0.796522817,16.32124352
ISEp6t5.CSV,light,hbef,2015,8.951313466,3.516547472,12.36610612,9.601196083,40,8.9,8,5.18281183,22.159,12.74805,7.686926492,4.167657992,0,0,0.740217391,394.199666,11.71453212,16.03026522,6.161643387,6.334416986,3.314960615,0.962099125,99.03790087,22.159,343.125,5.75,0.788301092,13.1524292
ISEp7t1.CSV,control,hbef,2015,8.182043057,2.331670618,5.436687873,8.491800873,20,8.15,7.504593182,3.248886449,22.312,12.2715,7.410759457,4.218206732,0,0,0.773913043,95.51233274,6.123699177,7.616602992,5.105748561,6.489134441,2.820043611,0.720427609,99.27957239,47.05,645.6,6.9,0.768592297,10.4
ISEp7t2.CSV,control,hbef,2015,10.64804472,3.414991742,11.6621686,11.16486838,30,10.53333333,6.433669413,5.110727955,21.715,14.75116667,7.697806597,3.543762887,0,0,0.702898551,306.3971794,10.95121719,13.65532942,4.339161583,7.552215204,3.274870697,0.472890338,99.52710966,21.715,408.9666667,4,0.820943169,14.27964662
ISEp7t3.CSV,control,hbef,2015,10.20488153,2.867224248,8.22097489,10.58709353,30,10.46666667,5.213396822,3.989065514,23.957,13.44463333,7.670108525,3.311476125,0,0,0.701333333,111.7088958,7.848839358,7.078461453,4.291252188,7.216125627,2.90109399,0.819421045,99.18057896,23.957,435.4,4.733333333,0.736875058,13.81497797
ISEp7t4.CSV,control,hbef,2015,9.682745759,2.932820693,8.601437217,10.10298412,30,9.366666667,5.734500783,4.521849891,24.254,14.97436667,7.451935038,3.380431685,0,0,0.705333333,293.63453,12.50297213,11.71794427,4.530212384,6.876472653,3.164993643,1.342568839,98.65743116,24.254,389.9333333,5.833333333,0.791426681,14.193839
ISEp7t5.CSV,control,hbef,2015,9.309984062,2.771219146,7.679655553,9.700488146,30,9.766666667,7.13609772,4.492778369,22.557,12.92956667,7.910409282,3.625294749,0,0,0.706944444,257.8366078,11.34693932,11.36149532,4.109466143,5.901588784,2.626133619,0.105962136,99.89403786,22.557,472,4.366666667,0.758708271,13.18359491
ISEp8t1.CSV,double,hbef,2015,8.957320804,3.577012354,12.79501738,9.622999158,30,8.7,7.08299153,4.757208686,18.281,12.35286667,7.36186912,3.639820731,0,0,0.684210526,99.62767037,7.020355829,7.095228989,4.387018701,6.789661067,3.846546579,1.557782048,98.44221795,18.281,485.8666667,3.666666667,0.938140107,15.47277937
ISEp8t2.CSV,double,hbef,2015,6.764585678,3.540734276,12.53679921,7.607793721,30,6.066666667,6.335750352,4.653017807,22.561,12.7678,6.617068907,3.2924575,0,0,0.713888889,184.6893323,8.589421966,10.53143687,4.800531755,5.133630453,3.957640838,2.776105425,97.22389457,22.561,498.4333333,5.266666667,0.748385783,13.09753086
ISEp8t3.CSV,double,hbef,2015,7.871702744,3.402847004,11.57936773,8.553191971,30,6.6,4.993199939,4.351773321,62.05,15.2303,7.128527814,3.127891473,0,0,0.888888889,533.9148708,15.33175356,17.2873423,10.94510943,5.470800875,4.373783032,1.928318343,98.07168166,62.05,489.3333333,9.466666667,0.779704557,16.09489051
ISEp8t4.CSV,double,hbef,2015,6.547522699,2.17413952,4.726882652,6.887624655,30,5.866666667,6.670714857,3.126453685,19.767,10.5814,7.410947177,3.628985333,0,0,0.682539683,67.53908217,5.455501217,6.146266236,4.408588386,4.629817464,2.365577051,1.402013464,98.59798654,19.767,539.8333333,4.566666667,0.76963859,11.91185229
ISEp8t5.CSV,double,hbef,2015,5.640986962,2.310555,5.338664409,6.08123695,30,5.066666667,6.052337939,2.851899951,13.733,8.351366667,6.41002901,3.226053649,1,0.033333333,0.64,21.34755557,3.188646982,3.343663559,3.288968778,4.106628372,2.017373371,15.32868828,84.67131172,13.733,550.3,3.266666667,0.815122705,9.777943368
ISEp9t1.CSV,heavy,hbef,2015,9.877109947,3.454606669,11.93430724,10.44479765,30,10.2,7.215174322,4.787915823,20.759,13.78803333,7.886878858,3.590123873,0,0,0.675757576,204.9591162,9.830728193,10.40749247,4.721963899,6.999440612,3.448330594,0.124332626,99.87566737,20.759,455.9,5.333333333,0.812367397,14.25778331
ISEp9t2.CSV,heavy,hbef,2015,8.096323947,2.570305404,6.60646987,8.481551489,30,8.033333333,6.299400456,3.986903849,19.073,11.1112,7.774565893,3.314677196,0,0,0.658333333,126.3857198,7.030582006,8.772493172,3.852050304,5.449801194,2.340700721,0.331973166,99.66802683,19.073,482.1,4.666666667,0.665089922,10.95827901
ISEp9t3.CSV,heavy,hbef,2015,9.203539722,2.375500486,5.643002558,9.495264392,30,9.3,4.712468799,3.630806883,22.154,12.89033333,7.818576556,3.206924727,0,0,0.663768116,192.900993,9.043019347,10.54157455,4.492976391,6.299014354,2.569817904,0.242016807,99.75798319,22.154,495.9666667,4.733333333,0.607042321,12.28858447
ISEp9t4.CSV,heavy,hbef,2015,9.233883398,2.42761403,5.893309878,9.537372218,30,8.666666667,5.155567129,2.998083679,22.909,12.4602,7.454437622,3.271649198,0,0,0.693055556,117.400972,7.041938473,8.234808713,3.656517048,6.813140712,2.935500745,2.091267455,97.90873254,22.909,499.0333333,4.266666667,0.701365123,12.06248456
ISEp9t5.CSV,heavy,hbef,2015,8.549608234,2.145837395,4.604618128,8.806073576,30,8.4,7.502440178,3.286335345,20.36,12.37873333,7.700560697,3.167635062,0,0,0.663492063,127.9639227,7.884562971,8.111571331,4.041890296,5.600068687,2.814330467,0.599762884,99.40023712,20.36,478.1,4.9,0.754236637,12.03642207
