plot,site,year,mean.height,height.2,mean.height.var,mean.height.rms,transect.length,mode.el,max.el,mode.2,max.can.ht,mean.max.ht,mean.vai,mean.peak.vai,deep.gaps,deep.gap.fraction,porosity,std.std,mean.std,rugosity,top.rugosity,mean.return.ht,sd.return.ht,sky.fraction,cover.fraction,max.ht,scan.density,rumple,clumping.index,enl
AF_50MGRID_061512_10.CSV,ameriflux,2012,10.23043865,4.035020069,16.28138696,10.98260598,50,9.86,5.676431883,4.651135477,19.948,14.79802,7.075318041,3.03457034,0,0,0.634285714,181.5895802,10.06576583,8.959349221,4.359646608,7.948514212,4.713419885,2.591553455,97.40844654,19.948,271,4,0.940389309,17.88646288
AF_50MGRID_061512_11.CSV,ameriflux,2012,10.21021913,4.005613616,16.04494044,10.95320119,50,10.6,5.826841175,5.767608354,21.854,14.82256,7.550450082,2.957040462,0,0,0.66,410.0928843,14.2280599,14.41024621,4.72148555,6.819123278,4.81775723,0.718160287,99.28183971,21.854,261.9,4.1,0.927336833,18.50187583
AF_50MGRID_061512_12.CSV,ameriflux,2012,9.76934911,3.913147612,15.31272423,10.5093602,50,9.28,5.648169251,4.589428847,22.136,14.28964,7.22762663,3.289376538,0,0,0.688695652,250.1212745,11.31531124,11.04920839,5.272615301,7.251955835,4.96558411,2.087822275,97.91217772,22.136,269.3,4.64,0.918186069,17.73650706
AF_50MGRID_061512_13.CSV,ameriflux,2012,9.54210556,4.673701191,21.84348282,10.6046401,50,9.26,5.515642487,5.941242913,22.138,15.14904,6.757670085,2.854604834,0,0,0.654782609,367.7504792,14.11074659,12.98604289,5.991796385,6.961298367,5.49285474,3.370786517,96.62921348,22.138,251.1,5.4,0.925081984,18.61450337
AF_50MGRID_061512_6.CSV,ameriflux,2012,9.439190472,3.893384979,15.15844659,10.19576355,50,9.26,5.886090819,5.118234708,21.344,14.39156,7.334140277,2.874891306,0,0,0.63,418.2290831,15.73266069,13.06569825,5.145226669,6.338417322,4.909467867,1.977924291,98.02207571,21.344,270.1,5.22,0.910262301,17.88672929
AF_50MGRID_061512_7.CSV,ameriflux,2012,9.687113781,4.167800703,17.3705627,10.52916544,50,9.7,7.357593903,5.603388188,21.092,13.85736,7.761260695,3.230995029,0,0,0.642727273,207.0520921,11.83614494,8.182772458,4.575890406,6.548105681,4.666828442,0.743354858,99.25664514,21.206,266.48,3.76,0.932269879,18.07901206
AF_50MGRID_061512_8.CSV,ameriflux,2012,9.524394746,3.825375634,14.63349874,10.24963043,50,8.9,5.71618572,5.280885826,20.645,14.92228,7.701409525,2.812662506,0,0,0.631818182,268.4363316,13.91824882,8.643996839,4.372256906,6.264310319,4.343944738,0.50799909,99.49200091,20.645,263.9,4.28,0.934078879,18.32476818
AF_50MGRID_061512_9.CSV,ameriflux,2012,10.98345946,3.761989602,14.15256576,11.5976677,50,10.88,5.988417216,4.984219997,21.253,14.85446,7.343768876,3.006582205,0,0,0.628181818,261.0243468,11.79762198,11.03813673,4.71820525,8.267375742,4.801334897,2.126357656,97.87364234,21.544,261.6,4.4,0.930310414,18.18469399
AF_50MGRID_081512_1.CSV,ameriflux,2012,10.31221906,4.331708262,18.76369647,11.16827133,50,9.88,6.410792987,5.787530579,20.823,14.95616,6.939563663,3.046266948,0,0,0.666363636,499.1663459,16.12622768,15.46321851,5.46569278,7.511544333,5.333331097,3.709063214,96.29093679,21.262,262.72,5.08,0.938237737,18.18401512
AF_50MGRID_081512_14.CSV,ameriflux,2012,10.01376869,4.828914207,23.31841242,11.09628801,50,9.92,5.983715917,6.514786948,21.639,15.54832,6.726187837,2.850291189,0,0,0.674782609,503.962129,16.2504435,15.48822827,6.024718344,7.516012085,5.681994467,6.052470083,93.94752992,21.639,260.84,5.06,0.946412633,19.20845921
AF_50MGRID_081512_15.CSV,ameriflux,2012,9.599405892,4.674811178,21.85385955,10.65670567,50,8.78,7.906474223,6.386497235,21.463,15.8296,6.722200492,3.029859098,0,0,0.63,550.6498811,17.13510966,16.0324015,5.624499038,7.521356874,5.460887484,4.188330445,95.81166956,21.463,277.08,4.56,0.965230241,19.94089322
AF_50MGRID_081512_16.CSV,ameriflux,2012,10.79658969,4.646613656,21.59101847,11.73565282,50,9.58,6.432645948,6.324845727,21.996,16.61046,6.022244051,2.572876671,1,0.02,0.664347826,624.513163,17.09073076,18.2323911,5.188784794,9.21935972,5.877970174,8.57662905,91.42337095,21.996,274.82,3.74,0.942850875,19.31501167
AF_50MGRID_081512_17.CSV,ameriflux,2012,11.65436891,4.649741188,21.62009312,12.53044317,50,10.06,5.847597536,5.545397062,22.043,16.96004,5.745045508,2.561828514,1,0.02,0.671304348,519.6469938,14.4215374,17.65407185,5.198479703,10.53189923,5.800160374,8.883968726,91.11603127,22.043,289.18,4.12,0.935172071,18.69719969
AF_50MGRID_081512_18.CSV,ameriflux,2012,11.59747059,4.273369346,18.26168556,12.34494941,50,11.26,5.726896168,5.619971675,21.486,17.5122,6.891373321,2.727225362,0,0,0.619090909,462.2020639,16.58367738,13.68150974,4.453780774,9.28896264,5.716931051,2.981949458,97.01805054,21.486,277.12,3.98,0.932973163,18.70655301
AF_50MGRID_081512_19.CSV,ameriflux,2012,11.72111957,3.996741669,15.97394397,12.37089766,50,11.4,5.071485351,5.876275372,21.649,16.72344,7.206468382,2.658806275,0,0,0.614782609,440.4273496,15.92694263,13.66601069,4.653580295,8.929127844,5.421922532,1.805595204,98.1944048,21.649,280.36,3.92,0.942023885,19.75727373
AF_50MGRID_081512_2.CSV,ameriflux,2012,10.67988114,4.236824075,17.95067825,11.47394988,50,11,7.0175534,5.710713169,20.657,15.76302,7.011236534,3.028039762,0,0,0.652727273,389.2259748,15.36538973,12.37460194,4.770797796,7.774795005,5.243664867,2.800902513,97.19909749,20.657,257.18,4.78,0.945501718,18.56067158
AF_50MGRID_081512_20.CSV,ameriflux,2012,10.38345957,4.112264206,16.9107169,11.1529698,50,9.8,6.700855017,5.67126664,22.156,16.43322,7.071921771,3.002692108,0,0,0.631304348,500.5519371,16.01511237,15.62267944,3.985939565,8.020612413,5.377996774,2.683565815,97.31643419,22.156,282.58,3.6,0.9545915,20.03298418
AF_50MGRID_081512_21.CSV,ameriflux,2012,10.03251774,4.14188995,17.15525236,10.83806069,50,9.74,5.641670184,5.150034674,21.834,13.19534,7.378089787,3.069612037,0,0,0.686086957,238.8286617,10.21270604,11.59867652,4.94046767,7.101127944,4.795081337,3.463172805,96.5368272,21.834,282.52,5.1,0.921661897,17.61332613
AF_50MGRID_081512_22.CSV,ameriflux,2012,9.849313906,3.329717844,11.08702092,10.38625365,50,8.94,6.081368227,4.464874247,21.181,14.82184,6.572268101,2.803921336,0,0,0.66,191.1215129,10.62880498,8.840249868,3.60148456,7.405861095,4.185318937,6.654006836,93.34599316,21.181,263.42,4.16,0.917612619,17.16691213
AF_50MGRID_081512_23.CSV,ameriflux,2012,9.732114164,3.215263736,10.33792089,10.23939493,50,9.14,6.365404056,4.398561917,21.578,14.77042,6.647982779,2.762379812,0,0,0.686086957,281.1820869,12.09843437,11.61076969,4.168506918,7.655558707,4.477369008,5.227289748,94.77271025,21.578,267.18,3.52,0.923808247,17.72351421
AF_50MGRID_081512_24.CSV,ameriflux,2012,9.31974948,4.086251811,16.69745386,10.15978519,50,9.34,6.455780151,5.141309291,20.993,13.43298,6.307546859,2.533662647,1,0.02,0.649090909,261.4171015,10.63883777,12.17506601,5.079256729,6.963640108,4.667621353,8.934760841,91.06523916,20.993,259.78,5.34,0.929905225,17.94700072
AF_50MGRID_081512_25.CSV,ameriflux,2012,9.071537277,3.651029242,13.33001452,9.765050066,50,8.66,6.748135054,5.278411944,21.041,13.73018,6.254458526,2.74798068,0,0,0.640909091,350.635322,13.25364391,13.22785868,4.637153229,6.813473574,4.593482834,7.736771899,92.2632281,21.041,270,4.34,0.92062496,17.63592178
AF_50MGRID_081512_26.CSV,ameriflux,2012,8.828034631,4.05575738,16.44916793,9.698163745,50,7.68,6.836523456,4.858991245,22.333,14.69394,6.405942428,3.054808356,0,0,0.685217391,271.4625187,12.45729716,10.78324006,5.060634704,6.986986546,5.140570933,7.978019068,92.02198093,22.333,302.2,4.24,0.938769753,18.64068279
AF_50MGRID_081512_27.CSV,ameriflux,2012,10.11668188,3.752727115,14.0829608,10.77722385,50,9.06,7.007529862,5.0483782,20.66,14.30692,6.032774548,2.573618415,0,0,0.687272727,218.4981875,10.48539144,10.41896127,4.425015954,8.6693011,4.981653923,9.625974397,90.3740256,20.66,279.78,3.72,0.951861542,18.53634085
AF_50MGRID_081512_28.CSV,ameriflux,2012,9.317067511,3.712097523,13.77966802,10.01557895,50,8.62,6.799214891,4.767620379,20.447,14.06576,5.995670266,2.503324148,1,0.02,0.664761905,192.1868129,10.71704638,8.793846139,4.544789636,7.99175013,4.599014897,11.90932067,88.09067933,20.546,261.26,3.42,0.954891391,18.02502182
AF_50MGRID_081512_29.CSV,ameriflux,2012,9.914597722,3.792781393,14.38519069,10.60173263,50,9.86,6.3185967,4.759566092,20.649,13.84554,6.56523091,2.954839028,0,0,0.672727273,131.6234066,8.679805969,7.502291311,4.44596198,7.578912762,4.285888595,6.669985067,93.33001493,20.649,281.38,3.92,0.92634605,17.35869274
AF_50MGRID_081512_3.CSV,ameriflux,2012,12.51953663,3.871724543,14.99025093,13.09309907,50,12.36,6.133147179,5.889319284,20.948,17.05624,7.090498066,2.736011706,0,0,0.628181818,449.3162138,16.24745679,13.61382979,3.417452181,9.459893318,5.638086254,2.157629051,97.84237095,20.948,245.76,3.08,0.886946991,17.13418007
AF_50MGRID_081512_30.CSV,ameriflux,2012,10.0339235,3.494979464,12.21488145,10.61368007,50,9.26,6.192140286,4.543710612,20.237,14.53816,6.557007723,2.834049672,0,0,0.653333333,154.9947957,9.356553387,8.212776898,3.987014966,7.584645619,4.303946901,7.608087589,92.39191241,20.237,250.38,3.46,0.925396079,17.01284027
AF_50MGRID_081512_31.CSV,ameriflux,2012,9.678220039,3.83770596,14.72798704,10.39718089,50,9.06,6.473488791,5.112649379,20.687,14.857914,6.949776905,3.112781256,0,0,0.637272727,249.5561261,11.59898934,10.72471783,4.445409503,7.66407035,4.657852713,3.280324706,96.71967529,20.687,300.7,3.7,0.927941202,18.06433678
AF_50MGRID_081512_32.CSV,ameriflux,2012,9.648871386,2.803524325,7.859748643,10.0400833,50,9.08,7.549569742,4.212905343,21.605,14.72824,6.929503593,3.069776011,0,0,0.682608696,240.1545556,11.88479556,9.945159127,4.297981707,7.599274411,4.239749394,3.17045615,96.82954385,21.605,283.36,5.04,0.928563398,18.10860405
AF_50MGRID_081512_33.CSV,ameriflux,2012,9.745743412,3.390082177,11.49265717,10.30739146,50,9.14,6.242088141,4.29527505,19.961,14.40184,6.842290377,2.77693457,0,0,0.618095238,177.3728444,10.04400369,8.745903857,4.214181347,7.442103198,4.092726887,4.383911471,95.61608853,19.961,282.06,4.66,0.932823796,17.69182528
AF_50MGRID_081512_34.CSV,ameriflux,2012,9.042794373,4.134396507,17.09323448,9.925900456,50,9.2,6.727332619,5.492109368,20.602,13.7492,6.880157707,3.054443631,0,0,0.662727273,193.2444126,10.17132438,9.475683239,4.854538197,7.019521423,4.429414247,5.092488579,94.90751142,20.602,267.18,5.66,0.943011494,18.12735414
AF_50MGRID_081512_35.CSV,ameriflux,2012,9.747243387,4.069971223,16.56466576,10.54713829,50,9.3,5.906662241,5.697296172,20.488,15.17414,6.769064826,3.107486263,0,0,0.631428571,327.4503336,13.02337118,12.56352406,4.916325918,7.640179325,4.879958017,3.305244806,96.69475519,20.488,275.44,5.02,0.950779182,18.24448776
AF_50MGRID_081512_36.CSV,ameriflux,2012,9.126660016,4.480201404,20.07220462,10.14725005,50,8.94,6.202007449,6.089167364,22.03,14.83566,5.853769434,2.733264514,0,0,0.69826087,519.0997687,15.20532071,16.96755701,5.605205546,7.656613717,5.574119684,9.229550406,90.77044959,22.03,303.06,5.42,0.953042711,19.32418552
AF_50MGRID_081512_37.CSV,ameriflux,2012,9.077405901,5.656597648,31.99709695,10.67066586,60,8.366666667,8,6.610127481,22.325,13.4645,7.316931044,3.863453598,0,0,0.704347826,337.5196897,11.64372956,14.21067386,7.148873232,8.453613683,6.112082249,1.820356099,98.1796439,22.325,250.9833333,4.516666667,0.952490301,19.1425943
AF_50MGRID_081512_38.CSV,ameriflux,2012,10.53572766,5.053723586,25.54012208,11.66322755,50,9.62,7.543900808,6.496121292,22.527,15.27822,6.685844063,2.809978135,0,0,0.689166667,513.345673,15.77230278,16.26591953,5.906731073,7.850260527,6.179393991,3.707446473,96.29255353,22.527,316.78,4.72,0.917138803,18.11339669
AF_50MGRID_081512_39.CSV,ameriflux,2012,10.32844218,5.003267589,25.03268656,11.45463883,50,9.1,5.920668224,6.90829138,22.163,16.25374,6.30256674,2.726427286,0,0,0.660869565,604.0816076,18.02301831,16.71084734,5.551269823,8.405542333,6.299550134,7.467678652,92.53232135,22.163,311.06,3.7,0.929029931,18.70848708
AF_50MGRID_081512_40.CSV,ameriflux,2012,9.120271988,5.061796344,25.62178223,10.40618603,50,8.2,6.977838058,6.648615016,21.787,15.42778,6.169234684,2.877258042,1,0.02,0.697391304,460.8916203,14.46840599,15.86054376,5.518126983,7.685846965,5.730620301,8.480887605,91.51911239,21.787,263.3,4.82,0.938941802,18.60276498
AF_50MGRID_081512_41.CSV,ameriflux,2012,9.975019768,5.297390186,28.06234278,11.26952152,50,9.36,7.298816534,6.811634704,21.483,15.962,6.142831464,2.739196795,0,0,0.656363636,349.4489237,13.6221031,12.80184482,5.154923967,8.237505541,6.104614055,8.174049188,91.82595081,21.483,306.7,4.32,0.917250021,17.72314562
AF_50MGRID_081512_43.CSV,ameriflux,2012,10.60394489,4.717893649,22.25852048,11.58693218,50,10.42,6.062934606,5.657178932,22.149,14.4666,6.893467698,2.950869517,0,0,0.674782609,230.1096713,11.57943899,9.799299162,5.371881584,7.685266347,5.199819964,4.323740035,95.67625996,22.149,296.16,5.56,0.935205964,18.73004821
AF_50MGRID_081512_45.CSV,ameriflux,2012,9.534898676,4.342819836,18.86008413,10.45931046,50,9.38,5.772145136,5.788412069,20.981,15.6591,6.702798926,2.695499466,0,0,0.605454545,342.3542878,15.06434389,10.74336218,4.922037803,7.389073217,5.568664239,3.102040816,96.89795918,20.981,269.62,3.92,0.93218877,18.76803507
AF_50MGRID_081612_42.CSV,ameriflux,2012,10.53193284,4.337685617,18.81551651,11.37368962,50,10.08,6.604871657,6.100652357,21.566,16.17496,6.126353663,2.529603844,0,0,0.669565217,424.5394989,15.80910224,13.21407527,4.49043735,8.534752793,5.60777389,8.316263826,91.68373617,21.566,195.4,3.62,0.934846527,18.82168926
AF_50MGRID_081612_44.CSV,ameriflux,2012,9.072014685,4.515300672,20.38794016,10.11343818,50,8.66,6.209453366,5.919907611,21.696,14.87464,6.850201331,3.026008008,0,0,0.675652174,407.6447166,15.47286235,12.97055308,5.214694969,6.691885849,5.65297571,2.817018448,97.18298155,21.696,240.8,4.34,0.92597491,18.33298195
AF_50MGRID_081612_46.CSV,ameriflux,2012,9.465987767,4.100741661,16.81608217,10.29974198,50,9.68,6.496356522,5.804431804,21.676,13.42804,7.123538577,3.095549494,0,0,0.709565217,337.5640603,12.93281896,13.05014383,5.599157356,6.544293412,4.74537963,3.962978544,96.03702146,21.676,237.82,4.82,0.907394994,17.08361409
AF_50MGRID_081612_47.CSV,ameriflux,2012,10.03302616,4.19822791,17.62511758,10.85975272,50,9.72,8,5.341558284,20.912,14.07844,7.046317783,3.233553152,0,0,0.684545455,217.0950235,10.49701544,10.33961751,4.720222393,7.572635697,4.941233613,3.038222803,96.9617772,20.912,245,3.78,0.938626459,17.83044573
AF_50MGRID_081612_48.CSV,ameriflux,2012,10.86509306,4.148183337,17.207425,11.6152281,50,10.5,4.648011686,4.769161138,21.166,14.63684,6.4968413,2.574312877,0,0,0.674545455,142.4873238,9.05461451,7.778256869,4.730006452,8.521917136,5.17372004,6.247203079,93.75279692,21.166,223.58,3.72,0.953172793,18.70461179
AF_50MGRID_081612_49.CSV,ameriflux,2012,9.210442826,4.619597199,21.34067828,10.28675155,60,8.916666667,8,5.346602491,20.993,12.06908333,7.090849216,4.009393363,0,0,0.743181818,188.3163842,7.89502366,11.22430335,6.355159936,8.162299097,4.79380308,3.140478449,96.85952155,20.993,158.2666667,3.9,0.955791045,17.79238272
AF_50MGRID_081612_50.CSV,ameriflux,2012,11.19994364,4.350847195,18.92987131,11.9995838,50,11.16,6.170039346,5.219117135,21.263,14.36922,6.67085522,2.868647127,0,0,0.698181818,150.6423692,8.286606245,9.053978472,4.838192998,8.941309922,5.190045674,6.423044654,93.57695535,21.263,214.66,3.62,0.9548158,18.5188172
AF_50MGRID_081612_51.CSV,ameriflux,2012,9.880885685,5.120645283,26.22100811,11.1053361,50,9.46,7.708820157,5.973444636,20.797,13.62744,5.735366813,2.769786053,3,0.06,0.753636364,256.4267671,11.04387183,11.59567429,6.013688247,8.208300522,5.360904292,17.14016933,82.85983067,20.797,212.72,4.32,0.965872786,18.46643198
AF_A1_072516.CSV,ameriflux,2016,8.106007604,5.552613788,30.83151988,9.786117267,40,6.725,5.849379095,6.667900527,23.287,14.3816,5.173482484,2.409229995,1,0.025,0.732291667,935.6610807,19.47552313,23.58739238,8.140751836,5.473246306,5.42047441,24.47278788,75.52721212,23.287,345.1,8.3,0.904683336,16.81920041
AF_A2_072516.CSV,ameriflux,2016,10.86548563,3.95769882,15.66337995,11.54688588,40,9.975,6.699044953,5.590685936,23.554,17.619175,6.979302584,2.905263904,0,0,0.641,665.7602425,19.77125209,16.57883691,5.247584709,7.919551552,5.37922933,3.391076973,96.60892303,23.554,306.075,7.3,0.919655064,20.22297191
AF_A3_072516.CSV,ameriflux,2016,10.2215074,4.348603078,18.91034873,11.08678509,40,9.8,6.066983408,5.33589682,20.065,14.442675,4.322392978,2.012071755,0,0,0.702380952,227.7589395,9.818600903,11.46097796,4.835874584,8.935744349,5.392447393,28.43956044,71.56043956,20.065,284.5,3.65,0.926887826,16.25065003
AF_A4_072516.CSV,ameriflux,2016,9.196956791,5.940076592,35.28450992,10.90808926,40,8.4,4.070666593,6.800452474,19.929,13.238025,3.340729528,1.333725984,5,0.125,0.75,254.4426256,9.918538846,12.49260632,6.752183474,7.909420819,5.593565062,39.13774205,60.86225795,19.929,342.25,3.35,0.952535617,16.66666667
AF_A4a_072516.CSV,ameriflux,2016,9.453590884,5.744382261,32.99792756,11.02467052,40,9.2,5.664593378,7.020848075,22.689,13.21125,3.714027619,1.53287684,4,0.1,0.778125,283.5168288,10.87891336,12.85169533,7.063809649,8.125096583,5.446523523,48.06509482,51.93490518,22.689,390.325,5.125,0.957407827,18.95904722
AF_A4b_072516.CSV,ameriflux,2016,7.468297595,6.151021051,37.83505998,9.626248098,40,6.95,4.915762898,6.804787154,21.813,11.4125,2.877096367,1.187933717,12,0.3,0.775,450.6463737,12.04265477,17.48201475,8.907125638,8.090087244,5.164537419,56.08451874,43.91548126,21.813,481.675,4.3,0.971277281,19.55682337
AF_A5_0728016.CSV,ameriflux,2016,10.67396013,4.665022702,21.76243681,11.62548067,40,10.15,7.591382135,6.522348169,20.979,15.56845,6.488342716,2.814232541,0,0,0.619318182,347.4619081,14.15560991,12.12767976,4.136542598,7.642385332,5.515278704,7.176947321,92.82305268,20.979,277.75,4.125,0.924803953,18.22130216
AF_B1_072516.CSV,ameriflux,2016,7.277195885,4.670453319,21.8131342,8.61541559,40,6.125,5.807288337,5.570929582,25.011,13.018675,5.52293229,2.456106996,2,0.05,0.766346154,835.9689755,18.42436459,22.28254395,8.766193737,5.233044789,4.770846999,23.18092055,76.81907945,25.011,329.275,4.575,0.904531402,17.9534813
AF_B2_072516.CSV,ameriflux,2016,8.485125021,4.326481857,18.71844526,9.499885828,40,7.9,8,5.485645604,22.677,13.3656,6.577113876,2.824099481,0,0,0.703125,519.8581683,15.82824259,16.41112137,6.494460293,5.472086952,5.000622309,7.832264772,92.16773523,22.677,288.675,4.95,0.852820098,16.2222888
AF_B3_072516.CSV,ameriflux,2016,8.929446826,3.548187322,12.58963327,9.592179786,40,8.2,4.489500157,5.115085783,21.974,15.6858,6.030614921,2.239054458,0,0,0.604347826,330.0205309,14.16813188,11.37033729,4.686695272,6.746730648,4.669600014,10.16757063,89.83242937,21.974,308.95,4.825,0.925413376,19.05868815
AF_B4_072516.CSV,ameriflux,2016,10.05176484,4.784077042,22.88739314,11.10644789,40,8.75,5.57550413,5.678343926,21.037,15.86875,5.637358263,2.471359067,0,0,0.675,360.4261021,13.18225428,13.66214749,5.271044633,7.794798705,5.587355574,11.7011987,88.2988013,21.037,315.05,4,0.89492953,16.32654691
AF_B5_0728016.CSV,ameriflux,2016,4.837723609,1.841197935,3.390009836,5.168058563,40,4.1,5.786247686,2.340282692,15.053,7.533625,5.506679046,2.635371566,0,0,0.6828125,27.43639983,3.446675376,3.944214584,3.414328952,3.54875573,1.985987043,18.36830567,81.63169433,15.053,319.425,4.05,0.736954445,9.188182832
AF_C1_0728016.CSV,ameriflux,2016,7.568690622,2.781408539,7.736233462,8.051577817,40,7.4,6.332480223,3.901347565,20.146,11.163475,5.994240559,2.439707282,1,0.025,0.670238095,85.53226548,6.012362675,7.027358006,4.886566436,5.751807939,2.8720579,10.55072953,89.44927047,20.146,296.55,5,0.84522693,13.66013886
AF_C2_0728016.CSV,ameriflux,2016,8.886925278,4.951908462,24.52139742,10.14326394,40,8.675,5.413852609,6.027235196,23.562,12.842175,5.490780842,2.409814367,1,0.025,0.741,245.1404479,10.6461633,11.48040308,7.11337969,6.27575951,4.893114936,17.64249709,82.35750291,23.562,322.5,4.475,0.914399645,17.84543762
AF_C3_0728016.CSV,ameriflux,2016,6.00125306,1.999861997,3.999448008,6.317792344,40,5.75,6.365419374,2.715104947,16.668,8.828225,5.398495594,2.675781047,1,0.025,0.691666667,48.15921481,4.486322968,5.294536905,3.885171636,4.422040829,2.297831173,17.53639418,82.46360582,16.668,335,3.25,0.799733569,10.6953125
AF_C4_0728016.CSV,ameriflux,2016,6.047370325,1.839846432,3.385034895,6.31435641,40,4.775,5.681622292,2.586825596,23.909,11.714075,6.546762558,3.146425308,0,0,0.753,419.1833864,11.6082927,16.86508011,6.644160615,4.289137114,3.049203458,5.990672242,94.00932776,23.909,311.025,5.675,0.741841951,11.71672748
AF_C5_0728016.CSV,ameriflux,2016,8.395740477,4.095158712,16.77032487,9.318772714,40,6.8,7.371377121,4.847415383,22.765,13.4332,5.764437899,2.792380997,0,0,0.696875,635.8029507,16.14312782,19.37014132,6.44248664,5.494593585,4.306301848,19.39750811,80.60249189,22.765,293.075,4.925,0.903290969,17.89917565
AF_C6_0728016.CSV,ameriflux,2016,6.737037345,2.325595278,5.408393398,7.117643974,40,6.575,4.998416132,3.594065622,24.556,10.025325,6.3536464,2.775048734,1,0.025,0.75,136.9184969,6.765317745,9.547197111,4.935071414,5.000698929,3.089160381,10.00876564,89.99123436,24.556,313.85,4.45,0.666990581,11.2106136
AF_C7_0728016.CSV,ameriflux,2016,11.02391809,3.212907485,10.32277451,11.47133276,40,11.3,6.142992595,5.957972465,27.188,15.97245,7.40958481,2.970744871,0,0,0.699107143,585.1955871,16.65841284,17.54117637,5.879559032,7.280379354,3.622902997,4.405490633,95.59450937,27.188,269.675,5.7,0.831319486,17.13214663
AF_C8_0728016.CSV,ameriflux,2016,7.303202069,4.102189084,16.82795528,8.351288336,40,5.325,6.050136087,4.681592431,27.631,14.642825,6.50843542,3.06546346,0,0,0.759482759,1425.205479,23.94441879,29.18681703,8.448397699,5.299112545,5.708435782,6.118693452,93.88130655,27.631,326.175,7.35,0.808655683,15.95429391
AF_C9_0728016.CSV,ameriflux,2016,8.72910392,4.058531818,16.47168052,9.605058238,40,7.7,6.222681562,5.552546193,28.548,14.5851,6.722456709,2.749926537,0,0,0.724166667,682.0110361,17.23769842,19.61817498,7.213540884,6.37887901,5.242867182,5.59865408,94.40134592,28.548,267.6,5.15,0.857025132,19.10392328
AF_D1_0728016.CSV,ameriflux,2016,9.498960541,2.431367225,5.911546581,9.797653254,40,9.05,5.802859877,4.361545245,20.999,14.24235,6.739450064,2.346689898,0,0,0.585227273,206.0303995,11.01550926,9.202660224,3.088517091,7.011668752,3.846682622,6.33944866,93.66055134,20.999,260.4,3.75,0.790881754,14.95733693
AF_D10_0728016.CSV,ameriflux,2016,10.13005069,4.352404997,18.94342926,11.00398885,40,8.9,7.250501231,6.00341783,24.745,16.899575,6.293557545,2.426470125,0,0,0.635576923,361.5842402,15.43922097,11.10021154,4.621562866,7.141983279,4.87277449,12.16548754,87.83451246,24.745,325.225,4.45,0.888431361,19.52970768
AF_D2_0728016.CSV,ameriflux,2016,6.94195974,3.107741218,9.658055477,7.589954487,40,6.025,6.1957034,3.710605037,24.086,11.853775,6.080256798,2.882174787,0,0,0.779,333.4303338,10.20254505,15.14392315,5.903744273,4.757173731,3.109118959,12.29740866,87.70259134,24.086,273.15,5.15,0.834132147,12.93801325
AF_D3_0728016.CSV,ameriflux,2016,8.896839452,3.473186668,12.06302563,9.534946367,40,8.6,6.677831734,4.522309371,20.882,12.847075,7.489432249,3.291672396,0,0,0.688636364,172.3811302,9.232499519,9.334992387,4.802884563,6.285162448,3.756653089,1.297443842,98.70255616,20.882,258.325,3.85,0.91413075,16.26429809
AF_D4_0728016.CSV,ameriflux,2016,8.284481058,4.941781029,24.42119974,9.614743685,40,6.575,6.415413377,5.786312319,27.672,15.885025,5.360775157,2.466860685,0,0,0.756034483,1086.609099,21.25985907,25.19181398,7.945605134,6.142660787,5.981984241,16.88342398,83.11657602,27.672,317.3,4.25,0.862555409,17.75415651
AF_D5_0728016.CSV,ameriflux,2016,7.500008424,3.310889532,10.96198949,8.181568684,40,6.95,7.468124978,4.776813657,28.655,13.604025,5.930601027,2.666363757,0,0,0.750833333,246.9631554,10.86319666,11.35579648,5.715000803,5.324480243,3.65552976,11.72223574,88.27776426,28.655,308.3,5.1,0.818416822,16.146108
AF_D6_0728016.CSV,ameriflux,2016,6.342335953,3.677469817,13.52378426,7.308277156,40,6.5,6.949349511,4.512092016,24.719,9.79515,5.826534227,2.665496868,3,0.075,0.775961538,302.3229851,8.491695176,15.17280785,7.091497728,4.456243496,2.677357255,26.05101895,73.94898105,24.719,350.975,6.25,0.732612123,10.68470773
AF_D7_0728016.CSV,ameriflux,2016,7.16722322,2.304559055,5.310992439,7.5197943,40,6.875,5.558512163,3.502288629,24.886,11.44345,7.350211519,3.215034319,0,0,0.731730769,423.076963,10.75021898,17.53595606,5.684709753,4.429945022,2.727670453,3.151458137,96.84854186,24.886,265.875,6,0.715282859,12.06276151
AF_D8_0728016.CSV,ameriflux,2016,7.392540511,2.03394838,4.136946011,7.660494604,40,7.7,6.836543438,3.022988842,19.705,9.220375,7.91004458,3.828107465,0,0,0.679761905,90.47418025,5.229744845,7.945058156,3.446374324,4.846761698,2.588767494,1.991129565,98.00887044,22.478,265.05,3.85,0.663094782,10.13033739
AF_D9_0728016.CSV,ameriflux,2016,5.57927791,2.43274164,5.918231886,6.074423272,40,4.575,6.558000774,2.80921104,18.682,9.720775,5.208813791,2.485664099,0,0,0.6975,76.56392023,5.761629595,6.585403909,5.242508508,4.153573011,2.77163797,16.09121453,83.90878547,18.682,349.85,6.3,0.845030939,12.96237273
AF_D9a_0728016.CSV,ameriflux,2016,7.220363854,3.058890337,9.356810092,7.826655993,40,7.25,6.324218087,4.656123622,21.944,11.767075,6.497260591,2.840268838,0,0,0.675,128.2931466,7.626388418,8.374446031,5.146451789,5.112179231,3.426200862,9.100708346,90.89929165,21.944,324.825,5,0.818126215,15.11428571
AF_D9b_0728016.CSV,ameriflux,2016,6.889556225,3.615536836,13.07210661,7.759593348,40,6.025,6.750380207,4.041372577,25.09,11.984375,5.067766861,2.442690831,1,0.025,0.769230769,285.9827734,11.02877578,12.81986264,7.383878342,5.134655103,4.358073494,26.58219748,73.41780252,25.09,390.8,7.575,0.888087888,16.35434412
AF_E1_072716.CSV,ameriflux,2016,9.066257502,3.067159037,9.407464557,9.558729153,40,9.475,5.536014165,4.574104929,21.572,13.562075,6.172972643,2.549279669,0,0,0.634782609,174.7931635,10.04399057,8.597174939,3.472829205,6.169591316,3.609684054,9.989484753,90.01051525,21.572,285.425,3.425,0.806047391,14.60869565
AF_E2_072716.CSV,ameriflux,2016,9.99534152,3.669098792,13.46228594,10.63167818,40,9.925,6.376133841,4.581946177,20.587,13.52725,5.341344578,2.141242403,0,0,0.684090909,188.6155172,9.263052579,10.13959438,4.360902393,7.215003555,4.507186996,21.81733961,78.18266039,20.587,323.95,4.325,0.89527857,15.90205761
AF_E3_072716.CSV,ameriflux,2016,11.84779441,4.398253296,19.34463206,12.61868648,40,11.9,5.853865326,5.772614392,23.529,16.368625,6.561354112,2.578423245,1,0.025,0.686,293.7440822,12.09846848,12.13965167,5.365851058,8.722044756,4.618462284,10.63598657,89.36401343,23.529,253.275,5.15,0.927835629,19.43927445
AF_E4_072716.CSV,ameriflux,2016,11.19447265,5.410111819,29.2693099,12.40378148,40,9.05,7.003146578,7.092610817,30.66,19.161125,7.116977461,3.049367397,0,0,0.73828125,2885.437704,35.73896821,40.10191835,8.77496501,8.049050443,6.81872241,2.816166884,97.18383312,30.66,287.75,6.475,0.914436098,22.89838808
AF_E5_0729016.CSV,ameriflux,2016,7.1481318,4.599948072,21.15952226,8.458722899,30,5.633333333,6.904081994,4.686615817,26.682,12.4825,5.776070282,2.702713511,3,0.1,0.796428571,481.5798186,11.42133048,18.73854393,7.64038138,5.638979787,3.842657855,31.05192822,68.94807178,26.682,349.3333333,6.533333333,0.880905624,15.96996177
AF_E6_0729016.CSV,ameriflux,2016,10.10535,3.702476889,13.70833511,10.74633544,40,10.625,4.901384038,5.568627783,22.536,15.006475,7.676231138,3.046358619,0,0,0.623958333,335.3893606,14.37142957,11.35127186,4.741119861,6.431877567,4.138082744,2.726571208,97.27342879,22.536,291.7,5.25,0.859341818,17.10024931
AF_E7_0729016.CSV,ameriflux,2016,9.799002175,4.791934179,22.96263317,10.88159046,40,8.7,5.499695972,5.774390855,31.917,15.48685,5.261789095,2.092916009,1,0.025,0.771969697,353.3434488,12.31904128,14.19805165,8.041003702,6.885970744,4.797930882,28.84494883,71.15505117,31.917,359.2,8.15,0.876369148,19.29733759
AF_E8_0729016.CSV,ameriflux,2016,10.39916952,4.215482221,17.77029035,11.20128385,40,9.825,7.816798561,6.924084684,25.769,17.31915,7.250765066,2.556262589,0,0,0.662962963,643.2127944,20.25247668,15.26597468,6.056892681,7.018209463,5.044294392,2.686793886,97.31320611,25.769,263.45,5.65,0.901184768,20.51021672
AF_E9_0729016.CSV,ameriflux,2016,5.301268466,3.579384993,12.81199693,6.376457036,50,3.5,8,4.214890998,25.325,12.9546,5.46793235,3.248072142,0,0,0.754615385,833.0744392,17.34497629,23.07002897,8.921258468,4.011885949,4.482969529,23.70719019,76.29280981,25.325,323.06,7.3,0.803503324,16.07852741
AF_F 8_0729016.CSV,ameriflux,2016,10.13252615,3.042595835,9.257389413,10.56854015,40,9.625,5.628229646,4.802176323,21.211,15.431125,7.266670362,2.605926502,0,0,0.585227273,225.4681609,12.49878107,8.321576337,3.376653321,7.031545205,3.822482151,1.45045045,98.54954955,21.211,277.625,4.25,0.815875944,16.03381875
AF_F1_0729016.CSV,ameriflux,2016,8.514301353,2.434991028,5.929181304,8.847275248,40,8.475,5.429661497,3.762074578,19.033,13.1268,7.175124054,2.337402867,0,0,0.52375,187.5094688,10.84009287,8.36671114,3.652844906,5.742053766,3.399660124,3.690316073,96.30968393,19.033,297.525,3.925,0.679249739,13.97256714
AF_F1_080712.CSV,ameriflux,2012,8.722762064,2.542428055,6.463940417,9.076834246,40,9.3,6.950893469,3.804181235,19.948,11.732925,7.864780447,2.970251417,0,0,0.594047619,124.2977404,8.228899388,7.522164268,3.539651854,5.653175029,3.181216638,0.703555809,99.29644419,19.948,263.075,3.95,0.631954191,12.12902889
AF_F1_080712_TOWARDS.CSV,ameriflux,2012,7.715554791,1.769342456,3.130572727,7.910884536,40,7.325,5.449572382,3.399754893,19.058,11.95705,7.578453851,2.873456054,0,0,0.5725,106.4874156,8.176817879,6.295003175,3.844045405,5.200368876,3.047043702,1.38576779,98.61423221,19.058,267.125,3.85,0.593095134,11.86488131
AF_F2_0729016.CSV,ameriflux,2012,7.95435533,3.645041549,13.2863279,8.730746727,40,6.45,5.98361428,4.437312654,20.538,14.08655,5.193951643,2.08112245,0,0,0.613636364,277.0159375,11.41610332,12.11150372,5.509826666,6.395858641,4.550403144,30.22445281,69.77554719,20.538,358.775,5.3,0.924197214,18.02869619
AF_F2_080712.CSV,ameriflux,2012,8.003983524,3.618178873,13.09121836,8.765140624,40,7.675,6.703382103,4.681592431,18.841,11.8755,7.043687277,3.170912247,0,0,0.65125,207.3551676,9.866014891,10.48889497,4.96636176,6.527660974,4.550624534,2.034493442,97.96550656,18.841,242.2,4.15,0.937666488,16.60076775
AF_F3_0729016.CSV,ameriflux,2012,6.965435662,4.38318417,19.21230347,8.200566434,40,5.475,5.349905262,4.966490274,18.564,10.64265,3.044998202,1.45700543,1,0.025,0.72875,277.1840023,9.937978201,13.3574171,6.160424771,4.965348666,4.208131927,48.51122024,51.48877976,18.564,402.3,4.75,0.953923402,16.39018448
AF_F3_080712.CSV,ameriflux,2012,5.81916117,5.056886372,25.57209978,7.667818073,40,5.225,6.703373496,5.474825837,19.601,9.368325,4.390966653,2.567704076,6,0.15,0.783333333,53.8719919,4.425408904,5.855574091,6.39363118,5.97824944,4.8883025,27.17417882,72.82582118,19.601,306.85,5.675,0.953421874,16.0952381
AF_F4_0729016.CSV,ameriflux,2012,8.011540587,2.216661993,4.913590391,8.305151005,40,8.1,6.961898223,3.821665632,21.002,11.240225,7.665081048,3.228010535,0,0,0.665909091,123.7422679,6.892907852,8.730984435,3.587157903,5.331606354,2.682711638,5.118397086,94.88160291,21.002,274.625,4.025,0.707232391,11.65533981
AF_F5_0729016.CSV,ameriflux,2012,9.791601286,4.034393611,16.27633181,10.57094505,40,8.725,6.745994214,6.660205202,25.291,17.7205,6.076105166,2.21018086,0,0,0.617307692,1147.837267,25.70772179,22.06695058,6.580563377,6.581478194,5.264370867,9.71278567,90.28721433,25.291,323.925,6.2,0.926176738,21.93353642
AF_F6_0729016.CSV,ameriflux,2012,8.089614472,4.156940744,17.28015635,9.07138439,40,8.075,5.907059581,6.382618625,26.944,15.086325,7.174082974,3.103587747,0,0,0.732142857,979.3593887,22.13960006,22.11780951,6.405205585,4.570047926,3.877119028,3.367382271,96.63261773,26.944,288.925,6.75,0.818282064,17.10376283
AF_F7_0729016.CSV,ameriflux,2012,4.293196489,3.127967073,9.784178011,5.281058117,30,3.533333333,8,4.256705326,18.089,8.8394,4.017315708,2.199650834,1,0.033333333,0.722807018,209.5292541,8.201110708,11.92774234,5.773715768,2.9816129,2.781607899,28.21437351,71.78562649,18.089,406.9,4.166666667,0.738700008,10.95873573
AF_G1_0729016.CSV,ameriflux,2012,5.592608894,1.668805225,2.784910877,5.830314086,40,4.775,6.20931323,2.516484116,21.281,9.5225,6.201953015,2.845186877,0,0,0.732954545,59.63452852,5.789584193,5.110307563,4.391466883,3.444037724,2.129830089,12.26573092,87.73426908,21.281,313.6,4.35,0.742525488,10.57747558
AF_G2_0729016.CSV,ameriflux,2012,9.155989661,6.156517911,37.90271279,10.99032719,40,9.325,7.056798577,7.981990948,24.019,14.2246,5.100158514,2.131361669,1,0.025,0.713,652.9511894,17.15290135,18.9401469,8.547148746,6.344321838,5.471687642,28.34549878,71.65450122,24.019,328.925,5.225,0.949582456,20.90053286
AF_G3_0729016.CSV,ameriflux,2012,8.478568012,3.008912067,9.053551827,8.984059693,40,8.75,6.220927695,4.424581684,21.731,12.2238,7.509515427,3.062885735,0,0,0.630434783,164.1966153,9.531185903,8.564643048,4.433518012,5.389803831,3.151051179,1.292648611,98.70735139,21.731,284.425,4.65,0.796664773,14.70737913
AF_G4_0729016.CSV,ameriflux,2012,8.848995869,3.486817364,12.15789533,9.495192249,40,9.375,5.282447379,6.00720721,23.872,14.894275,7.26118378,2.780259077,0,0,0.644,617.8452988,19.48103864,15.43808383,5.384905184,5.129813597,4.064791268,4.245245798,95.7547542,23.872,316.95,5.075,0.853806534,18.17785427
AF_G5_0729016.CSV,ameriflux,2012,8.655262723,4.434339635,19.663368,9.699760647,40,7.625,5.567659252,5.628168623,31.352,16.214325,7.588055547,3.160431646,0,0,0.7578125,1373.970602,23.92801709,28.309373,9.026272855,4.786784787,3.526538888,1.648643857,98.35135614,31.352,282.175,8.475,0.702502178,15.3809219
AF_G6_0729016_last10m.CSV,ameriflux,2012,9.129952423,5.045985665,25.46197133,10.30882173,10,9.4,5.796561858,5.758086102,25.714,15.0589,7.936209209,4.015532128,0,0,0.766666667,151.8607649,10.33127199,6.717557891,6.177782206,5.97367121,4.646663429,0.298994292,99.70100571,25.714,368.1,5.8,0.769415806,12.36448598
AF_G6_0729016.CSV,ameriflux,2012,8.974189274,3.764425491,14.17089928,9.707451215,30,9.1,6.889932193,6.121471538,24.525,15.2107,7.080935163,3.215542267,0,0,0.687179487,815.7328508,20.30963298,20.08112693,5.849957861,5.039867007,4.062612883,3.767553374,96.23244663,24.525,292.1,4.666666667,0.868526657,18.05215282
AF_G7_0729016.CSV,ameriflux,2012,8.222304224,5.833090081,34.02493989,10.03895429,40,7.8,6.386843158,8.218802708,29.603,15.715775,6.077819285,2.577505232,1,0.025,0.758870968,911.7268268,21.47914034,21.22200172,8.258870893,5.1147832,5.038930356,12.62352566,87.37647434,29.603,313.825,9,0.8454781,18.53638814
AF_G8_0729016.CSV,ameriflux,2012,6.057967864,2.889424688,8.348775027,6.696195211,40,5.275,6.111672838,3.999919871,16.656,10.969725,5.948404658,2.809162087,0,0,0.613888889,90.86693742,7.149024135,6.305425547,3.959895473,4.35161778,3.028005602,10.07374863,89.92625137,16.656,318.775,3.6,0.881452773,13.7810271
AF_G8a_0729016.CSV,ameriflux,2012,4.415391202,1.894821226,3.590347479,4.795442447,40,3.35,6.710663647,2.381014651,23.381,9.794125,5.089836415,2.881245007,0,0,0.775,53.4732428,4.788363233,5.526736862,5.890483434,2.940384111,2.233336838,17.26887615,82.73112385,23.381,401.425,5.075,0.712954089,10.48449438
AF_G8b_0729016.CSV,ameriflux,2012,6.673606542,3.009030194,9.05426271,7.305130417,40,5.925,6.589286363,4.053409454,20.273,11.8808,6.318968313,2.543757904,0,0,0.613095238,99.21557928,7.391327392,6.677114546,3.943064812,4.508175869,2.696122107,8.337022281,91.66297772,20.273,338.975,3.825,0.771346017,13.81983514
AF_G9_0729016.CSV,ameriflux,2012,9.391894973,4.863351157,23.65218447,10.54839187,40,8.8,5.922947919,6.532757693,25.422,15.410625,4.776825448,1.916931476,0,0,0.686538462,326.2791272,12.80461887,12.7405205,5.766445822,7.20077368,5.014781796,22.39146431,77.60853569,25.422,339.875,4.75,0.894122469,19.25987677
AF_I2_0729016.CSV,ameriflux,2012,10.85830622,3.44927921,11.89752707,11.37993422,40,11.225,4.974314724,5.695195906,20.68,16.16495,7.217766388,2.700742305,0,0,0.580681818,334.430509,14.81208595,10.72532605,3.902341368,7.307448054,4.33911297,3.43387471,96.56612529,20.68,269.5,3.725,0.900783119,17.98929845
AF_Q5_072516.CSV,ameriflux,2012,10.47617867,4.340943741,18.84379256,11.31914384,40,9.2,5.69581349,5.716373245,21.254,16.07625,5.593541093,2.41328714,1,0.025,0.660227273,250.6121379,11.54230752,10.83454083,4.432748506,8.465854215,4.719572963,20.70034347,79.29965653,21.254,298.55,4.25,0.940455134,18.3011259
AF_Q5_080612.CSV,ameriflux,2012,10.16478981,3.959157511,15.67492819,10.8906385,40,9.775,5.289824285,4.62150769,20.71,14.048875,6.510393196,3.030283437,0,0,0.698863636,206.8636856,9.171779052,11.07890584,5.190185196,8.084859259,4.811548829,6.771532707,93.22846729,20.71,260.775,4.45,0.953489831,18.38832155
AF_Q7_072516.CSV,ameriflux,2012,8.871767333,3.652179632,13.33841607,9.576701482,40,7.325,7.994627267,4.763038784,21.166,14.067325,6.238764514,2.851032051,0,0,0.675,423.4653895,13.48953792,15.54019807,5.024189749,6.671097278,4.746241232,7.724823871,92.27517613,21.166,301.75,3.85,0.921870058,17.2274642
AM_A2_2012.CSV,ameriflux,2012,12.12489125,4.03619044,16.29083327,12.76309329,40,12.95,5.68450949,6.400921408,23.668,17.525175,7.799585862,2.780755576,0,0,0.593,722.5326999,22.12697053,15.26204033,5.123920834,7.641690002,5.130240654,1.316857581,98.68314242,23.668,277.3,4.65,0.920411494,20.76582675
AM_A3_2012.CSV,ameriflux,2012,11.46638929,4.337702613,18.81566396,12.24023511,40,10.775,5.902024733,5.627257382,19.608,14.4728,5.837277221,2.611608167,1,0.025,0.71547619,142.8767315,7.7349228,9.113051125,3.956978919,10.4956792,4.59813601,11.6325914,88.3674086,19.608,248.35,3.525,0.879059345,14.59029374
AM_A4_2012.CSV,ameriflux,2012,10.96834877,5.076206497,25.7678724,12.05936774,40,10.425,5.364070277,6.464449131,19.951,15.20115,5.671172593,2.560120434,0,0,0.705952381,316.8611158,12.23187617,12.93222027,4.86014472,8.154727793,5.798824069,10.76108168,89.23891832,19.951,269.15,2.775,0.931331537,16.22148365
AM_A5_2012.CSV,ameriflux,2012,10.40904737,4.818066884,23.2137685,11.4447233,40,9.35,6.420280938,6.712216188,22.537,16.77015,6.03681388,2.641349631,0,0,0.675,498.325775,17.51011222,13.84636216,4.512123052,8.019107992,5.965115053,8.762832046,91.23716795,22.537,236.35,3.575,0.936197523,19.42218675
AM_B2_2012.CSV,ameriflux,2012,7.676422115,3.633424681,13.20177491,8.473440094,40,7,6.42009453,5.742330448,21.659,14.602525,6.49939911,3.261616679,0,0,0.710869565,704.0147903,18.5611261,18.96046909,5.770422133,5.343852243,4.803082655,4.958395076,95.04160492,21.659,219.45,4.25,0.866802899,15.87881508
AM_B3_2012.CSV,ameriflux,2012,8.149286568,3.847625827,14.8042245,8.991384235,40,7.225,6.161872922,5.516815785,22.441,15.66585,6.393591588,2.766423475,0,0,0.617391304,358.9209739,15.62164578,10.71844937,4.574774813,6.183839944,4.912118854,5.429050815,94.57094919,22.441,208.725,5,0.927759699,18.81895504
AM_C1_2012.CSV,ameriflux,2012,8.02913167,2.978104212,8.869104699,8.550691928,40,7.175,4.645259508,4.156474714,20.362,13.197225,5.564309546,2.179138576,0,0,0.639285714,227.2738239,10.58962844,10.73003231,4.660744573,5.97532931,3.624071838,12.94661623,87.05338377,20.362,238.025,4.6,0.865335021,15.41195232
AM_C2_2012.CSV,ameriflux,2012,9.126627839,3.746202338,14.03403196,9.8477671,40,8.05,6.363528083,4.924819403,22.426,14.9412,6.243529445,2.7055832,0,0,0.676086957,398.2457646,14.76442932,13.42599685,5.261217039,6.501359184,4.917127113,8.019791774,91.98020823,22.426,242.65,4.25,0.951058868,19.4745614
AM_C3_2012.CSV,ameriflux,2012,5.487041913,2.284724961,5.219968148,5.93271421,40,5.075,6.961135152,2.786298896,16.414,8.834425,5.665061667,2.94739647,0,0,0.667647059,40.05286271,3.894159123,4.988826258,4.217877653,4.248307509,2.640388782,11.25190066,88.74809934,16.414,296.075,3.45,0.8466567,11.68252516
AM_C4_2012.CSV,ameriflux,2012,6.651412399,3.407745943,11.61273241,7.454106318,40,5.75,5.641121266,4.823819106,24.723,15.6237,7.251458136,3.234384044,0,0,0.720192308,579.9861734,17.35944046,16.69239349,6.969792813,4.065582488,3.466315613,2.181752614,97.81824739,24.723,277.425,6.45,0.743556709,14.11585264
AM_C5_2012.CSV,ameriflux,2012,7.133808411,3.759092459,14.13077611,8.041686959,40,5.975,7.36207618,4.785059547,22.852,13.94085,6.824920109,3.336868547,0,0,0.678125,347.7411855,13.33793792,13.03229057,6.123131294,5.971324234,4.98918877,3.804135778,96.19586422,22.852,256.425,4.75,0.914302434,18.91087344
AM_C7_2012.CSV,ameriflux,2012,11.16247787,4.094482915,16.76479034,11.87209261,40,10.9,7.482923736,6.221550635,29.575,18.4735,7.81496277,3.0045706,0,0,0.723387097,956.5213541,23.38683329,20.23801825,6.420000807,7.359761429,4.010112982,0.22183642,99.77816358,29.575,259.325,6.275,0.795581067,17.76906812
AM_C8_2012.CSV,ameriflux,2012,7.397335752,4.697363588,22.06522468,8.731218145,40,6.075,6.242445976,6.354435156,26.234,16.07055,6.745614715,3.004543467,0,0,0.698148148,1520.060341,25.7478806,29.27638955,7.810445284,5.258313356,5.661005292,3.099754127,96.90024587,26.234,284.825,4.175,0.795232717,17.00064381
AM_C9_2012.CSV,ameriflux,2012,8.506319459,4.908464803,24.09302672,9.790207954,40,7.7,4.905177542,6.524902986,27.819,17.853525,6.717978137,2.67160094,0,0,0.689655172,1515.44021,24.19016099,30.50043149,7.26279235,6.652887251,6.263832768,2.924102344,97.07589766,27.819,232.675,5.225,0.858786749,20.26749489
AM_D10_2012.CSV,ameriflux,2012,9.744473559,4.013536994,16.10847921,10.51953099,40,9.25,6.28493636,5.591889731,23.444,15.325225,7.05024217,2.76368245,0,0,0.659375,319.6950761,14.91690083,9.858049787,4.154875749,6.657698337,4.492461037,2.999240699,97.0007593,23.444,263.525,4.8,0.892516784,17.9080556
AM_D2_2012.CSV,ameriflux,2012,6.869974998,3.166957265,10.02961832,7.548207359,40,5.475,7.489937392,3.954792613,24.83,13.329775,6.514718799,3.043992414,0,0,0.754807692,645.4498742,14.64780961,20.75792735,6.782120289,4.912646924,4.140960216,7.490901739,92.50909826,24.83,247.425,7.325,0.85627508,15.75599709
AM_D4_2012.CSV,ameriflux,2012,8.678538771,5.999206792,35.99048213,10.50750947,40,6.875,7.3762238,7.00983741,27.623,15.473875,6.334323138,3.490254529,0,0,0.762931034,1109.53745,19.32151373,27.13331084,8.224365327,7.707702194,7.359133699,5.04587156,94.95412844,27.623,261.725,6.05,0.924286979,20.90821122
AM_D6_2012.CSV,ameriflux,2012,4.8514521,2.714289532,7.367367663,5.542541921,40,4.525,7.160667102,3.021185877,19.313,7.71385,6.209762919,3.216206377,6,0.15,0.75,36.01361566,4.031679099,4.445129841,5.10220373,3.884796736,2.203014318,16.79668689,83.20331311,21.828,259.7,4.45,0.811227767,10.61007958
AM_D8_2012.CSV,ameriflux,2012,5.474259597,1.995836097,3.983361727,5.818186644,40,4.8,5.956453328,2.482761077,22.422,8.840975,7.723089672,3.465313203,0,0,0.717391304,114.4245063,5.583710436,9.123962079,4.943050426,3.696004129,2.356730909,0.479358247,99.52064175,22.422,255.675,4.95,0.622212806,10.31431187
AM_E1_2012.CSV,ameriflux,2012,8.862453226,3.482599813,12.12850146,9.506227754,40,8.425,3.828212119,5.15347779,21.253,14.76925,6.562157974,2.133900551,0,0,0.544318182,209.1060673,11.71932083,8.471339125,3.729791393,6.674181734,4.144517373,5.454190653,94.54580935,21.253,256.35,3.225,0.85096755,17.13018004
AM_E3_2012.CSV,ameriflux,2012,11.21401852,4.058341515,16.47013585,11.9085093,40,10.225,5.983961926,5.020407073,26.029,17.24835,5.655852169,2.088366762,0,0,0.678703704,286.3582741,13.07568089,10.74173372,4.563058194,8.715625325,5.060696821,12.93419633,87.06580367,26.029,231.875,4.375,0.894014326,19.44275795
AM_E5_2012.CSV,ameriflux,2012,11.67812765,5.7051808,32.54908796,12.9658793,40,10.1,6.007492541,6.724619902,26.324,17.67295,6.133405167,2.603473797,0,0,0.726851852,1124.443038,20.0038256,26.91263644,6.727318412,7.120847946,5.737875608,12.21743811,87.78256189,26.324,232.375,5.375,0.947235729,21.84910871
AM_E7_2012.CSV,ameriflux,2012,8.775342077,5.200793934,27.04825754,10.16753066,40,7.8,6.924237757,6.560175107,30.111,15.7255,6.486840552,3.043082182,0,0,0.753225806,537.0307913,15.89941335,16.85940231,6.91946755,6.167067137,4.916254159,7.789929839,92.21007016,30.111,242.425,7.2,0.877884575,19.40240365
AM_E9_2012.CSV,ameriflux,2012,7.658241209,3.783443026,14.31444113,8.52087076,40,5.95,7.843794,5.978379851,25.632,16.345725,6.449187497,3.1333865,0,0,0.711111111,704.280124,20.60401237,16.72587212,5.698753782,8.892868341,6.663252467,7.48046875,92.51953125,73.05,384.125,7.125,0.891195431,18.98283931
FASET_A1_072316.CSV,faset,2016,5.548611834,2.335918113,5.456513429,6.008926183,40,5.25,6.319050293,2.96777565,19.526,8.003125,5.229303049,2.458033869,2,0.05,0.747619048,39.88354416,3.531943291,5.235352973,3.631792347,4.436265301,2.219447572,21.23326067,78.76673933,19.526,401.5,4.45,0.771936126,9.795989538
FASET_A2_072316.CSV,faset,2016,5.921509253,2.658313181,7.066628969,6.477208896,40,5.3,7.398538408,3.014494898,19.984,8.80675,5.667076343,2.733060772,0,0,0.757142857,134.2724167,5.396806346,10.25411615,3.820874344,3.98740917,2.298852179,17.84295453,82.15704547,19.984,509.85,3.85,0.747825981,9.419646899
FASET_B1_072316.CSV,faset,2016,6.991018469,2.482258998,6.161609732,7.408232497,40,6.675,5.48289713,3.474356609,16.613,9.1418,5.287851846,2.370702473,0,0,0.665277778,38.44334258,4.068375514,4.678852771,2.896847802,4.88760033,2.464577036,17.76360429,82.23639571,16.613,368.575,3.45,0.755140143,9.950488265
FASET_B2_072316.CSV,faset,2016,6.515265557,2.361086496,5.57472944,6.919829947,40,6.425,7.36358147,3.657710507,17.351,8.85655,6.809694543,3.580303929,0,0,0.7125,83.80395328,6.010747498,6.904698965,4.249411519,4.170342892,2.338729063,6.783558494,93.21644151,17.351,348.025,4.675,0.742597214,10.02315789
FASET_B3_072316.CSV,faset,2016,10.10047027,3.570013956,12.74499964,10.69793785,40,9.675,5.84809123,4.97371295,22.81,13.127475,6.274199064,2.876640353,2,0.05,0.742708333,117.4034118,7.415192216,7.90052759,4.866197299,8.458389312,3.717629412,15.71520205,84.28479795,22.93,350.9,4.675,0.871132386,15.01575191
FASET_C1_072316.CSV,faset,2016,6.163405129,1.472260528,2.167551062,6.332529121,40,6.025,6.466187564,2.118145052,12.884,7.69355,7.599478677,3.919361665,0,0,0.614285714,11.81271469,2.612213734,2.233619058,2.270082411,4.178153742,1.8203223,2.301810237,97.69818976,12.884,320.525,3.275,0.728186283,8.287033748
FASET_C2_072316.CSV,faset,2016,7.400147125,2.77934259,7.724745234,7.892642401,40,7.175,5.538827853,3.288577746,17.774,10.28155,3.955824321,1.852298076,1,0.025,0.738157895,20.16310807,3.092261883,3.255921455,4.331523886,6.172232159,2.609202424,35.62122656,64.37877344,17.774,393.5,3.325,0.8928172,12.76216565
FASET_C3_072316.CSV,faset,2016,8.714221423,3.848744326,14.81283288,9.50684843,40,8.25,6.204903115,4.876684456,19.719,12.207225,6.044644357,2.938823156,1,0.025,0.726190476,213.8238136,10.49043236,10.18698398,5.591576382,6.566269751,4.162750263,14.53479157,85.46520843,19.719,315.575,4.4,0.935329359,16.14774115
FASET_D1_072316.CSV,faset,2016,7.389815165,3.25706252,10.60845626,8.059318397,40,6.5,6.208728219,4.557327152,21.311,11.451625,6.115653873,2.982800642,0,0,0.732954545,186.5713265,9.07421473,10.2093072,4.454280014,5.803547991,4.315040427,10.88936406,89.11063594,21.311,315.8,3.65,0.888556007,14.50617284
FASET_D2_072316.CSV,faset,2016,6.765362271,3.926849957,15.42015058,7.797741563,40,5.825,7.10977392,4.689800717,20.561,10.51085,3.312292999,1.619869982,5,0.125,0.748863636,180.1843523,7.857908532,10.88290521,5.632788322,6.282854379,3.948314665,42.56711031,57.43288969,20.561,443.425,4.775,0.924100433,15.6091403
FASET_D3_072316.CSV,faset,2016,8.792162638,3.733366315,13.93802404,9.53371372,40,8.75,6.67172099,5.092729861,18.681,12.512775,5.252962972,2.230507814,2,0.05,0.69875,302.3433323,10.94960928,13.50738275,4.6725299,6.985930727,4.024827577,23.14686697,76.85313303,18.681,379.55,4.15,0.929218861,15.57548941
FASET_E1_072316.CSV,faset,2016,8.315356462,3.22052369,10.37177284,8.902675531,40,8.4,6.482899709,3.6710929,20.278,11.898075,6.67954015,3.398917231,0,0,0.725,41.2739733,5.288084134,3.648306386,4.315802961,6.179103783,3.527048205,6.649992644,93.35000736,20.278,339.975,4.5,0.883897408,13.76347692
FASET_F1_072316.CSV,faset,2016,9.474008739,4.201185271,17.64995768,10.34241511,40,9.525,6.618062862,5.826497827,21.917,13.842125,6.547592798,2.718338435,0,0,0.65326087,187.8961185,10.61993836,8.666777241,5.52082741,6.764649044,4.087328481,9.912656559,90.08734344,21.917,303.525,5.05,0.872875128,16.60319791
FASET_F2_072316.CSV,faset,2016,9.923754271,3.692103115,13.63162541,10.57221517,40,9.15,7.507807189,4.763913496,22.19,14.22605,5.854957655,2.32500873,1,0.025,0.676086957,231.7704396,11.98645417,9.385912642,4.887235173,7.363924829,4.17843666,21.2652967,78.7347033,22.19,324.95,5.875,0.902366613,16.85085389
FASET_F3 _072516.CSV,faset,2016,10.95905593,4.002115177,16.01692589,11.64978153,40,10.95,8,5.821930246,20.961,17.1154,6.468928813,2.660999002,0,0,0.596590909,554.7620258,18.91352054,14.03712102,4.925229521,8.010996513,5.406048719,4.26296867,95.73703133,20.961,292.175,3.7,0.947040582,19.28462127
FASET_G1_072516.CSV,faset,2016,8.849461213,3.987455622,15.89980234,9.685828361,40,7.525,5.775059336,4.684877472,23.361,13.91225,4.47800147,2.02196923,0,0,0.73125,184.193411,9.126806605,10.04464097,5.563235748,7.172677206,4.582950463,21.30673809,78.69326191,23.361,354.825,5.375,0.932066054,18.1373297
FASET_G2_072516.CSV,faset,2016,9.622414097,3.916845961,15.34168228,10.37058307,40,8.775,7.132661021,4.671174563,21.232,14.0989,5.616974964,2.696659873,0,0,0.694318182,119.715657,8.449788465,6.9510238,5.38611902,7.893158488,4.642392299,15.48422976,84.51577024,21.232,314.8,3.9,0.944624897,17.92444885
FASET_G3_072516.CSV,faset,2016,7.828607878,4.999904697,24.99904698,9.255332091,40,7.2,5.836830711,5.09499503,18.76,10.6465,2.464794144,1.028678361,7,0.175,0.76125,70.93663759,4.92678298,6.831064855,6.242562106,7.559440357,4.049739491,52.57452575,47.42547425,18.76,442.925,5.325,0.963660407,16.49977386
FASET_50MGRID_080212_1.CSV,faset,2012,7.351578429,3.101346522,9.61835025,7.966912114,50,7.08,6.159665254,4.543845355,19.485,11.87744,6.956334179,2.964625078,0,0,0.668,264.3408453,11.14287487,11.83964463,5.073223711,4.661720641,3.489548888,4.303044175,95.69695583,19.485,262.26,4.92,0.875925304,14.5414248
FASET_50MGRID_080212_2.CSV,faset,2012,8.161222283,3.656018427,13.36647074,8.927748343,50,7.4,6.090667316,4.898979486,20.978,13.6582,6.393730181,2.951471886,0,0,0.701818182,318.416573,12.20975182,13.013014,5.272400847,6.35300612,4.660397051,7.085994226,92.91400577,21.534,228.74,5.74,0.917023127,16.72636816
FASET_50MGRID_080212_3.CSV,faset,2012,8.201093868,4.079352087,16.64111345,9.141456766,50,7.88,6.737449999,5.270789741,21.532,14.1468,6.691766381,3.057813031,0,0,0.684347826,180.5742774,10.16828001,8.785235294,5.569113427,6.409188245,4.662038403,3.806338589,96.19366141,21.532,251.28,4.76,0.913674929,17.70850692
FASET_50MGRID_080212_4.CSV,faset,2012,8.450385441,4.256896246,18.12116565,9.442868019,50,7.54,7.416018217,5.349842645,20.736,13.88154,5.586291168,2.578991116,0,0,0.730909091,347.5657678,12.28628079,14.02187834,5.522270759,5.927123071,4.747768529,15.64452266,84.35547734,20.881,227.42,4.88,0.950330172,17.90273805
FASET_50MGRID_080212_5.CSV,faset,2012,8.623218851,4.629085104,21.4284289,9.765232392,50,7.68,6.081029666,5.343086321,21.052,13.71004,6.22668226,3.023729819,0,0,0.732727273,219.4695277,9.447196962,11.41139769,5.322227411,6.563840547,4.413230425,11.6882189,88.3117811,21.052,280.06,4.86,0.970614451,19.09765798
FASET_50MGRID_080212_6.CSV,faset,2012,8.285750233,4.204107334,17.67451848,9.272253503,50,7.54,7.464217851,4.853822394,21.83,13.67422,6.371255145,3.197950375,0,0,0.725217391,141.7814206,7.580408714,9.18252821,5.217604362,6.17309477,4.283552632,10.27539729,89.72460271,21.83,240.5,5.5,0.951149843,18.61595824
FASET_50MGRID_080212_7.CSV,faset,2012,8.77242744,4.220564292,17.81316294,9.716603463,50,7.9,5.945194736,4.781981487,20.781,13.26716,6.213839475,2.866693272,0,0,0.715454545,176.1118288,8.838892615,9.89877801,5.273857649,6.514400901,4.592365956,10.0672773,89.9327227,20.781,246.86,4.28,0.947652818,17.92006585
FASET_50MGRID_080212_8.CSV,faset,2012,8.190103166,3.516739011,12.36745327,8.899319866,50,7.72,6.154285473,4.919930313,21.181,12.79426,7.001744976,3.306534574,0,0,0.68,300.1178054,12.32272607,12.17654415,5.56017282,4.463485015,4.362810485,3.430513515,96.56948649,21.181,376.74,5.5,0.900566266,16.52934899
FASET_50MGRID_080312_10.CSV,faset,2012,7.192643557,3.305927213,10.92915474,7.902195454,50,6.32,6.60935261,4.268728243,21.344,12.36876,7.171864977,3.34942852,0,0,0.714545455,324.0552044,12.14614256,13.28632475,5.280691341,5.030460343,4.206572834,2.217901635,97.78209837,21.344,277.86,5.42,0.824235162,13.85164372
FASET_50MGRID_080312_11.CSV,faset,2012,7.080275222,2.965851285,8.796273847,7.664896972,50,6.8,7.015252538,3.912303982,22.084,10.70768,7.690910224,3.350032545,0,0,0.71826087,124.1087739,7.632288924,8.115228876,4.929807371,4.844112378,3.517111387,0.674940126,99.32505987,22.084,275.7,5.7,0.82677197,13.76192973
FASET_50MGRID_080312_12.CSV,faset,2012,7.644092869,3.116736293,9.714045117,8.243295458,50,7.42,7.693486957,4.328783587,20.93,11.7247,7.46495713,3.111650928,0,0,0.688181818,140.0149946,7.731296471,8.957792669,4.238338966,5.459854199,3.41829493,1.297106455,98.70289355,20.93,260.7,4.34,0.851637857,13.94441152
FASET_50MGRID_080312_13.CSV,faset,2012,8.532468914,3.739786985,13.98600669,9.301038239,50,8.4,5.670992616,5.624291339,22.643,13.76038,7.53231723,3.03653465,0,0,0.671666667,419.7668463,13.54494889,15.37209178,5.467274876,5.915940961,4.422602358,0.788885786,99.21111421,22.643,286.6,4.94,0.872240541,16.95456531
FASET_50MGRID_080312_14.CSV,faset,2012,8.003700997,4.244473447,18.01555484,9.039605821,50,7.68,8,6.075847132,22.699,14.76646,7.41208179,3.224918582,0,0,0.665833333,440.0318623,15.37325936,14.27216729,5.570094856,5.492328346,4.654609074,1.10634767,98.89365233,22.699,289.36,5.74,0.900443142,18.02095708
FASET_50MGRID_080312_15.CSV,faset,2012,9.45839145,4.222040449,17.82562555,10.34070993,50,9.02,6.780037925,6.238426018,23.003,16.09166,7.021686763,2.97616316,0,0,0.633333333,474.6118903,15.90193984,14.89094354,5.130429618,7.040502582,5.332298834,2.55685734,97.44314266,23.003,290.32,3.8,0.934651892,20.2045502
FASET_50MGRID_080312_16.CSV,faset,2012,9.472073239,4.581639133,20.99141714,10.50198839,50,8.88,5.281950434,6.470151246,23.228,15.51062,7.370846215,2.869114635,0,0,0.6325,565.785232,17.640085,15.95658588,5.105263702,6.43426738,5.23319977,1.149725634,98.85027437,23.228,306.28,4.54,0.933982409,20.09724088
FASET_50MGRID_080312_17.CSV,faset,2012,8.229567518,4.407794255,19.42865019,9.314819307,50,7.44,7.494079672,5.115642278,23.142,14.03688,6.935239666,3.35591236,0,0,0.678333333,377.2014407,12.14141117,15.15874584,6.877467936,6.172636829,5.218519191,4.054552156,95.94544784,23.142,325.68,4.32,0.925731291,19.15608125
FASET_50MGRID_080312_18.CSV,faset,2012,7.263688278,3.639101579,13.2430603,8.107981653,50,6.34,7.613851619,4.143398979,22.039,12.31276,6.789057386,3.174086003,0,0,0.70173913,403.6482076,12.2745311,15.90547371,6.119173392,5.330999682,4.815011396,4.039294649,95.96070535,22.039,327.9,3.6,0.896604808,16.56328312
FASET_50MGRID_080312_19.CSV,faset,2012,7.301286487,3.865620693,14.94302334,8.243357764,50,6.42,5.933854025,4.531477211,22.045,13.1358,5.803455341,2.856624412,0,0,0.72173913,249.3470255,9.417784222,12.67487143,5.939753369,5.635278158,4.711732927,10.26963505,89.73036495,22.045,306.46,4.96,0.907720162,16.31092705
FASET_50MGRID_080312_20.CSV,faset,2012,7.297375804,3.442582015,11.85137093,8.056397564,60,6.233333333,8,4.622592517,24.158,12.71063333,6.358799449,3.506630709,0,0,0.760666667,346.5796691,11.2050232,14.86698101,6.753627839,5.82173706,4.603249784,8.908406524,91.09159348,24.158,252.5,5.716666667,0.883909247,15.51848284
FASET_50MGRID_080312_22.CSV,faset,2012,7.036698436,3.53960316,12.52879053,7.860873972,50,6.12,6.201761982,4.627513107,22.324,14.3958,5.610168847,2.679185808,0,0,0.700869565,276.8459704,11.65123311,11.87833058,5.289308041,5.402650178,4.130845347,10.93825291,89.06174709,22.324,290.66,4.56,0.932015869,18.12745098
FASET_50MGRID_080312_24.CSV,faset,2012,8.668922549,4.002553287,16.02043281,9.531539347,50,7.44,6.647462009,5.429172899,22.223,15.25828,5.286094186,2.51543137,0,0,0.716521739,350.8390246,12.76412551,13.70825023,5.470551351,6.209037744,4.578248791,18.12193413,81.87806587,22.223,285.52,5.4,0.961882142,19.62984854
FASET_50MGRID_080312_9.CSV,faset,2012,7.468309412,3.903101577,15.23420192,8.408636237,50,6.94,8,5.482476723,21.539,13.87186,6.853329098,3.338948099,0,0,0.688695652,345.6189565,13.17960211,13.11171403,5.133356351,5.437776581,4.747224669,2.693847834,97.30615217,21.539,274.82,5.26,0.878103153,16.49897013
FASET_50MGRID_080412_21.CSV,faset,2012,6.728521273,2.895626653,8.384653713,7.313683009,50,6.2,6.519559696,3.994894701,21.796,12.51126,5.776885018,3.023781822,1,0.02,0.755652174,158.8697635,8.579105167,9.234106237,5.504533548,5.299209469,3.560171184,12.33488733,87.66511267,21.796,309,5,0.899947888,15.1818881
FASET_50MGRID_080412_23.CSV,faset,2012,7.543304938,3.935695851,15.48970183,8.490074039,50,6.5,6.964270362,5.230405611,22.484,13.66378,5.647357766,2.761373449,0,0,0.710434783,451.2368611,14.78303374,15.25446736,6.737896696,5.399723543,4.389191793,11.04826838,88.95173162,22.484,258.26,5.4,0.941418916,18.93919727
FASET_50MGRID_080412_25.CSV,faset,2012,8.352110054,3.890411583,15.13530229,9.197300615,50,7.88,7.832628407,4.876599685,21.544,13.78222,5.44210499,2.592221245,1,0.02,0.711304348,176.0115895,8.960897004,9.783348834,5.873200801,6.547108111,4.315709684,16.82913515,83.17086485,21.544,256.58,5.42,0.928760446,17.65278668
FASET_50MGRID_080412_26.CSV,faset,2012,8.795504361,4.023418518,16.18789657,9.655311264,50,8.04,5.841948409,4.894645137,22.339,13.95348,5.904239703,2.53022165,1,0.02,0.700869565,339.256237,12.00305081,13.97079126,5.821634269,6.813520685,4.688953752,12.51941597,87.48058403,22.339,257.64,5,0.942470098,18.58291457
FASET_50MGRID_080412_27.CSV,faset,2012,8.390387125,4.109914931,16.89140074,9.324814681,50,7.06,4.871817002,5.403740201,20.69,14.44228,5.511042568,2.223336491,0,0,0.663636364,295.4150833,11.65813816,12.62944567,5.377000674,6.875316667,4.898924928,14.89156269,85.10843731,20.69,269.4,4.9,0.938679322,18.18544102
FASET_50MGRID_080412_28.CSV,faset,2012,8.246096256,4.305704208,18.53908873,9.282586407,50,7.18,5.771277987,5.085754414,21.836,14.08306,5.871173647,2.748752355,0,0,0.670434783,236.9209086,10.40497475,11.34272494,5.796361823,6.900371698,5.092961201,9.904639795,90.09536021,21.836,249.7,4.2,0.933892422,18.69108653
FASET_50MGRID_080412_29.CSV,faset,2012,8.279867836,4.230473943,17.89690978,9.278748998,50,8,6.216309459,5.322267431,21.738,12.47362,6.169537899,2.892934891,0,0,0.706086957,125.2397738,8.078001124,7.745041743,4.684855426,6.415932395,4.686531965,11.71490041,88.28509959,21.738,288.3,4.62,0.894753674,16.11339915
FASET_50MGRID_080412_30.CSV,faset,2012,8.52186871,3.735302652,13.9524859,9.289546947,50,8.06,5.698800843,4.913164324,21.833,12.78868,5.584977992,2.4446865,2,0.04,0.699130435,144.9956268,8.508341255,8.52078376,5.830729714,7.097413159,4.235339972,16.80854241,83.19145759,21.833,267.96,4.52,0.925288843,17.50233918
FASET_50MGRID_080412_31.CSV,faset,2012,7.744591066,3.58644014,12.86255288,8.51962397,50,7.16,8,5.254191718,21.538,12.89036,5.45614855,2.568565682,0,0,0.710434783,267.501518,11.17186981,11.94532724,5.260512316,5.95272866,4.423451889,14.58333333,85.41666667,21.538,282.36,4.98,0.914322081,16.78864497
FASET_50MGRID_080412_32.CSV,faset,2012,8.108539583,3.82352644,14.61935444,8.948484873,50,7.6,5.99861734,4.878106023,21.937,13.314,5.078625366,2.473370249,0,0,0.717391304,138.9912976,7.907599077,8.744208051,4.950404362,6.174320042,4.294801277,16.80955052,83.19044948,21.937,249.74,4.84,0.929642096,17.38683128
FASET_50MGRID_080412_33.CSV,faset,2012,8.142913626,3.466425897,12.0161085,8.836448871,50,7.7,5.900625701,3.944771792,21.735,12.74284,5.475051649,2.536699005,0,0,0.712173913,110.7579311,7.549241404,7.332590631,4.650464666,6.352847345,3.948838637,17.15884632,82.84115368,21.735,232.42,4.48,0.918268917,16.88411157
FASET_50MGRID_080412_34.CSV,faset,2012,7.750804647,3.42973914,11.76311057,8.461845013,50,7.4,7.436783446,4.646701705,21.831,12.6721,5.836133811,2.552726813,0,0,0.672173913,142.4870809,8.218183892,8.657282163,4.789640736,5.708083641,4.056630703,9.13776178,90.86223822,21.831,244.6,4.74,0.888445076,16.49402344
FASET_50MGRID_080412_35.CSV,faset,2012,7.129271867,3.384169792,11.45260518,7.877186708,50,6.42,5.620235996,4.030951678,20.152,11.24876,6.415721849,2.803101935,0,0,0.679047619,47.98598682,5.572579965,4.114892387,3.809633201,5.490477424,3.950674089,7.369476474,92.63052353,20.152,279.38,3.72,0.8658187,14.00530275
FASET_50MGRID_080412_36.CSV,faset,2012,7.102947791,3.074305043,9.4513515,7.727495829,50,6.68,6.567062181,4.196402735,21.58,11.8946,6.966045279,3.228398095,0,0,0.715652174,120.1688133,7.603730748,7.896334088,4.82833827,4.80795878,3.46993096,3.254510999,96.745489,21.58,242.86,5.02,0.871634407,14.70218617
FASET_50MGRID_080412_37.CSV,faset,2012,7.429033277,3.030443574,9.183588256,8.011894403,50,6.96,5.797825594,4.105546274,20.894,11.42748,6.853391836,2.939753341,0,0,0.692727273,183.4293714,9.125251705,10.00795447,4.230448475,5.274505054,3.677882764,4.054054054,95.94594595,20.894,251.72,4.26,0.86476483,14.57193878
FASET_50MGRID_080412_38.CSV,faset,2012,6.279339178,2.952421862,8.716794854,6.926222597,50,5.8,7.256487657,4.125579737,19.341,9.87298,7.315707419,3.719100279,0,0,0.691,117.7600339,6.662430235,8.565749076,5.192264625,4.238626029,3.05245321,1.964566367,98.03543363,19.341,280.08,5.14,0.87626166,13.84786077
FASET_50MGRID_080412_39.CSV,faset,2012,8.050278732,3.512704075,12.33908992,8.769224354,50,7.8,7.630722666,5.058837488,23.246,13.0113,6.863941781,2.937329026,0,0,0.713333333,228.0474101,10.61967185,10.7363858,5.740817542,5.635120741,3.717418504,4.884763628,95.11523637,23.246,254.38,5.54,0.90086981,16.82342906
FASET_50MGRID_080412_40.CSV,faset,2012,7.305206998,3.774685302,14.24824913,8.205445352,50,6.94,5.907910974,5.392398278,23.638,12.6871,6.744121389,2.996429108,0,0,0.7152,224.9711617,10.25670424,10.944002,6.279214393,5.304821005,4.145349379,6.100355591,93.89964441,23.638,253.22,6.66,0.891785667,17.43273728
FASET_50MGRID_080412_41.CSV,faset,2012,8.714694258,4.87878063,23.80250043,9.963550895,50,8.16,6.843039706,5.949995713,23.641,12.79724,6.285527325,2.699258595,0,0,0.7,298.0483959,11.66821121,12.72404193,6.719164357,6.479035399,5.288931951,9.534564814,90.46543519,23.641,248.06,4.26,0.920306639,19.17177914
FASET_50MGRID_080412_42.CSV,faset,2012,8.303565117,4.515805791,20.39250195,9.430474302,50,7.5,6.586487246,5.750776345,23.839,13.22052,6.793420334,3.400991987,0,0,0.7168,302.1290873,11.54356248,12.99520114,6.527508486,6.325240222,4.793838067,4.486044354,95.51395565,23.839,237.3,4.28,0.914344758,18.64266587
FASET_50MGRID_080412_43.CSV,faset,2012,7.411835365,3.852746402,14.84365483,8.335591474,50,7.22,5.922196578,5.391944104,22.043,12.21564,6.575144177,3.081894673,1,0.02,0.713043478,232.1771902,10.05631746,11.4476054,5.265876072,5.397158716,3.861555474,7.210351579,92.78964842,22.043,235.06,5.24,0.864907962,15.02068966
FASET_50MGRID_080412_44.CSV,faset,2012,7.904100148,3.067641183,9.410422427,8.467408879,50,6.94,7.172723741,4.032571469,21.189,12.183,6.531662885,2.947877682,0,0,0.698181818,194.6945372,9.386669728,10.32399964,4.749406145,5.988688434,3.935911401,7.252404471,92.74759553,21.189,230.94,4.18,0.901681114,15.76430206
FASET_50MGRID_080412_45.CSV,faset,2012,7.823068448,3.160824059,9.990808734,8.425638997,50,7.16,7.338988145,4.092601588,21.513,13.61024,6.329592897,2.908707293,0,0,0.688695652,190.2308183,10.5710223,8.859136857,4.958878554,6.178923577,4.229007205,4.786107582,95.21389242,21.513,236.22,5.58,0.90473567,16.93498943
FASET_50MGRID_080412_46.CSV,faset,2012,6.801797736,3.448918918,11.8950417,7.610623714,50,5.78,7.609561621,4.929254611,22.137,13.01854,6.573773547,3.335541406,0,0,0.713913043,386.8900208,12.93139565,14.82123569,5.525409022,4.924887391,4.030127086,4.703683514,95.29631649,22.137,256.94,6.5,0.901950051,16.66528099
FASET_50MGRID_080412_47.CSV,faset,2012,6.752759008,2.954427168,8.72863989,7.358928,50,6.34,7.246441575,4.221470872,19.94,10.9819,7.159657192,3.393497535,0,0,0.687619048,150.8798983,8.820065964,8.54905461,4.873641258,4.784625454,3.713633895,2.463790932,97.53620907,19.94,254.2,4.78,0.892799578,14.81465161
FASET_50MGRID_080412_48.CSV,faset,2012,9.048764985,2.913752905,8.489955993,9.497384094,50,8.86,6.765532362,4.060813229,21.244,12.80666,7.06229276,3.119738477,0,0,0.684545455,193.4694911,8.591008602,10.93910701,4.440633139,6.720230351,3.846165749,3.316963901,96.6830361,21.244,232.26,4.88,0.890976051,15.5146244
FASET_50MGRID_080412_49.CSV,faset,2012,9.248075558,3.120500869,9.737525676,9.750368028,50,9.1,6.160863553,4.141625433,21.927,13.26858,6.702902537,2.764475709,0,0,0.666956522,202.0098758,9.562985656,10.51471261,4.155849367,7.294076754,4.17054356,5.026720107,94.97327989,21.927,239.64,3.64,0.886930479,16.37702356
FASET_50MGRID_080412_50.CSV,faset,2012,8.284184158,2.971348189,8.82891006,8.79090661,50,7.9,8,3.632337753,21.581,11.76028,6.872612792,3.50605324,0,0,0.716521739,93.89673181,6.667373372,7.031561998,4.798800454,6.592769231,3.999233752,3.11470782,96.88529218,21.581,212.66,4.54,0.906067665,16.1562785
FASET_50MGRID_080412_51.CSV,faset,2012,7.362845673,4.051990128,16.418624,8.384613761,50,6.74,7.145459802,4.831064445,22.427,11.46942,6.228639761,3.051943188,2,0.04,0.736521739,165.31695,8.868414655,9.309574185,6.077283685,5.755377506,4.525847406,12.04650074,87.95349926,22.427,256.46,5.72,0.937141289,17.48409827
FASET_A1_080212_2.CSV,faset,2012,7.312075235,3.524432413,12.42162383,8.097995275,40,6.7,7.153323468,4.490445698,20.237,11.714075,5.936323398,2.920013049,0,0,0.667857143,163.1205795,7.647018717,10.22954956,4.601526026,5.527297681,3.633590502,10.07767784,89.92232216,20.237,244.725,3.775,0.841832042,14.21753425
FASET_A1_080212_3.CSV,faset,2012,7.613378658,3.300752447,10.89496672,8.281674175,40,6.3,6.006908653,3.810915497,20.039,12.376075,5.692039816,2.59736346,0,0,0.647619048,230.3029911,9.244034873,12.03539822,5.01201049,5.890140351,3.886941379,11.00255661,88.99744339,20.039,273.925,4.525,0.850717695,14.99247091
FASET_A1_080212.CSV,faset,2012,7.074186542,4.868707734,23.704315,8.560043454,50,5.94,8,4.99963264,19.836,10.62848,5.015242417,2.554571327,6,0.12,0.741904762,147.3511303,6.553902858,10.21750887,6.075018227,5.269108776,3.50075767,11.09075923,88.90924077,19.836,218.5,3.66,0.892794243,13.8072946
FC_A1_2012.CSV,faset,2012,6.959352881,3.555324582,12.64033288,7.794672352,40,6.475,5.495775896,4.506334573,20.936,11.145275,6.093686336,2.83740924,0,0,0.695454545,215.4176447,8.287464197,12.11344632,4.845096972,4.98818467,3.732273492,8.191030212,91.80896979,20.936,266.575,3.9,0.863583452,14.63406683
FC_A2_2012.CSV,faset,2012,6.463248727,2.408947142,5.803026331,6.887055596,40,5.85,6.648880398,3.150498536,20.84,11.8776,6.317331525,3.121695678,0,0,0.665909091,116.3357882,7.142572159,8.082044986,4.78269684,4.914377553,3.11550486,8.608695652,91.39130435,20.84,287.625,4.625,0.80260758,13.90540541
FC_A3_2012.CSV,faset,2012,13.35338678,3.08310599,9.505542545,13.69601557,40,13.9,7.099432284,3.808223221,22.438,15.79655,7.800142305,3.479543677,0,0,0.677173913,55.21049954,5.943741731,4.458972278,2.819024208,10.24764101,4.007401125,0.412735849,99.58726415,22.438,254.525,2.9,0.843598737,15.11722365
FC_B1_2012.CSV,faset,2012,5.846596178,1.445594446,2.089743302,6.018320911,40,5.15,6.581384518,2.43426396,82.05,14.160675,6.276963417,2.925686704,0,0,0.916566265,246.0472829,8.005985683,13.48893903,17.03933934,4.343515494,2.891101265,5.118574954,94.88142505,82.05,233.1,12.4,0.561791914,10.33108927
FC_B2_2012.CSV,faset,2012,6.39915216,2.39291957,5.726064068,6.821441258,40,5.9,7.412519585,3.192940932,34.657,10.140725,6.773156693,3.565572343,0,0,0.843055556,89.00936692,5.786774887,7.451349094,5.422160658,4.646556936,2.780114535,9.993300581,90.00669942,34.657,224.025,5.3,0.757002257,11.46744499
FC_B3_2012.CSV,faset,2012,10.73445728,3.20721197,10.28620862,11.19185537,40,11,6.642808051,4.236592729,22.65,14.927775,6.794319919,3.073032851,0,0,0.726041667,106.370713,7.455693194,7.126243895,3.847314711,8.41874646,3.92243455,3.326927696,96.6730723,23.144,208.275,4.025,0.811306132,14.15367301
FC_C1_2012.CSV,faset,2012,5.912776449,1.666346739,2.776711456,6.137444013,40,5.475,6.666785598,2.396445017,18.536,8.929625,7.589558688,3.810802586,0,0,0.695,16.98589289,2.884567645,2.943664789,3.388607525,4.40775013,2.197401674,0.589205751,99.41079425,18.536,212.275,4.175,0.656609016,9.22180917
FC_C2_2012.CSV,faset,2012,8.092648429,3.073135044,9.444158996,8.642859112,40,7.475,4.873799385,3.741571725,19.339,12.0741,5.41385225,2.468654508,0,0,0.6775,52.41798701,5.200231035,5.037418406,4.4251072,6.498448241,3.266084618,14.9499367,85.0500633,19.339,217.35,4,0.885011066,14.28412017
FC_D1_2012.CSV,faset,2012,6.421514979,2.724623062,7.423570832,6.962315433,40,4.775,7.548865023,3.230364749,21.482,11.997625,6.475583028,3.684323474,0,0,0.717045455,315.2751229,10.8758076,14.03538143,5.642662945,5.101356195,4.227605712,5.708325431,94.29167457,21.482,263.775,5.125,0.864821769,15.07439825
FC_D3_2012.CSV,faset,2012,8.683070403,3.762335479,14.15516826,9.444416375,40,7.5,7.0000859,4.771711514,18.652,13.77445,5.86694343,2.603749912,0,0,0.63625,251.5754244,10.39349209,11.98126648,4.197616008,6.887060185,4.532297965,12.76926263,87.23073737,18.652,241.525,4.025,0.945836127,17.11072944
FC_E1_2012.CSV,faset,2012,8.388694224,3.456455003,11.94708119,9.056411814,40,7.425,5.892755341,4.776478158,23.429,15.5873,7.245570991,3.138083646,0,0,0.66875,279.6644574,12.75708821,10.81300873,5.535903068,5.99072556,3.678455912,2.256905457,97.74309454,23.429,222.775,5.65,0.883520897,17.57455683
FC_F1_2012.CSV,faset,2012,9.169395679,3.506839742,12.29792497,9.801443463,40,8.55,6.311128552,4.326128132,21.433,13.3829,7.100818235,3.376495303,0,0,0.647727273,112.3251036,8.248710513,6.654613323,4.47692542,7.139767813,4.015630006,3.282571912,96.71742809,21.433,221.75,5.175,0.884532397,16.13498993
FC_F2_2012.CSV,faset,2012,9.608541023,3.973431095,15.78815466,10.37870471,40,9.5,7.904161337,5.416025603,22.431,14.736125,6.885166423,3.225696149,0,0,0.655434783,195.215537,11.29627303,8.222514984,3.747131362,6.979243088,4.104002935,3.717026379,96.28297362,22.431,208.625,5.15,0.889523548,16.65103563
FC_F3_2012.CSV,faset,2012,10.59198182,4.135652467,17.10362133,11.35192097,40,11.1,6.236533885,6.167740724,21.332,16.3557,6.685666673,2.619571383,0,0,0.647727273,625.008942,18.81528738,16.46189245,4.602233472,7.728674612,5.42582809,4.11582213,95.88417787,21.332,241.875,4.325,0.945014202,18.82836991
FC_G1_2012.CSV,faset,2012,10.21028162,3.760803415,14.14364233,10.86461697,40,9.675,6.903803926,4.921889881,27.916,17.9789,6.884963518,3.199061341,0,0,0.718103448,406.9393878,14.79730108,13.71055318,6.616728163,7.511104077,5.252177368,2.484815019,97.51518498,27.916,226.5,6.025,0.943902421,23.1799263
FC_G2_2012.CSV,faset,2012,10.57388374,3.806927429,14.49269645,11.22218323,40,10.325,6.8983823,5.141024042,22.388,14.759425,7.364816123,3.193243331,0,0,0.664130435,230.858111,11.09959439,10.37579468,4.709140827,8.37141908,4.688251843,0.944988188,99.05501181,22.527,222.35,3.05,0.909009819,17.26288194
FC_G3_2012.CSV,faset,2012,11.75142214,4.666711314,21.77819449,12.62258539,40,9.95,6.102476646,6.29183435,22.075,17.753525,3.913017411,1.84443645,0,0,0.667391304,367.8725154,13.36932493,13.75258763,3.908200701,9.520747059,5.881841763,27.69034453,72.30965547,22.075,235.225,3.45,0.917093338,18.40330189
FS_B1_2012.CSV,faset,2012,6.037787728,1.725535304,2.977472084,6.27358876,40,5.825,5.693889869,3.327334345,19.282,10.065175,6.295031123,2.763793819,0,0,0.65375,44.00583511,5.116204796,4.222592047,3.491990711,4.449137523,2.406313802,6.408602151,93.59139785,19.282,232.625,3.55,0.639808781,9.91202687
FS_B2_2012.CSV,faset,2012,6.151469146,2.411710377,5.81634694,6.596325562,40,5.525,7.445870447,2.855381783,18.267,9.201375,6.900325285,3.64752493,0,0,0.680263158,75.81256457,5.271110651,6.930220565,3.842854739,4.531977342,2.713233355,5.532002895,94.4679971,18.267,241.9,4.225,0.827252535,12.01892937
FS_B3_2012.CSV,faset,2012,10.84631119,2.893457641,8.372097123,11.21629445,40,10.35,6.527085121,4.148215557,22.98,14.8732,6.678949593,2.682850162,0,0,0.722916667,184.9315021,9.466780408,9.762764505,4.574712989,8.745828293,3.919843686,5.002289377,94.99771062,22.98,218.525,4.6,0.848313946,15.02250531
FS_C1_2012.CSV,faset,2012,6.144741931,1.562144681,2.440296005,6.335388071,40,5.8,6.080507062,2.322686332,17.683,7.8063,7.841868116,3.57623605,0,0,0.702631579,11.84017509,2.689749804,2.146024482,2.316197815,4.306789542,1.976710337,0.215610177,99.78438982,17.683,232.025,2.75,0.667188867,8.408956207
FS_C2_2012.CSV,faset,2012,8.970906477,2.34447053,5.496542064,9.264787722,40,8.4,6.230088742,3.144388571,18.937,12.459425,5.675503121,2.693761851,0,0,0.67,69.77522488,6.033954169,5.776384853,3.233795094,7.038013119,3.137579957,15.36614646,84.63385354,18.937,250.025,3.075,0.879213225,13.92249301
