0.149,26



0.141,22
0.119,32

0.218,18
0.193,23
0.229,20
0.144,14
0.116,22
20.032,85

0.147,25
21.153,89
21.186,86
21.177,93
19.968,87
19.973,92
20.009,90
19.979,93
19.983,94
20.016,96
20.031,94
20.035,95
20.040,96
20.044,97
20.029,99
20.044,97
20.031,94
20.031,94
20.007,94
20.011,95
19.996,97
20.031,94
20.044,97
20.090,96
20.085,95
20.148,98
20.203,99
20.148,98
20.157,100
20.106,94
20.098,98
20.121,92
20.102,93
20.059,90
20.115,91
20.065,91
20.157,100
20.232,100
20.682,100
21.173,104
21.269,103
21.290,102
21.165,102
21.048,98
20.365,96
20.235,95
20.121,92
20.065,91
20.034,90
20.059,90
20.071,92
20.053,89
20.053,89
20.131,94
20.090,91
20.090,96
20.131,94
20.127,93
20.146,92
20.122,88
20.135,95
20.162,101
20.115,91
20.128,89
20.171,92
20.115,91
20.171,92
20.097,88
20.171,92
20.171,92
20.146,92
20.086,86
20.082,85
20.109,90
20.109,90
20.152,93
20.156,94
20.141,87
20.177,93
20.178,89
20.178,89
20.171,92
20.227,93
20.215,91
20.231,94
20.184,90
20.221,92
20.209,90
20.091,87
20.178,84
20.178,84
20.266,87
20.391,87
20.734,90
20.902,93
21.052,93
21.115,96
21.190,91
21.265,96
21.240,87
21.284,95
21.309,95
21.289,96
21.284,95
21.215,96
21.156,94
21.127,93
20.985,95
20.802,93
20.209,90
20.086,86
20.091,87
20.102,93
20.194,97
20.091,87
20.260,95
20.394,97
20.665,96
20.540,91
20.290,91
20.198,98
20.344,97
17.291,94
20.178,84
20.540,91
20.331,94
20.265,91
20.685,95
20.677,93
17.581,104
17.486,105
17.267,113
17.054,103
16.941,106
16.918,113
16.951,96
16.918,100
17.084,111
17.051,109
17.047,108
17.101,109
4.257,37
4.283,59
4.274,77
4.276,83
4.255,84
4.255,84
4.268,87
4.296,82
4.276,78
4.298,76
4.320,74
4.309,65
4.307,52
4.283,57
4.209,57
4.210,64
4.267,72
4.222,75
4.250,77
4.237,80
4.274,88
4.271,82
4.288,86
4.225,77
4.252,78
4.225,77
4.216,71
4.261,68
4.290,71
4.290,71
4.306,79
4.291,81
4.280,84
4.263,86
4.239,86
4.273,92
4.243,91
4.304,93
4.255,89
4.273,92
4.288,86
4.276,83
4.281,79
4.267,72
4.259,65
4.259,61
4.235,66
4.246,74
4.266,81
4.255,84
4.243,91
4.237,90
4.237,90
4.267,91
4.239,86
4.255,89
4.276,83
4.227,78
4.260,67
4.258,53
4.211,23
17.308,104
17.320,95
17.284,111
17.244,107
17.308,98
17.258,98
17.269,90
17.425,102
17.513,112
17.492,113
17.523,115
17.573,115
17.562,112
17.558,111
17.557,104
17.592,107
17.479,103
17.494,107
17.445,114
17.355,110
17.283,104
17.283,104
4.262,31
4.258,57
4.293,73
4.252,83
4.231,89
4.210,85
4.210,85
4.255,84
4.237,90
4.263,86
4.222,82
4.231,84
4.274,88
4.249,92
4.239,86
4.219,87
4.231,89
4.262,95
4.247,97
4.213,95
4.209,94
4.258,94
4.259,85
4.274,77
4.274,77
4.293,73
4.286,68
4.290,71
4.285,67
4.262,69
4.240,70
4.211,67
4.210,65
4.238,69
4.259,66
4.210,66
4.264,70
4.259,60
4.259,62
4.210,60
4.235,60
4.185,64
4.207,79
4.261,90
4.289,101
4.296,97
4.275,98
4.267,96
4.275,98
4.249,92
4.243,91
4.280,99
-99999999
4.249,92
4.262,95
4.267,96
4.249,92
4.234,94
4.262,95
4.249,92
4.271,97
4.234,94
4.249,92
4.287,95
4.255,89
4.244,87
4.206,84
4.225,88
4.219,87
4.212,90
4.231,89
4.243,91
4.243,91
4.212,90
4.231,89
4.252,83
4.206,84
4.263,86
4.206,84
4.259,85
4.222,82
4.206,84
4.244,87
4.231,89
4.225,88
4.219,87
4.254,93
4.163,90
4.218,91
4.209,94
4.187,90
4.200,88
4.187,90
4.218,91
4.218,91
4.249,92
4.180,93
4.209,94
4.234,94
4.213,95
4.243,96
0.942,100
0.847,101
0.947,108
0.861,105
0.886,105
0.886,105
0.900,102
0.872,101
0.875,102
0.866,94
0.837,93
0.801,87
0.769,80
0.750,72
0.772,70
0.748,71
0.722,70
0.725,72
0.751,73
0.776,73
0.776,73
0.753,74
0.751,73
0.723,71
0.753,74
0.784,78
0.751,73
0.776,73
0.772,70
0.823,71
0.801,73
0.806,76
0.778,74
0.779,75
0.723,71
0.745,69
0.770,69
0.769,68
0.795,69
0.804,75
0.776,73
0.775,72
0.806,76
0.795,69
0.822,70
0.841,59
0.841,54
0.816,54
0.815,51
0.740,47
0.765,52
0.791,55
0.793,67
0.769,68
0.747,70
0.823,71
0.745,69
0.817,64
0.766,59
0.765,50
0.739,40
0.772,25
17.513,99
17.592,107
17.183,98
17.225,102
17.272,108
17.151,109
17.063,112
16.948,108
16.884,104
16.902,109
16.916,106
16.895,107
16.960,111
17.051,109
17.499,115
17.532,104
17.501,109
17.383,104
17.436,105
17.200,102
17.079,103
17.083,104
17.083,104
17.217,113
17.267,113
17.263,112
17.326,109
20.377,93
20.448,98
20.431,94
20.440,96
17.259,111
17.267,113
17.288,112
17.205,110
17.195,114
17.155,110
17.100,96
17.075,102
17.234,111
17.367,113
17.753,110
17.470,114
17.386,105
17.150,96
17.251,109
17.497,108
17.556,98
17.581,104
17.516,100
17.573,102
17.807,111
17.931,104
17.811,112
20.071,92
20.009,90
19.992,96
20.135,95
20.107,100
20.031,94
19.796,97
19.782,106
21.968,103
21.035,95
21.376,93
21.003,89
20.939,81
21.059,90
20.947,88
20.971,92
0.668,23
0.644,32
0.689,43
0.664,44
0.665,46
0.665,49
0.615,51
0.690,52
0.690,51
0.640,49
0.665,46
0.689,43
0.664,39
0.694,33
19.773,92
19.748,92
19.723,92
19.783,94
19.842,96
17.920,108
17.882,111
17.849,109
17.915,113
17.878,110
17.893,114
17.909,118
17.880,117
17.930,117
0.670,31
0.664,41
0.665,49
0.666,58
0.667,65
0.667,65
0.692,66
0.717,66
0.668,67
0.642,65
0.667,66
0.681,76
0.678,74
0.697,70
0.678,74
0.697,70
0.679,75
0.678,74
0.675,72
0.679,75
0.700,72
0.678,74
0.673,71
0.726,73
0.672,70
0.673,71
0.651,73
0.647,70
0.622,70
0.647,70
0.670,69
0.667,65
0.642,63
0.667,62
0.641,57
0.616,58
0.665,52
0.589,43
0.664,43
0.639,38
0.746,30
0.622,25
0.524,27
0.724,27
0.748,19
0.629,20
0.768,18
0.619,8
0.818,23
18.609,99
0.719,16
0.618,23
0.618,34
0.619,33
0.616,36
0.614,38
0.614,41
0.614,44
0.614,44
0.615,47
0.589,40
0.589,41
0.564,38
0.618,34
0.672,29
0.594,15
18.364,100
18.337,106
18.416,107
16.993,113
16.973,101
17.054,103
18.344,108
18.477,110
0.448,28
0.817,35
0.615,37
0.714,42
0.615,47
0.664,45
0.664,45
0.564,42
0.589,41
0.473,19
0.610,21
11.343,102
11.415,108
11.397,103
11.485,113
11.530,112
11.426,98
11.409,94
11.413,95
11.388,95
11.397,103
11.390,101
11.354,105
11.412,107
11.390,101
11.515,108
2.560,25
2.397,37
2.422,43
2.396,45
2.397,47
2.423,48
2.398,54
2.372,57
2.373,60
2.401,68
2.349,68
2.399,62
2.451,67
2.426,67
2.425,66
2.400,67
2.450,66
2.400,67
2.347,64
2.401,68
2.350,69
2.402,69
2.400,67
2.406,71
2.347,66
2.374,67
2.347,65
2.349,68
2.347,65
2.399,60
2.347,64
2.401,68
2.373,62
2.373,65
2.347,62
2.423,52
2.346,57
2.372,54
2.320,57
0.667,60
0.742,60
0.667,63
0.966,55
0.670,31
0.689,44
0.691,57
0.719,68
0.695,69
0.695,69
0.729,75
0.701,73
0.723,71
0.701,73
0.728,74
0.726,73
0.673,71
0.722,70
0.725,72
0.704,75
0.667,61
0.764,38
2.297,68
2.274,70
2.217,64
2.191,65
2.140,67
2.034,64
2.008,63
1.985,69
2.008,63
1.982,63
2.007,58
2.007,55
2.058,48
2.136,48
2.294,57
2.346,55
2.320,53
2.294,57
2.294,55
2.293,52
2.346,58
2.321,62
2.295,66
2.295,60
2.295,65
2.348,67
2.300,70
2.324,69
2.296,67
2.297,68
2.298,69
2.333,74
2.348,67
2.298,69
2.295,66
2.326,70
2.297,68
2.326,70
2.295,66
2.298,69
2.295,66
2.326,70
2.271,68
2.275,71
2.300,70
2.322,67
2.295,65
2.269,63
2.295,64
2.268,59
2.216,54
2.293,47
2.140,34
2.426,16
2.271,13
11.390,101
2.327,19
2.352,25
2.240,42
2.346,56
2.294,58
2.191,63
2.191,64
2.269,62
2.243,65
2.243,65
2.243,66
2.217,66
2.243,66
2.217,66
2.246,69
2.246,69
2.203,75
2.223,71
2.249,71
2.225,72
2.202,74
2.258,77
2.199,72
2.197,71
2.067,71
2.092,70
2.067,71
1.962,70
1.954,79
1.793,76
1.593,78
1.435,75
1.410,75
1.337,77
1.327,71
1.332,74
1.352,70
1.375,69
1.321,66
1.371,58
1.371,56
1.370,46
1.476,33
1.404,28
1.430,27
1.858,24
16.431,82
2.151,20
2.066,29
2.244,34
2.240,39
2.216,53
2.242,57
2.243,61
2.242,58
2.242,57
2.242,55
2.294,54
2.295,64
2.347,64
2.350,69
2.399,66
2.321,66
2.347,66
2.350,69
2.357,73
2.360,75
2.311,77
2.303,72
2.303,72
2.311,77
2.307,75
2.357,73
2.375,68
2.426,67
2.402,69
2.353,71
2.321,65
2.352,70
2.295,65
2.352,70
2.301,71
2.350,69
2.350,69
2.323,68
2.295,64
2.347,64
2.298,69
2.326,70
2.324,69
2.295,65
2.297,68
2.296,67
2.297,68
2.277,72
2.295,65
2.298,69
2.243,65
2.321,64
2.295,66
2.295,64
2.297,68
2.298,69
2.269,63
2.297,68
2.270,67
2.243,64
2.297,68
2.269,64
2.295,62
2.243,66
2.269,63
2.243,64
2.269,63
2.269,65
2.295,63
2.242,58
2.269,64
2.295,60
2.295,62
2.242,58
2.294,55
2.294,56
2.242,53
2.190,58
2.112,61
2.087,67
2.096,73
2.014,71
2.050,77
2.073,75
2.043,72
2.039,70
2.098,74
2.093,71
2.089,69
2.139,63
2.085,54
2.136,48
2.135,41
2.196,29
18.060,99
16.901,91
1.944,20
1.934,32
1.981,36
1.903,43
2.084,50
2.241,46
2.242,59
2.192,67
2.034,65
1.982,66
1.957,63
1.931,65
1.982,62
1.930,56
1.981,59
1.931,66
1.931,64
1.982,62
1.983,67
2.034,65
2.037,69
2.010,68
1.982,65
2.035,67
1.982,66
2.034,63
2.034,64
2.034,60
2.034,66
2.062,68
2.092,70
2.060,66
2.035,67
2.040,71
2.035,67
1.987,70
1.985,69
1.932,67
1.965,72
1.931,64
1.982,63
2.008,63
2.034,63
2.086,64
2.087,67
2.060,66
2.034,64
2.137,58
2.243,60
2.243,63
2.245,68
2.197,71
2.167,68
2.144,70
2.173,72
2.202,74
2.218,67
2.200,73
2.205,76
2.205,76
2.167,80
2.156,78
2.153,76
2.177,75
2.180,77
2.180,77
2.151,75
2.156,78
2.179,76
2.206,77
2.156,78
2.156,78
2.156,78
2.203,75
2.199,72
2.121,72
2.043,72
1.988,71
1.937,70
1.886,70
1.887,71
1.906,66
1.932,67
2.086,66
2.139,60
2.163,49
2.292,42
2.088,33
2.039,29
2.300,29
2.092,25
2.091,30
2.144,25
2.169,30
2.141,33
2.219,33
2.112,35
2.190,36
2.222,29
2.224,26
2.064,30
2.145,28
2.170,29
2.083,40
2.083,42
2.058,47
2.057,40
2.084,49
2.083,44
2.135,44
2.136,49
2.085,36
2.083,43
2.083,38
2.031,40
2.057,38
2.031,41
2.006,37
2.034,35
1.939,26
1.981,22
1.883,33
2.032,37
2.006,49
1.980,46
2.032,52
2.058,49
2.109,45
2.136,52
2.190,57
2.164,58
2.243,64
2.191,61
2.243,64
2.243,61
2.295,61
2.295,66
2.295,60
2.269,61
2.320,55
2.240,41
2.240,39
2.135,41
2.189,52
2.139,60
2.191,64
2.193,68
2.142,69
2.115,68
2.037,69
1.985,69
2.008,64
2.035,67
1.982,62
1.981,54
1.931,60
1.854,55
1.779,64
1.754,64
1.762,72
1.765,74
1.711,72
1.737,73
1.737,73
1.712,73
1.715,75
1.695,78
1.669,78
1.381,73
0.550,72
0.484,78
0.495,69
0.476,73
0.478,74
0.459,78
0.473,71
0.467,65
0.494,68
0.573,71
1.612,74
1.725,79
1.700,79
1.742,76
1.766,75
1.791,75
1.817,75
1.739,74
1.796,83
1.859,86
1.241,84
0.857,77
0.517,65
0.442,66
0.417,66
0.418,67
0.423,71
0.442,66
0.417,63
0.417,64
0.445,69
0.467,66
0.417,63
0.467,62
0.465,49
0.540,48
0.565,48
0.715,49
0.717,66
0.782,88
0.754,97
0.620,95
0.507,88
0.475,72
0.467,62
0.467,65
0.467,61
0.492,62
0.466,59
0.416,58
0.540,52
0.515,50
0.590,46
0.540,48
0.665,51
0.766,55
0.917,66
1.034,78
1.043,85
0.907,88
0.846,86
0.925,91
0.706,92
0.771,86
0.926,87
2.694,87
2.645,82
2.715,86
2.753,88
0.625,91
0.682,88
0.667,85
0.617,85
0.613,84
0.509,78
0.548,71
0.467,65
0.492,66
0.467,63
0.567,61
0.566,56
0.467,65
0.472,70
0.551,73
0.642,64
0.543,67
2.685,60
2.633,63
2.687,68
2.659,66
2.674,76
2.677,78
2.692,81
2.721,87
2.753,88
1.191,89
1.362,88
1.254,87
1.191,84
1.120,67
1.181,75
1.127,72
1.122,69
1.127,72
1.122,69
1.105,74
1.102,72
1.127,72
1.130,74
1.108,76
1.128,73
1.134,77
1.131,75
1.160,77
1.157,75
1.156,74
1.180,74
1.172,80
1.157,82
1.134,77
1.166,84
1.121,80
1.115,84
1.080,82
0.932,77
0.776,73
0.520,69
0.467,62
0.417,60
0.417,60
0.417,63
0.517,62
0.618,67
0.767,62
0.867,62
0.917,64
0.917,60
0.916,56
0.891,55
0.766,54
0.690,51
0.542,60
0.469,68
0.476,73
0.526,73
0.570,69
0.518,67
0.503,74
0.551,87
0.619,90
0.737,93
0.832,88
0.713,84
0.729,75
0.751,73
0.723,71
0.720,69
0.951,73
0.944,80
1.115,84
1.179,87
1.166,89
1.285,92
1.146,90
1.260,88
1.045,90
2.872,86
2.863,84
2.896,80
2.896,90
1.229,87
1.247,90
1.304,96
1.247,90
1.273,95
1.224,95
1.203,91
1.166,89
1.146,80
1.133,76
1.141,79
1.157,82
1.126,81
1.151,81
1.227,81
1.308,82
1.395,79
1.456,81
1.425,80
1.425,80
1.344,79
1.286,77
1.232,75
1.184,77
1.174,70
1.199,70
1.203,73
1.280,73
1.286,77
1.333,75
1.364,78
1.356,73
1.489,77
1.536,74
1.581,70
1.626,66
1.626,62
1.652,62
1.652,60
1.625,53
1.576,60
1.479,70
1.429,71
1.410,75
1.415,78
1.369,79
1.336,76
1.384,82
1.379,81
1.374,80
1.389,78
1.369,79
1.336,76
1.361,76
1.374,68
1.372,65
1.347,66
1.372,65
1.372,64
1.373,67
1.347,63
1.323,68
1.348,67
1.321,64
1.272,68
1.223,69
1.180,74
1.080,75
1.076,72
1.051,72
1.090,79
1.131,75
1.116,79
1.034,78
1.040,79
1.057,76
1.057,76
1.101,81
1.009,83
1.004,82
0.969,80
0.944,80
0.889,79
0.949,81
0.899,81
0.929,75
0.901,73
0.901,73
0.925,72
0.978,74
0.954,75
0.956,76
0.976,73
1.006,76
0.989,79
1.032,77
1.058,77
1.050,81
1.090,79
1.126,81
1.159,76
1.167,79
1.183,76
1.157,75
1.181,75
1.237,78
1.206,75
1.242,79
1.252,81
1.303,81
1.293,79
1.283,75
1.259,76
1.283,75
1.251,71
1.251,71
1.282,74
1.226,71
1.228,72
1.256,74
1.288,78
1.257,75
1.234,76
1.257,75
1.282,74
1.293,79
1.286,77
1.257,75
1.280,73
1.283,75
1.280,73
1.251,71
1.225,70
1.226,71
1.197,69
1.228,72
1.247,68
1.279,72
1.270,62
1.270,64
1.270,60
1.268,51
1.191,43
1.166,39
1.166,45
1.116,44
1.117,48
1.117,47
1.141,42
1.141,44
1.141,39
1.141,40
1.168,36
1.146,33
1.227,26
1.126,27
1.048,25
1.123,30
1.069,34
1.040,38
1.090,38
1.066,37
1.116,43
1.116,44
1.091,47
1.117,51
1.144,62
1.169,66
1.144,65
1.180,74
1.130,74
1.128,73
1.134,77
1.133,76
1.023,71
0.953,74
0.906,76
0.803,74
0.782,77
0.757,77
0.744,80
0.749,81
0.754,82
0.729,82
0.694,80
0.663,84
0.659,83
0.654,82
0.674,81
0.684,83
0.654,82
0.664,79
0.684,83
0.654,82
0.659,78
0.694,80
0.679,75
0.681,76
0.703,74
0.744,80
0.728,74
0.714,79
0.782,77
0.784,78
0.839,79
0.834,78
0.907,77
0.882,77
0.949,81
0.969,80
0.944,80
0.994,80
1.014,79
0.989,79
1.014,79
0.999,81
0.964,79
0.974,81
1.004,82
1.017,85
0.994,80
0.999,81
0.981,76
0.981,76
0.957,77
0.982,77
0.959,78
0.931,76
1.009,78
0.979,75
0.978,74
1.022,70
1.019,68
1.068,66
1.068,65
1.043,65
1.119,65
1.120,67
1.119,64
1.093,62
1.093,62
1.092,58
1.067,55
1.092,57
1.119,60
1.169,64
1.170,67
1.171,68
1.177,72
1.175,71
1.203,73
1.191,79
1.191,79
1.186,78
1.166,84
1.186,78
1.184,77
1.172,69
1.097,69
1.068,63
1.124,70
1.202,72
1.175,71
1.208,76
1.191,79
1.232,82
1.232,82
1.262,83
1.313,83
1.337,77
1.410,75
1.483,73
1.547,79
1.505,71
1.526,67
1.533,72
1.527,68
1.528,69
1.531,71
1.565,77
1.536,74
1.542,78
1.565,77
1.542,78
1.554,86
1.571,84
1.585,87
1.550,85
1.546,89
1.585,87
1.565,88
1.597,84
1.521,84
1.550,85
1.532,81
1.537,82
1.461,82
1.344,79
1.259,76
1.105,74
1.029,75
0.872,70
0.870,69
0.847,70
0.817,66
0.845,69
0.868,67
0.850,72
0.797,70
0.822,70
0.823,71
0.809,78
0.832,77
0.828,74
0.781,76
0.849,81
0.831,76
0.795,69
0.800,72
0.843,67
0.818,67
0.817,63
0.867,61
0.917,62
1.120,67
1.324,69
1.401,69
1.455,71
1.486,75
1.485,74
1.464,77
1.517,78
1.507,72
1.558,72
1.558,72
1.632,71
1.685,72
1.682,70
1.736,72
1.736,72
1.728,65
1.703,65
1.728,65
1.728,60
1.728,61
1.728,64
1.677,62
1.678,67
1.728,65
1.679,68
1.660,72
1.733,70
1.686,73
1.715,75
1.734,71
1.708,70
1.708,70
1.728,66
1.677,63
1.625,58
1.727,59
1.677,61
1.703,61
1.703,64
1.677,63
1.652,61
1.626,61
1.677,64
1.678,67
1.655,69
1.636,73
1.615,76
1.564,76
1.513,76
1.438,77
1.384,75
1.381,73
1.378,71
1.362,77
1.409,74
1.488,76
1.482,72
1.579,69
1.652,63
1.625,59
1.677,64
1.728,62
1.728,64
1.703,66
1.705,68
1.706,69
1.711,72
1.679,68
1.680,69
1.677,66
1.679,68
1.704,67
1.728,66
1.685,72
1.688,74
1.692,77
1.664,75
1.666,76
1.689,82
1.699,84
1.710,81
1.710,81
1.705,80
1.728,85
1.695,78
1.692,77
1.664,75
1.663,74
1.661,73
1.636,73
1.626,64
1.573,52
1.548,49
1.523,47
1.572,40
1.623,42
1.623,41
1.700,42
1.726,47
1.778,57
1.754,62
1.678,67
1.706,69
1.733,70
1.703,66
1.733,70
1.728,66
1.730,68
1.731,69
1.706,69
1.677,65
1.658,71
1.581,70
1.565,77
1.626,85
1.630,86
1.608,81
1.664,82
1.679,80
1.740,82
1.743,77
1.695,78
1.745,78
1.720,78
1.743,77
1.717,76
1.742,76
1.740,75
1.737,73
1.712,73
1.714,74
1.708,70
1.736,72
1.743,77
1.736,72
1.733,70
1.740,75
1.734,71
1.757,69
1.709,71
1.785,71
1.737,73
1.736,72
1.736,72
1.755,67
1.785,71
1.756,68
1.780,67
1.728,64
1.728,64
1.734,71
1.757,69
1.760,71
1.791,75
1.765,74
1.728,65
1.788,73
1.737,73
1.728,66
1.756,68
1.754,64
1.782,69
1.728,62
1.780,67
1.779,62
1.779,62
1.778,58
1.752,58
1.754,60
1.728,62
1.754,62
1.779,62
1.779,65
1.754,61
1.779,66
1.782,69
1.779,63
1.754,65
1.778,59
1.779,63
1.778,58
1.803,59
1.802,51
1.777,47
1.726,47
1.726,51
1.752,55
1.778,59
1.778,58
1.779,61
1.754,61
1.779,61
1.779,60
1.752,57
1.728,60
1.751,51
1.726,49
1.727,56
1.751,51
1.727,56
1.803,54
1.752,54
1.777,48
1.776,42
1.776,38
1.786,27
9.341,102
1.857,32
1.758,30
1.761,27
1.786,26
1.782,24
1.734,28
1.727,22
1.805,23
1.735,27
1.904,46
5.644,40

5.745,57
5.796,62
5.779,96
5.758,103
5.798,90
5.916,93
12.357,56
12.627,89
12.535,114
12.440,115
12.435,107
12.433,113
12.461,114
12.511,114
12.620,92
12.356,47
5.818,43
5.694,46
5.748,32
5.745,36
5.863,78
5.846,85
5.802,71
5.808,75
5.843,79
5.821,63
5.819,47
5.796,62
5.807,74
5.818,79
5.846,85
5.846,85
5.825,86
5.838,83
5.821,85
5.805,87
5.805,87
5.811,88
5.823,90
5.811,88
5.811,88
5.824,95
5.841,93
5.841,93
5.823,90
5.779,91
5.795,94
5.798,90
5.829,91
5.695,94
5.606,87
5.614,83
5.612,88
5.662,88
5.726,101
5.649,80
5.554,26
5.843,43
5.869,47
5.795,55
5.820,56
5.695,54
5.744,52
5.745,53
5.794,52
5.844,50
5.793,43
5.746,60
5.788,78
5.817,89
5.711,77
5.746,62
5.818,79
5.854,91
5.771,85
5.811,88
5.757,74
5.695,56
5.796,61
5.752,71
5.808,82
5.817,99
5.796,100
5.804,96
5.749,95
5.755,87
5.767,84
5.766,93
5.758,97
5.762,98
5.746,100
5.733,103
5.765,105
5.692,99
5.729,102
5.762,98
5.767,99
5.749,95
5.704,91
5.779,91
5.760,92
5.779,96
5.799,95
5.785,92
5.791,93
5.808,97
5.817,99
5.840,105
5.837,98
5.817,99
5.851,101
5.876,101
5.812,98
5.851,101
5.871,100
5.854,96
5.829,96
5.817,89
5.823,90
5.792,89
5.835,92
5.829,91
5.830,87
5.805,87
5.841,93
5.816,93
5.811,88
5.811,88
5.811,88
5.810,92
5.810,92
5.842,89
5.912,98
5.970,94
6.009,92
6.100,101
6.032,97
6.041,99
6.016,99
5.979,102
5.967,99
5.951,101
5.896,100
5.887,98
5.912,98
5.904,96
5.942,89
6.012,78
6.028,72
6.019,56
5.845,56
10.300,97
10.266,95
10.099,74
9.915,33
12.406,47
12.456,59
12.458,85
12.383,85
12.423,88
12.423,88
12.367,87
12.411,95
12.395,97
12.411,95
12.382,94
12.413,101
12.391,96
12.335,90
12.417,87
12.380,79
12.385,80
12.395,82
12.412,86
12.333,85
12.379,89
10.204,104
10.250,103
10.259,99
10.304,98
10.308,93
10.343,101
12.372,76
12.355,44
12.357,53
12.410,33
20.635,95
20.666,87
20.719,82
20.522,88
20.494,82
12.230,39
12.288,70
12.325,83
12.320,97
12.338,108
12.388,101
12.408,85
12.408,66
12.406,46
21.166,109
21.109,107
18.510,112
12.358,64
12.380,79
12.395,82
12.300,83
12.283,113
12.288,108
12.303,93
12.303,93
12.254,112
12.129,112
12.022,110
12.052,118
12.127,118
12.256,119
12.231,119
12.010,120
11.991,115
12.003,118
12.009,113
12.036,114
11.968,109
11.964,108
11.962,114
11.970,116
11.991,115
11.991,115
11.987,114
11.949,117
11.966,115
12.024,117
11.987,114
12.001,111
11.972,110
12.005,112
10.193,121
10.287,126
10.291,127
10.370,134
10.441,133
12.033,113
12.096,110
12.110,107
12.167,109
12.225,111
12.229,112
12.208,100
11.946,103
11.966,115
11.937,114
11.922,110
11.989,101
12.066,102
12.120,103
12.023,92
12.011,90
11.974,88
11.942,91
9.904,104
9.971,102
10.016,114
10.123,122
11.991,115
12.127,118
12.207,126
12.754,119
12.348,117
12.306,119
12.310,107
12.279,112
9.608,119
10.266,114
10.129,104
10.154,104
12.308,113
12.290,81
21.174,111
12.341,96
12.345,103
12.347,92
12.404,112
10.534,45
10.695,102
10.853,104
12.964,96
10.690,95
10.674,75
10.796,109
6.254,122
6.207,97
6.142,45
12.140,26
6.045,60
6.122,90
6.111,104
6.120,100
6.207,97
6.234,92
6.153,96
6.147,107
6.143,106
6.245,113
6.293,119
6.260,117
6.239,118
6.227,115
6.177,115
6.177,115
6.177,115
6.166,112
6.158,110
6.212,111
6.161,104
6.197,107
6.166,112
6.183,110
6.189,118
6.266,125
6.269,126
6.319,126
6.287,124
6.239,118
6.235,117
6.183,110
6.154,109
6.195,113
6.133,110
6.139,105
6.182,103
6.197,107
6.361,117
6.204,109
6.120,100
6.195,100
6.384,123
10.708,112
10.296,102
9.899,82
9.915,80
9.972,87
10.008,93
10.021,91
10.060,99
10.199,74
10.327,76
10.449,74
10.062,56
10.204,104
9.961,57
10.157,105
10.239,120
10.208,93
10.075,75
10.105,78
10.154,104
10.211,106
10.190,107
10.334,125
10.272,122
10.276,123
10.314,120
10.245,115
10.280,124
10.268,121
10.274,129
10.272,122
10.337,126
10.337,126
10.272,109
10.213,113
10.266,114
10.261,106
10.113,85
10.134,99
10.190,107
11.984,113
11.995,116
11.949,117
11.964,121
11.941,115
11.951,111
11.892,102
9.752,104
9.932,105
9.995,115
9.953,117
10.026,123
10.037,132
11.812,114
11.745,116
11.736,107
11.753,105
11.753,105
11.714,108
11.714,108
11.662,95
11.917,91
11.961,107
11.924,88
12.108,61
9.874,97
9.750,92
12.083,65
12.155,40
11.808,53
11.711,68
11.776,78
7.450,107
7.461,110
7.457,109
7.450,107
7.439,104
7.439,104
7.423,100
7.453,108
7.435,103
7.435,103
9.743,81
19.627,83
12.083,35
12.129,89
9.902,117
9.911,119
11.709,100
11.611,107
11.621,103
11.686,80
11.722,110
11.826,111
11.892,102
11.853,105
10.170,115
10.232,118
10.035,99
10.251,123
10.230,124
10.058,105
10.149,116
10.330,111
10.296,102
10.325,103
10.366,114
10.293,108
10.318,101
10.307,105
10.276,110
10.243,108
10.311,106
10.376,110
10.346,102
10.284,99
10.357,105
10.366,114
12.204,112
10.598,116
10.583,112
10.507,105
10.482,105
10.407,105
10.350,103
10.390,107
10.426,110
10.480,111
10.491,114
10.480,111
10.376,110
10.304,104
10.321,102
10.415,107
10.579,111
12.181,106
10.311,119
10.334,112
10.354,104
10.365,107
10.430,111
10.372,109
10.300,103
10.368,108
10.400,103
10.325,103
10.537,113
10.468,101
10.272,87
10.351,110
10.495,115
10.538,120
10.524,129
10.092,114
10.268,121
10.259,125
11.989,108
11.970,116
11.961,107
11.978,118
10.180,111
10.168,108
10.164,120
10.042,114
11.905,112
11.907,106
11.973,92
11.932,106
11.937,114
11.884,113
11.721,103
11.703,105
11.666,115
11.818,109
11.722,110
11.650,104
11.657,106
11.667,102
11.730,89
12.007,106
9.930,124
9.916,127
10.009,125
9.627,111
9.783,112
9.842,108
7.255,96
7.497,85
7.612,88
7.314,78
7.264,83
7.322,85
7.262,77
7.279,81
7.297,85
7.324,90
7.406,96
7.360,97
7.389,104
7.406,96
7.313,98
7.331,109
7.327,101
7.325,95
7.318,89
7.336,92
7.356,96
7.338,98
7.364,98
7.343,99
7.309,97
7.325,95
7.313,98
7.309,82
7.381,91
7.306,87
7.390,83
7.143,84
7.176,86
11.767,91
7.343,89
7.547,85
7.419,99
7.406,96
7.336,92
7.330,91
7.312,88
7.431,96
7.343,89
7.347,94
7.336,92
7.490,111
7.515,111
11.780,112
11.834,113
11.780,112
11.749,117
11.714,108
11.707,106
11.689,108
11.768,109
7.528,101
7.469,112
7.515,111
7.478,108
7.423,113
7.302,101
7.330,102
7.318,99
7.306,87
7.279,81
7.314,83
7.347,94
7.347,94
7.299,90
7.348,100
7.364,98
7.305,96
7.322,100
7.351,95
7.296,94
7.373,100
7.342,93
7.293,89
7.330,91
7.331,87
7.339,83
7.305,72
7.395,79
7.369,84
7.352,86
7.381,91
7.394,84
7.344,79
7.348,66
7.373,60
7.372,59
7.373,65
7.350,80
7.375,90
7.286,92
10.109,99
10.018,101
10.152,92
10.234,89
10.188,85
7.337,77
7.330,91
7.410,103
7.322,100
7.318,99
10.138,85
10.116,69
10.063,64
10.163,63
7.212,88
7.288,104
7.413,117
7.515,124
7.511,123
7.447,126
9.932,105
9.764,95
9.723,97
9.752,98
9.773,97
9.795,102
9.803,104
9.824,103
9.878,104
9.892,101
9.965,107
9.965,107
10.047,102
10.084,99
10.193,101
10.228,88
10.177,76
10.221,72
10.188,65
10.212,53
10.262,36
21.289,91
21.477,89
21.802,84
22.022,83
22.247,78
22.242,82
22.314,87
22.022,83
21.868,82
21.883,80
21.934,95
22.002,99
7.500,24
7.403,25
7.475,24
7.453,28
7.400,32
7.425,33
7.494,41
7.544,43
7.496,36
7.544,38
7.615,21
21.952,89
22.144,92
22.167,103
22.510,101
20.673,98
21.906,100
21.977,99
13.829,68
13.879,80
13.648,105
7.353,108
7.513,117
7.542,118
7.435,97
7.299,80
7.309,97
7.330,96
7.419,99
7.387,92
7.329,81
7.356,72
7.420,79
7.501,86
7.497,85
7.435,82
7.464,78
7.423,66
7.810,82
7.768,93
7.787,92
7.662,88
13.699,112
13.691,110
13.688,122
13.671,124
13.682,114
13.828,113
13.856,114
17.673,91
17.679,92
17.702,97
17.681,104
7.301,30
7.344,39
7.344,42
7.370,45
7.395,38
7.252,25
17.588,106
17.570,101
17.728,110
20.556,94
7.520,51
7.521,57
13.848,99
13.797,118
13.621,111
13.604,113
13.558,86
10.060,41
7.256,109
7.415,111
7.840,124
8.122,106
7.605,102
7.476,95
7.810,97
7.846,106
7.969,99
7.443,93
7.063,98
7.110,110
7.204,115
7.260,123
7.179,115
7.259,103
8.862,96
8.891,97
8.896,98
8.896,98
8.942,103
8.913,96
8.938,102
8.938,102
8.930,100
9.022,104
9.090,109
9.136,108
9.212,108
9.266,109
9.310,107
9.226,105
9.220,110
9.065,109
8.992,103
8.891,97
8.921,98
8.926,99
8.913,91
7.177,101
7.199,107
7.034,103
7.072,100
7.071,94
7.141,105
7.034,103
7.196,94
8.979,94
8.976,99
8.955,100
8.963,96
8.980,100
8.974,105
8.917,103
8.921,104
8.921,104
7.275,114
7.325,114
7.122,113
9.003,106
8.992,103
8.996,98
8.971,98
8.942,103
8.955,100
8.988,102
9.070,92
6.848,80
6.896,64
7.100,95
7.122,100
7.092,93
7.004,72
9.608,52
22.816,82
22.766,82
24.925,64
24.848,44
24.832,71
7.021,36
7.045,51
7.047,62
7.106,87
7.142,93
7.109,97
7.022,100
7.181,109
7.270,119
7.193,112
7.160,110
7.214,111
7.125,114
7.130,102
6.996,85
7.018,99
7.093,99
7.018,89
6.979,91
6.987,98
7.030,102
6.985,92
6.985,92
6.962,98
6.987,98
6.967,99
6.983,97
7.013,98
7.004,96
7.013,104
7.027,101
6.987,98
7.013,98
6.986,88
6.996,85
7.050,95
7.120,106
7.159,103
9.727,98
9.446,103
6.994,106
7.043,112
7.024,107
7.016,105
7.056,109
7.075,114
6.886,117
6.593,106
6.386,104
6.315,99
6.211,98
6.216,99
6.216,99
6.225,101
6.178,102
6.166,99
6.244,94
6.400,108
6.420,113
6.178,102
6.423,114
6.377,115
6.232,103
6.241,99
6.232,103
6.250,108
6.241,112
6.211,98
6.212,83
6.283,92
6.232,103
6.245,100
6.211,98
6.166,89
6.184,92
8.942,97
8.928,106
8.903,106
8.868,92
8.819,77
8.816,75
8.997,83
6.425,101
6.290,84
6.270,100
6.278,96
6.291,99
6.324,101
6.247,90
6.311,83
6.219,64
6.117,79
9.280,79
9.744,72
8.466,76
8.504,68
8.511,73
8.567,76
8.570,78
8.575,79
8.567,76
8.600,79
8.646,83
8.666,82
8.713,87
8.845,98
8.829,100
8.675,99
8.670,104
8.628,100
6.361,98
6.289,105
6.343,106
6.331,103
6.310,98
6.300,101
2.814,94
2.845,95
2.850,96
8.687,102
8.654,100
8.580,90
8.607,86
8.582,86
8.540,82
8.482,70
8.533,70
8.590,82
8.535,81
8.516,76
8.607,86
8.258,91
8.177,107
6.709,110
6.622,107
6.578,96
6.625,101
6.625,101
6.632,103
6.625,101
6.570,100
6.541,99
6.541,99
6.494,94
8.264,92
8.300,94
8.443,98
8.528,100
8.561,102
8.570,111
8.482,108
8.606,114
8.746,111
8.583,108
8.393,98
8.086,103
8.124,100
10.021,96
9.527,111
8.822,111
8.662,102
8.577,94
8.561,96
8.580,90
8.586,96
8.624,99
8.590,97
8.624,99
8.565,97
8.594,98
8.599,99
8.624,99
8.606,95
8.669,88
8.757,86
8.646,83
8.682,95
8.662,96
8.670,98
8.679,100
8.659,108
8.640,103
8.524,99
8.695,104
8.628,100
8.482,101
8.468,98
8.565,97
8.857,95
9.342,109
8.276,113
6.661,98
6.688,83
6.634,76
6.617,79
6.783,97
6.765,105
6.762,104
8.754,100
6.792,99
6.758,97
6.785,92
6.736,88
6.754,91
6.745,94
6.961,117
6.730,87
6.773,90
6.829,102
3.961,106
4.107,84
3.964,67
3.888,56
3.914,85
3.950,97
3.939,100
3.950,103
3.957,105
3.957,105
3.982,105
3.965,107
3.954,104
3.946,91
3.950,82
3.945,81
3.910,84
3.918,86
3.929,88
3.916,90
4.046,109
4.079,111
4.065,114
4.101,117
4.077,117
4.087,113
4.098,116
4.081,118
4.071,109
4.114,114
4.137,120
4.118,115
4.100,110
4.074,103
4.053,98
4.119,102
4.049,97
4.039,90
3.942,86
3.864,85
3.857,83
3.901,82
3.891,80
3.878,76
3.903,76
3.896,81
3.911,79
3.931,78
3.941,80
3.928,76
3.906,78
3.931,83
3.906,83
3.967,86
3.914,85
3.953,88
3.918,86
3.922,91
3.935,89
3.934,93
3.962,94
3.935,99
3.935,99
3.984,99
3.963,100
3.975,103
3.913,94
3.979,98
3.950,103
3.950,97
3.939,100
3.913,94
3.938,94
3.958,93
3.918,86
3.971,91
3.916,90
3.963,85
4.008,93
4.000,103
4.053,104
4.046,109
4.035,106
4.067,108
4.124,110
4.120,109
4.116,108
4.116,108
4.163,107
4.141,101
4.074,103
4.109,106
4.074,97
3.910,89
8.608,108
8.624,112
8.654,113
8.616,123
8.637,122
8.597,118
8.465,110
8.111,97
7.456,96
7.311,92
7.342,93
7.301,86
7.487,92
8.452,100
8.540,103
8.514,103
10.022,109
8.485,102
9.946,96
8.366,88
8.404,107
7.081,109
7.020,106
6.863,78
6.855,87
6.836,88
6.855,87
6.823,90
6.841,93
6.851,108
6.830,109
6.844,106
6.858,103
6.871,100
6.845,94
6.820,94
6.835,92
6.829,91
6.805,87
6.783,82
6.817,89
6.767,89
6.705,73
6.730,73
6.768,79
6.761,88
6.745,94
6.767,99
6.833,103
6.812,104
6.819,106
6.876,101
6.808,82
6.867,99
6.865,105
6.829,102
6.850,86
6.811,88
6.858,97
6.823,90
6.845,94
6.885,92
7.018,99
7.218,99
7.372,94
7.296,94
6.980,87
6.888,83
6.930,87
6.905,87
6.929,91
6.935,92
6.992,89
6.967,89
6.954,96
7.004,96
3.799,102
3.828,103
3.767,100
3.720,95
3.580,74
3.531,75
3.536,78
3.497,80
3.546,80
3.527,81
3.484,76
3.459,76
3.438,78
3.452,81
3.457,82
3.443,79
3.438,78
3.443,79
3.411,77
3.408,75
3.436,77
3.452,81
3.435,76
3.438,78
3.436,77
3.529,73
3.530,74
3.618,64
3.519,53
3.543,55
3.402,71
3.606,82
7.106,87
7.155,102
7.116,105
7.102,108
7.106,109
7.105,102
7.199,107
7.191,105
7.213,104
7.234,103
7.230,102
7.202,101
7.093,99
7.063,98
7.088,104
7.088,104
7.159,97
7.191,105
7.450,107
7.707,109
7.230,102
7.127,101
7.105,96
7.045,106
7.091,105
7.116,105
7.113,98
7.055,102
6.962,98
6.913,111
6.885,92
6.950,86
6.907,74
6.955,87
6.958,97
7.084,103
8.322,99
8.309,96
8.496,105
7.089,111
4.357,94
4.115,86
4.112,67
4.119,72
4.231,84
4.237,90
4.205,93
4.201,98
4.209,94
4.164,95
4.188,95
4.205,93
4.181,89
4.209,94
4.193,91
4.187,90
4.274,88
4.255,84
4.284,85
4.276,78
4.298,76
4.350,78
4.390,81
4.355,79
4.380,79
4.472,77
4.496,88
4.514,91
4.471,92
6.945,94
6.852,71
6.811,77
6.798,68
6.845,53
6.848,33
6.946,63
7.005,87
6.946,63
6.821,63
7.059,97
7.059,97
6.999,95
7.043,99
7.050,95
7.097,100
7.127,101
7.270,106
8.443,104
8.500,106
7.174,107
7.134,103
7.155,102
7.105,102
7.027,101
7.025,95
6.999,95
7.013,98
7.030,102
7.080,102
7.084,103
7.084,103
7.059,97
7.068,99
6.955,87
6.995,94
6.891,93
6.855,87
6.885,92
6.888,83
6.892,84
6.843,79
6.801,70
6.846,60
6.798,68
6.851,70
6.863,83
6.873,90
6.899,95
6.783,97
6.891,93
6.871,85
6.858,75
6.861,88
6.817,89
6.867,99
4.603,106
4.603,106
4.576,99
4.428,84
4.395,82
4.345,82
4.291,81
4.321,82
4.342,87
4.354,84
4.329,84
-99999999
4.324,88
4.348,88
4.341,91
4.345,82
4.350,83
4.370,82
4.367,87
4.387,86
4.422,88
4.409,90
4.398,88
4.411,86
4.457,85
4.424,83
4.439,81
4.449,83
4.503,79
4.471,76
4.474,78
4.493,82
4.495,76
4.528,79
4.498,78
4.493,75
4.488,81
4.483,80
4.488,81
4.459,80
4.493,82
4.485,86
4.478,89
4.490,87
4.447,88
4.472,88
4.508,90
4.483,90
4.526,93
4.526,93
4.588,96
4.552,89
4.607,90
4.649,93
4.693,92
4.693,76
4.723,93
4.753,100
6.948,107
6.909,110
6.915,105
6.926,101
6.917,99
6.919,106
6.883,103
6.908,103
6.991,93
4.944,105
4.873,79
4.909,96
4.922,99
4.884,91
4.855,95
4.910,109
4.878,107
4.879,95
4.900,94
4.949,94
4.953,95
4.970,93
4.989,92
4.999,94
4.989,92
4.999,94
4.983,91
4.952,90
4.999,94
4.949,94
4.929,95
4.952,90
4.909,91
4.890,92
4.879,95
4.852,100
4.876,100
4.874,106
4.870,105
4.878,107
4.903,107
4.870,105
4.878,107
4.895,105
4.889,110
4.889,110
4.846,105
4.892,104
4.888,103
4.897,99
4.906,101
4.884,102
4.906,101
4.876,100
4.872,99
4.884,91
4.875,94
4.915,92
4.934,91
4.897,89
4.934,91
4.934,96
4.929,95
4.971,99
4.946,99
4.922,99
4.962,97
4.958,102
4.987,97
4.970,93
4.995,93
4.999,94
4.983,91
5.008,91
4.999,85
4.986,82
4.991,83
5.044,84
5.057,87
5.107,87
5.057,87
5.081,91
5.069,89
5.093,93
5.069,89
5.114,98
5.119,99
5.148,100
5.106,96
5.114,98
5.173,100
5.137,92
5.131,91
5.125,90
5.125,90
5.193,93
5.147,94
5.162,92
5.125,90
5.187,92
5.113,88
5.119,89
5.125,90
5.119,89
5.113,88
5.107,87
5.137,92
5.118,93
5.122,94
5.076,95
5.097,94
5.156,96
5.068,93
5.081,91
5.110,97
5.123,100
5.101,95
5.081,91
5.101,95
5.135,97
5.101,95
5.097,94
5.087,92
5.101,95
5.106,96
5.101,95
5.077,86
5.090,83
5.150,80
5.185,75
5.213,77
5.332,73
5.445,51
5.624,90
5.748,107
5.826,101
5.970,94
6.060,88
5.969,47
5.883,20
21.490,73
10.009,39
9.960,48
10.010,51
10.099,74
10.096,102
10.107,105
10.121,96
6.258,110
6.216,112
6.114,105
6.001,108
5.990,105
6.075,108
5.896,60
5.770,36
5.628,28
5.621,54
5.552,70
5.527,70
5.537,77
5.461,76
5.412,77
5.434,82
5.394,79
5.393,84
5.351,86
5.362,88
5.405,96
0.650,91
0.737,93
0.756,92
0.656,92
0.845,95
0.566,94
0.806,92
0.881,92
0.771,86
0.788,89
0.684,83
1.004,82
5.547,85
0.644,68
5.484,75
0.717,61
5.497,64
0.767,61
5.561,76
5.539,83
5.551,86
5.518,84
5.505,91
5.512,88
5.462,88
5.449,90
5.430,91
5.392,93
5.400,95
5.344,89
5.406,87
5.362,88
5.315,78
5.320,79
5.335,82
5.384,82
5.361,76
5.355,72
5.409,75
5.356,73
5.381,73
5.433,74
5.452,70
5.506,73
5.558,74
5.556,73
5.558,74
5.561,76
5.629,81
5.637,77
1.533,72
1.555,70
1.498,54
1.501,33
1.578,33
1.654,33
1.497,37
1.598,38
1.549,36
1.548,37
1.552,33
1.552,32
1.653,23
1.530,29
1.679,32
1.572,43
1.573,51
1.601,61
1.881,65
6.175,108
6.207,103
6.141,89
6.131,74
6.184,76
6.226,81
6.127,81
6.091,84
6.210,88
6.204,87
6.216,89
6.215,93
6.197,90
6.190,93
6.297,95
6.297,95
6.314,93
6.344,94
6.366,89
6.269,85
6.072,80
6.103,91
6.025,101
5.933,97
5.873,90
6.051,71
6.451,71
9.795,91
9.750,92
0.740,37
0.715,49
0.640,47
0.666,56
0.666,56
0.667,66
0.622,70
0.601,73
0.629,75
0.631,76
0.579,75
0.606,76
0.634,78
0.609,78
0.614,79
0.614,79
0.619,80
0.607,77
0.644,80
0.649,81
0.632,77
0.634,78
0.631,76
0.676,73
0.676,73
0.722,70
0.751,73
0.854,75
0.925,72
1.083,77
1.103,73
1.130,74
1.131,75
1.128,73
1.157,75
1.160,77
1.133,76
1.183,76
1.156,74
1.180,74
1.162,78
1.181,75
1.156,74
1.150,71
1.156,74
1.130,74
1.157,75
1.130,74
1.167,79
1.151,81
1.141,79
1.109,77
1.082,76
1.127,72
1.134,77
1.105,74
1.141,79
1.080,75
1.031,76
0.957,77
0.982,77
0.832,77
0.839,79
0.776,73
0.756,76
0.706,76
0.682,77
0.734,78
0.700,72
0.634,78
0.694,80
0.651,73
0.650,72
0.628,74
0.631,76
0.657,77
0.634,78
0.628,74
0.598,71
0.629,75
0.606,76
0.639,79
0.629,75
0.632,77
0.634,78
0.656,76
0.657,77
0.644,80
0.607,77
0.644,80
0.634,78
0.634,78
0.628,74
0.684,78
0.629,75
0.682,77
0.629,75
0.678,74
0.628,74
0.676,73
0.656,76
0.628,74
0.651,73
0.650,72
0.650,72
0.672,70
0.676,73
0.675,72
0.701,73
0.723,71
0.669,68
0.672,70
0.697,70
0.743,67
0.798,71
0.823,71
0.848,71
0.920,69
0.945,69
0.975,72
1.048,70
1.025,72
1.051,72
1.076,72
1.103,73
1.052,73
1.100,71
1.102,72
1.074,71
1.147,69
1.152,72
1.152,72
1.127,72
1.130,74
1.145,67
1.183,76
1.178,73
1.153,73
1.177,72
1.177,72
1.174,70
1.183,76
1.149,70
1.177,72
1.122,69
1.122,69
1.150,71
1.121,68
1.124,70
1.094,67
1.120,67
1.099,70
1.074,71
1.074,71
1.045,68
1.070,68
1.052,73
1.025,72
1.051,72
1.106,75
1.079,74
1.124,70
1.097,69
1.124,70
1.124,70
1.099,70
1.146,68
1.124,70
1.119,64
1.120,67
1.119,66
1.146,68
1.146,68
1.169,66
1.093,66
1.172,69
1.119,60
1.118,58
1.066,50
1.117,46
0.964,45
1.268,52
1.446,51
1.676,54
1.651,55
1.752,59
1.677,61
1.830,61
1.778,56
1.803,59
1.830,64
1.728,61
1.778,59
1.754,63
1.754,61
1.779,60
1.752,55
1.779,61
1.702,57
1.702,59
1.676,58
1.727,54
1.703,62
1.625,59
1.600,55
1.295,56
1.117,48
1.066,50
1.015,47
1.016,54
1.015,51
1.016,57
1.016,56
0.991,59
0.941,59
0.944,68
0.942,64
0.967,66
0.919,68
0.892,63
0.919,68
0.892,66
0.918,67
0.917,65
0.918,67
0.842,66
0.917,66
0.817,66
0.842,65
0.792,64
0.768,67
0.769,68
0.717,65
0.767,63
0.742,65
0.742,63
0.718,67
0.768,67
0.717,66
0.770,69
0.767,63
0.767,65
0.842,65
0.817,61
0.869,68
0.917,64
0.867,62
0.917,63
0.967,66
0.942,65
0.967,65
1.018,67
1.070,68
1.099,70
1.071,69
1.122,69
1.049,71
1.074,71
1.124,70
1.128,73
1.077,73
1.128,73
1.134,77
1.106,75
1.079,74
1.083,77
1.136,78
1.106,75
1.116,79
1.108,76
1.131,75
1.133,76
1.141,79
1.162,78
1.134,77
1.153,73
1.159,76
1.020,69
0.923,71
0.819,68
0.720,69
0.720,69
0.725,72
0.770,69
0.773,71
0.726,73
0.772,70
0.748,71
0.726,73
0.773,71
0.723,71
0.751,73
0.723,71
0.722,70
0.775,72
0.723,71
0.782,77
0.756,76
0.729,82
0.734,83
0.744,80
0.744,80
0.744,80
0.754,82
0.759,83
0.744,80
0.744,80
0.759,83
0.759,83
0.764,79
0.739,79
0.744,80
0.794,80
0.804,82
0.784,78
0.784,78
0.779,75
0.764,79
0.781,76
0.782,77
0.759,78
0.781,76
0.782,77
0.754,75
0.782,77
0.784,78
0.781,76
0.756,76
0.769,80
0.734,78
0.784,78
0.774,81
0.781,76
0.759,83
0.769,80
0.754,82
0.749,81
0.749,81
0.779,82
0.749,81
0.754,82
0.764,79
0.739,79
0.734,78
0.734,78
0.728,74
0.748,71
0.723,71
0.717,65
0.745,69
0.717,66
0.718,67
0.770,69
0.767,64
0.792,64
0.768,67
0.773,71
0.793,67
0.767,63
0.767,65
0.822,70
0.773,71
0.778,74
0.757,77
0.803,74
0.759,78
0.781,76
0.782,77
0.779,75
0.784,78
0.784,78
0.782,77
0.757,77
0.774,81
0.778,74
0.825,72
0.891,56
0.867,61
0.917,60
0.817,64
0.967,63
1.016,53
0.941,57
1.042,54
1.016,54
0.990,52
0.991,55
1.015,47
1.015,50
1.015,49
0.965,50
0.965,49
1.041,48
1.168,57
1.321,62
1.607,71
1.708,70
1.788,73
1.745,78
1.756,80
1.779,85
1.761,81
1.669,83
1.532,81
1.354,81
1.196,80
0.978,74
0.925,72
0.951,73
0.981,76
0.954,75
0.954,75
0.982,77
0.978,74
1.014,79
1.151,81
1.349,80
1.466,83
1.495,84
1.450,80
1.425,80
1.308,82
1.211,83
1.151,81
1.040,79
1.007,77
1.019,80
0.954,75
0.959,78
0.956,76
0.974,81
0.959,78
0.954,75
0.951,73
0.979,75
0.998,71
1.108,76
1.103,73
1.134,77
1.178,73
1.102,72
1.054,74
0.994,68
0.969,68
1.020,69
0.970,69
1.054,74
1.004,75
1.023,71
1.031,76
1.004,75
1.045,80
1.028,74
0.989,79
1.009,83
0.999,81
0.949,81
0.984,83
0.949,81
0.959,83
0.939,79
0.974,81
0.944,80
0.939,79
0.979,82
0.994,80
0.994,80
0.934,78
0.979,75
0.954,75
0.953,74
0.959,83
0.953,74
0.976,73
0.978,74
0.981,76
0.975,72
0.969,68
0.950,72
0.950,72
0.975,72
0.948,71
0.978,74
1.006,76
0.950,72
0.989,79
0.982,77
0.978,74
1.006,76
0.994,80
0.981,76
0.957,77
0.954,75
0.989,79
0.978,74
1.058,77
1.060,78
1.141,79
1.186,78
1.288,78
1.354,81
1.496,79
1.571,84
1.664,82
1.689,82
1.724,84
1.743,77
1.768,76
1.743,77
1.788,73
1.740,75
1.788,73
1.739,74
1.742,76
1.720,78
1.743,77
1.686,73
1.740,75
1.745,78
1.686,73
1.691,76
1.692,77
1.689,75
1.700,79
1.700,79
1.661,73
1.715,75
1.682,70
1.678,67
1.682,70
1.652,66
1.629,69
1.658,71
1.682,70
1.653,67
1.677,66
1.677,61
1.651,59
1.730,32
1.653,23
1.733,25
1.785,28
9.984,89
9.984,89
0.872,25
0.869,32
0.946,30
0.914,41
0.964,45
0.965,46
0.965,50
0.940,50
0.915,48
0.915,51
0.915,52
0.916,54
0.916,54
0.915,50
0.891,55
0.916,55
0.816,54
0.941,53
0.866,58
0.817,60
0.742,61
0.817,64
0.817,61
0.792,64
0.817,63
0.792,63
0.792,65
0.801,73
0.831,76
0.822,70
0.828,74
0.822,70
0.800,72
0.825,72
0.825,72
0.832,77
0.832,77
0.839,79
0.807,77
0.834,78
0.874,81
0.832,77
0.894,80
0.894,80
0.834,78
0.889,79
0.831,76
0.844,80
0.864,79
0.829,75
0.875,72
0.884,78
0.864,79
0.854,75
0.919,80
0.898,71
0.879,75
0.878,74
0.873,71
0.878,74
0.845,69
0.847,70
0.842,62
0.842,63
0.867,65
0.817,64
0.817,65
0.869,68
0.867,65
0.867,63
0.843,67
0.818,67
0.873,71
0.823,71
0.847,70
0.823,71
0.820,69
0.822,70
0.870,69
0.847,70
0.825,72
0.822,70
0.844,68
0.823,71
0.825,72
0.831,76
0.829,75
0.831,76
0.839,79
0.834,78
0.832,77
0.844,80
0.822,70
0.864,79
0.826,73
0.829,75
0.875,72
0.879,75
0.881,76
0.873,71
0.876,73
0.922,70
0.972,70
1.028,74
1.125,71
1.231,74
1.358,74
1.384,75
1.496,79
1.539,76
1.584,72
1.603,68
1.632,71
1.658,71
1.626,66
1.629,69
1.629,69
1.632,71
1.657,70
1.658,71
1.680,69
1.660,72
1.635,72
1.688,74
1.658,71
1.685,72
1.631,70
1.683,71
1.680,69
1.708,70
1.682,70
1.706,69
1.717,76
1.737,73
1.820,77
1.918,75
1.949,78
2.104,78
1.921,77
1.410,75
1.149,70
1.043,65
1.020,69
1.001,73
1.019,68
1.032,77
1.003,74
1.022,70
1.034,78
1.046,69
1.029,75
0.981,76
1.003,74
1.004,75
1.026,73
1.026,73
1.029,75
1.022,70
1.060,78
1.031,76
1.028,74
1.034,78
1.034,78
1.014,79
1.050,81
1.050,81
1.060,83
1.055,82
1.047,86
1.055,82
1.014,79
1.068,85
1.039,84
1.070,80
1.090,79
1.085,78
1.079,74
1.074,71
1.051,72
1.048,70
1.045,68
1.079,74
1.071,69
1.071,69
1.076,72
1.076,72
1.043,66
1.045,68
1.068,64
1.043,65
1.068,62
1.068,61
1.068,64
1.092,58
1.092,57
1.067,58
1.067,58
1.067,58
1.092,55
1.092,55
1.067,54
1.066,51
1.117,51
1.041,49
1.091,47
1.117,46
1.065,45
1.065,43
1.092,36
1.014,40
1.066,37
1.069,34
1.168,22
1.175,28
1.223,31
1.369,41
1.420,39
1.420,45
1.446,48
1.473,55
1.473,55
1.447,59
1.423,60
1.499,60
1.448,60
1.474,62
1.474,66
1.448,65
1.474,66
1.448,64
1.448,65
1.449,67
1.429,71
1.409,74
1.461,75
1.406,72
1.438,77
1.445,79
1.445,79
1.430,81
1.450,80
1.445,79
1.410,82
1.456,81
1.387,77
1.438,77
1.384,75
1.384,75
1.310,76
1.283,75
1.283,75
1.231,74
1.177,72
1.225,70
1.183,76
1.156,74
1.175,71
1.175,71
1.199,70
1.171,68
1.197,69
1.221,67
1.247,68
1.247,68
1.273,69
1.322,67
1.380,72
1.404,71
1.428,70
1.426,69
1.450,68
1.476,68
1.525,64
1.480,71
1.504,70
1.534,73
1.488,76
1.500,67
1.533,72
1.485,74
1.480,71
1.476,68
1.448,66
1.424,67
1.377,70
1.374,68
1.347,64
1.349,68
1.296,66
1.322,67
1.276,70
1.277,71
1.355,72
1.359,75
1.330,73
1.336,76
1.329,72
1.336,76
1.326,70
1.352,70
1.330,73
1.353,71
1.322,67
1.326,70
1.353,71
1.322,67
1.329,72
1.324,69
1.321,66
1.353,71
1.350,69
1.377,70
1.348,67
1.372,62
1.380,72
1.407,73
2.167,80
2.510,81
2.515,75
2.488,74
2.220,69
1.346,59
1.346,58
1.397,58
1.372,64
1.373,67
1.353,71
1.327,71
1.326,70
1.355,72
1.364,78
1.332,74
1.332,74
1.369,79
1.344,79
1.384,82
1.349,80
1.369,79
1.400,80
1.469,93
1.495,99
1.468,105
1.516,104
1.620,105
2.297,107
2.506,107
2.506,107
4.042,101
4.021,102
2.589,96
2.664,101
2.676,98
2.585,86
2.585,86
2.611,86
2.658,94
2.667,102
2.702,104
2.694,109
2.751,110
2.742,108
2.761,106
2.615,102
5.543,99
5.634,97
5.701,101
5.954,102
4.190,108
4.200,117
4.200,117
4.143,115
4.147,116
4.078,104
4.009,99
4.000,97
4.119,96
4.210,100
6.400,108
6.095,113
5.668,112
5.618,112
5.531,109
5.560,110
5.564,111
1.624,106
5.560,110
5.564,111
5.560,110
1.699,112
1.432,109
1.461,103
1.317,99
1.470,99
1.337,88
1.465,104
1.491,111
1.499,113
1.495,112
1.350,114
1.281,109
1.425,107
1.527,107
1.446,106
1.317,99
1.229,96
1.398,100
1.410,103
1.352,101
1.299,95
1.463,92
1.466,111
4.147,116
4.111,113
6.425,101
1.372,85
6.917,89
1.296,61
1.267,42
1.267,38
1.090,38
1.371,36
1.243,49
1.346,59
1.460,74
1.652,100
1.757,114
1.828,119
1.898,124
1.849,105
1.737,87
1.642,77
1.648,89
1.766,103
1.763,109
1.757,114
1.845,117
1.800,112
1.796,111
1.796,111
1.832,107
2.954,102
2.962,104
2.791,68
2.813,37
12.532,100
5.489,83
5.501,86
1.699,89
1.832,107
1.824,105
1.736,96
1.649,79
1.632,71
1.609,72
1.629,69
1.632,71
1.632,71
1.632,71
1.635,72
1.660,72
1.663,74
1.664,75
1.638,74
1.644,78
1.636,73
1.632,71
1.649,79
1.702,94
1.728,100
1.855,100
6.250,101
6.223,95
6.194,94
6.211,98
6.215,93
6.228,91
6.223,95
6.211,98
6.286,98
6.361,104
6.398,114
7.739,104
7.857,109
7.926,133
7.878,121
7.896,119
7.817,105
7.811,110
7.836,110
7.819,112
7.801,114
7.807,109
7.786,110
7.836,110
7.761,110
7.821,106
7.796,106
7.803,108
7.742,105
7.771,106
7.796,106
7.746,106
7.803,108
7.786,110
7.811,110
7.803,108
7.839,104
7.848,113
7.909,129
7.910,135
7.888,130
7.917,131
7.874,120
7.853,121
7.828,121
7.764,104
7.697,94
7.719,99
4.049,103
4.083,112
4.128,124
4.101,117
4.042,108
4.022,109
3.984,112
4.056,118
4.044,115
4.009,112
4.009,112
4.092,108
6.289,105
6.343,106
6.353,96
6.354,87
9.572,97
9.653,124
9.511,107
9.537,107
9.489,101
9.489,101
9.524,88
9.638,114
9.783,112
9.747,116
9.695,109
9.619,109
9.622,103
9.699,110
9.848,116
10.729,124
10.810,119
10.737,113
10.656,105
10.587,100
10.640,114
10.690,114
10.482,105
10.091,107
10.026,110
10.309,112
10.687,113
10.545,102
10.725,110
10.742,108
10.690,95
10.578,98
10.760,106
10.860,106
7.617,131
7.619,125
7.503,121
7.601,127
7.492,118
7.719,112
9.783,112
10.234,112
10.393,101
10.393,101
10.307,105
10.531,118
10.414,120
10.296,102
10.450,97
10.484,99
10.484,99
10.488,85
10.537,100
10.462,94
10.422,87
10.372,87
10.384,99
10.490,107
10.513,100
10.640,114
10.537,113
6.713,124
6.771,113
6.570,85
6.540,93
6.582,103
6.600,108
6.483,110
6.420,113
4.192,115
4.095,102
3.984,99
4.109,119
4.143,115
4.141,121
4.136,113
4.300,104
6.403,96
6.444,94
6.453,96
3.239,98
3.194,93
2.974,90
2.920,85
2.974,80
2.935,77
2.961,77
2.958,75
2.876,72
2.879,74
2.929,73
2.824,72
2.883,77
2.948,80
3.005,81
3.016,78
3.133,87
3.126,90
3.029,101
3.077,107
3.032,102
2.971,94
3.078,95
3.210,103
3.018,105
3.116,98
3.089,92
2.948,80
2.920,61
2.868,66
2.908,76
2.934,76
2.906,75
2.935,77
2.972,85
2.937,83
2.946,85
2.909,77
2.953,81
3.091,104
3.145,112
3.116,104
3.140,98
3.114,92
3.064,92
2.906,82
3.906,78
3.963,65
4.015,68
2.974,80
2.901,81
2.929,73
2.880,75
2.917,79
2.934,76
2.931,74
2.932,75
2.935,77
2.994,89
3.023,94
3.105,101
3.157,102
3.247,126
5.790,118
5.829,102
7.931,102
7.994,112
7.975,107
7.942,105
7.907,109
7.881,102
7.856,96
3.120,99
4.018,108
4.206,112
4.201,98
4.378,93
4.237,90
4.118,81
2.946,85
2.898,86
2.929,87
2.922,90
3.024,85
3.996,91
4.003,88
4.062,85
4.110,94
4.061,94
3.934,93
3.996,102
4.067,108
4.056,105
4.087,100
4.078,98
4.058,84
4.017,86
4.022,87
4.049,97
4.078,104
4.078,98
4.219,109
4.326,111
4.291,115
4.181,112
4.223,110
4.303,118
4.310,120
5.637,117
5.552,108
2.127,76
2.025,104
2.132,105
2.103,98
1.998,77
2.170,108
2.163,106
2.151,103
2.030,84
4.038,67
4.071,87
4.197,103
2.204,110
2.233,104
2.080,105
2.004,99
2.144,101
4.160,94
4.181,99
4.201,98
4.226,98
4.222,103
4.193,102
4.152,98
4.173,97
4.199,92
4.176,88
4.238,95
4.264,101
4.379,112
4.470,123
4.426,118
4.329,125
4.466,122
4.365,115
4.396,110
4.361,114
4.394,116
4.373,117
4.295,116
4.253,105
4.202,83
4.088,67
4.160,94
4.132,99
4.132,99
4.152,98
4.135,94
4.188,95
4.135,94
4.152,98
4.157,99
4.159,106
4.161,100
4.123,97
4.120,87
4.209,94
4.226,104
4.223,110
4.192,115
4.139,114
4.166,121
4.136,113
4.149,110
4.120,109
4.123,103
4.124,110
4.130,105
4.053,104
4.130,105
4.155,105
4.062,100
4.087,100
4.040,95
6.173,95
4.070,91
4.187,90
6.223,95
6.178,96
6.128,91
6.041,112
5.830,109
5.809,110
5.815,118
1.941,109
1.855,113
1.773,105
1.806,107
1.828,106
1.804,100
1.715,82
1.678,67
1.652,63
1.703,63
1.682,70
1.680,69
1.677,65
1.682,70
1.737,73
1.794,77
2.747,87
2.916,89
2.903,87
2.935,88
2.911,83
2.891,79
2.644,74
1.759,70
1.682,70
1.628,68
1.626,65
1.628,68
1.635,72
2.689,86
2.906,82
2.942,89
3.033,87
3.052,90
3.028,86
3.016,83
3.028,86
3.040,88
3.040,88
3.058,91
3.074,94
3.040,88
3.020,89
3.070,93
3.075,100
3.119,105
3.109,109
3.137,110
3.120,112
3.156,115
3.170,112
3.177,114
3.265,124
5.901,121
5.873,107
2.946,85
3.122,106
3.116,98
3.179,121
3.240,124
3.172,106
3.152,95
3.179,108
3.127,95
3.996,102
4.136,100
4.066,86
4.091,86
4.066,86
4.101,88
4.099,103
4.015,107
3.271,106
3.181,115
3.087,103
3.015,98
3.172,119
3.091,104
2.988,77
2.958,75
2.974,68
2.894,63
2.923,69
2.986,76
2.988,77
2.958,75
2.937,78
2.934,76
2.935,77
2.929,73
2.900,71
2.932,75
2.909,77
2.934,76
2.932,75
2.943,79
2.935,77
2.969,79
2.917,79
2.875,81
2.896,80
2.853,74
2.830,76
2.856,76
2.854,75
2.975,95
3.055,101
3.100,100
3.073,106
6.389,105
2.996,106
3.066,104
3.015,104
3.005,115
3.147,106
2.949,114
2.974,107
2.936,98
2.825,73
2.776,75
2.770,71
2.837,84
2.954,102
3.046,112
3.038,110
3.032,102
3.024,100
2.977,101
2.854,82
2.833,78
2.833,78
2.827,74
2.776,75
2.827,74
2.906,75
2.833,78
2.838,79
2.807,78
2.802,75
2.889,89
2.910,98
2.944,106
3.003,101
2.936,104
6.219,94
6.178,96
6.182,97
6.186,104
6.257,103
6.253,102
6.278,102
6.286,104
6.225,101
6.175,101
6.211,98
6.148,95
6.228,102
6.244,94
6.271,90
6.265,84
6.315,89
6.350,101
6.327,102
6.347,107
1.267,99
1.284,103
1.235,92
1.141,79
1.127,72
1.121,68
1.170,67
1.093,64
1.096,68
1.134,77
1.179,87
1.245,94
1.237,98
1.237,98
1.233,97
1.271,100
1.246,100
1.169,94
6.207,97
6.216,99
6.207,97
6.220,100
6.203,96
6.216,99
6.225,101
6.198,95
6.190,93
6.229,87
6.598,95
6.854,96
6.745,94
6.528,102
6.416,99
6.370,100
6.395,100
6.293,106
6.329,109
6.383,110
6.408,110
6.454,109
6.425,101
6.428,102
6.391,99
1.185,88
1.235,88
6.178,102
6.114,105
6.089,105
6.139,105
6.393,106
6.854,102
7.055,96
7.050,95
7.062,88
7.074,80
7.059,75
7.005,73
6.929,96
6.616,99
6.719,106
7.041,105
7.063,98
7.116,105
1.076,72
1.122,69
1.119,62
1.120,67
1.144,65
1.065,44
1.142,37
1.117,37
1.120,34
1.124,29
1.066,37
1.041,51
1.083,77
1.080,82
1.128,87
1.127,96
1.186,98
1.139,93
1.165,93
1.144,85
1.126,81
1.079,74
1.099,70
1.076,72
1.026,73
1.073,70
1.096,68
1.122,69
1.131,75
1.119,85
1.223,90
1.241,93
1.194,94
1.489,88
6.441,84
6.482,82
6.680,87
6.773,90
6.810,92
6.673,95
6.578,96
6.591,99
6.534,92
6.516,89
6.432,82
6.445,85
6.399,86
6.321,90
6.366,99
6.983,103
7.072,100
7.102,108
7.095,106
7.118,99
7.163,98
7.214,111
7.250,114
7.318,125
7.291,118
7.189,111
7.068,99
7.113,104
7.059,103
7.077,101
7.099,107
7.091,105
7.080,102
7.066,105
7.109,97
7.063,98
7.072,100
7.170,106
7.142,93
7.088,98
7.241,118
7.333,129
7.339,124
7.016,118
6.658,110
6.578,91
6.876,101
6.837,104
6.603,96
6.478,91
6.370,85
6.276,81
6.247,90
6.199,86
6.222,90
6.253,91
6.178,91
6.194,94
6.194,94
6.216,99
6.175,101
6.143,106
6.095,100
6.125,108
6.118,106
6.095,100
6.120,100
6.139,105
6.086,104
6.111,104
6.120,100
6.095,100
6.153,102
6.157,103
6.232,103
6.324,101
6.407,103
6.378,102
6.378,102
6.311,104
6.293,106
6.236,98
6.161,98
6.136,104
6.154,109
6.147,107
6.129,109
6.116,112
6.154,109
6.122,107
6.128,102
6.207,97
6.265,93
6.641,84
4.989,92
5.061,103
7.152,108
7.095,106
6.719,106
6.350,101
6.270,100
6.324,101
6.458,110
6.475,108
6.397,107
6.333,110
6.283,110
6.152,115
5.998,107
5.763,111
5.631,109
5.652,108
5.848,107
6.066,112
6.243,106
6.178,102
4.966,98
4.900,94
4.962,103
4.991,104
4.872,99
5.037,92
4.962,97
4.916,88
4.888,82
4.903,90
4.937,97
4.904,95
4.904,95
4.906,101
4.922,99
4.896,93
4.920,105
4.914,110
4.955,108
4.880,86
4.852,65
4.778,60
4.801,58
4.777,58
4.762,73
4.856,86
4.878,90
4.855,95
4.884,96
4.909,96
4.875,94
4.839,82
4.778,66
4.702,48
4.651,45
7.309,97
5.118,118
5.123,126
5.083,122
5.052,114
4.998,106
4.836,87
7.200,31
13.386,26
13.471,78
13.391,103
7.027,70
7.119,79
7.034,75
7.056,73
7.048,67
7.047,65
7.025,69
7.031,73
7.097,85
7.051,86
7.055,96
7.038,104
7.041,105
7.064,111
7.070,106
7.072,100
7.122,100
7.150,95
7.124,90
7.130,91
7.112,88
7.101,86
7.189,83
7.162,77
7.183,74
7.206,73
7.239,83
7.239,83
7.209,82
7.242,93
7.230,102
7.220,106
7.218,112
7.154,115
7.102,108
7.095,106
7.049,107
7.081,109
7.068,112
7.049,107
7.070,106
7.041,105
7.041,105
7.034,103
7.027,101
7.059,97
7.030,102
7.034,97
7.013,98
7.030,102
7.022,100
6.979,102
6.998,107
7.009,110
6.959,110
5.027,114
5.016,111
5.047,106
4.934,96
4.934,102
4.901,100
4.917,98
4.958,102
5.047,106
5.061,103
5.076,107
5.100,107
5.119,112
5.096,106
5.267,105
5.171,106
5.106,102
5.178,101
5.036,103
5.011,103
5.036,103
5.036,97
4.875,94
4.860,87
4.810,72
4.891,88
4.876,100
4.881,108
4.889,110
4.922,112
4.926,113
4.908,115
4.879,114
4.876,113
4.879,114
4.883,115
4.855,114
4.872,112
4.819,111
4.840,110
4.860,109
4.819,111
4.815,110
4.815,110
4.796,105
4.832,108
4.878,107
4.850,106
4.810,102
4.843,104
4.846,105
4.846,105
4.827,100
4.852,100
4.851,94
4.829,90
4.841,92
4.855,95
4.863,97
4.860,102
4.910,109
4.888,103
4.874,106
4.864,110
4.903,107
4.881,108
4.857,108
4.918,111
4.978,114
4.996,112
4.992,111
5.036,103
4.904,69
4.885,87
4.892,104
4.895,105
4.999,94
5.129,121
5.106,115
5.104,121
7.014,111
7.068,112
7.241,118
9.036,108
4.864,110
4.863,97
4.847,93
4.847,93
4.851,94
4.892,104
4.899,106
4.974,126
7.175,114
7.183,116
7.145,106
7.088,104
7.063,98
5.009,109
4.973,119
4.952,107
5.024,113
5.000,113
4.971,112
4.922,112
4.899,106
4.903,107
4.839,103
4.860,102
4.839,103
4.846,105
4.839,103
4.888,103
4.814,97
4.835,102
4.823,99
4.839,103
4.830,95
4.871,93
4.901,100
5.016,111
4.971,112
4.868,111
6.998,107
6.991,93
6.998,80
5.048,62
4.898,44
4.949,60
4.942,78
5.019,89
4.939,92
5.131,102
4.988,110
5.126,114
4.990,117
4.990,117
5.072,119
4.940,117
7.012,117
6.986,117
7.012,117
7.022,113
6.959,110
6.969,106
4.818,104
4.888,103
4.792,88
4.730,90
4.761,96
4.774,99
4.810,102
4.998,119
5.029,121
5.002,107
7.063,104
7.060,110
7.060,110
7.005,109
7.049,107
7.060,110
7.045,106
7.160,110
7.306,122
8.928,106
5.018,118
4.818,98
4.822,93
4.770,83
4.806,86
4.843,98
4.950,113
7.245,106
7.184,103
7.322,113
7.339,111
7.288,98
7.263,98
7.334,103
7.361,110
7.350,107
7.356,102
7.365,111
7.434,129
7.378,108
7.327,108
7.341,118
7.363,117
7.308,116
4.874,106
7.205,102
7.230,102
7.209,103
7.230,102
5.098,126
5.131,128
5.085,129
5.033,122
4.988,123
4.988,123
4.876,100
4.910,109
4.892,98
4.878,90
4.844,83
4.860,87
4.928,107
4.961,116
4.980,121
5.047,119
5.070,125
5.118,118
5.142,118
5.085,116
5.036,103
5.032,102
5.015,104
4.977,107
5.005,108
4.963,110
4.948,106
4.860,96
4.818,98
4.810,96
4.830,95
4.817,88
4.866,88
4.844,83
4.852,85
4.878,90
4.872,89
4.906,101
4.937,103
4.920,105
4.931,101
4.903,107
4.881,101
4.884,102
4.944,105
4.906,101
4.920,105
4.860,102
4.931,101
4.897,99
4.884,102
4.903,107
4.881,101
4.892,104
4.901,100
4.881,101
4.909,102
4.906,101
4.926,100
4.922,99
4.937,103
4.934,102
4.884,102
4.941,104
4.897,99
4.926,100
4.913,97
4.917,98
4.934,102
4.931,101
4.941,104
4.934,102
4.931,101
4.926,100
4.926,100
4.934,102
4.922,99
4.955,101
4.922,99
4.983,96
5.047,106
4.946,89
4.892,98
4.917,98
4.890,92
4.904,95
4.913,97
4.879,95
4.897,99
4.890,92
4.983,102
5.024,113
4.963,110
4.952,107
4.884,91
4.863,75
4.814,75
5.030,81
9.152,93
9.039,96
9.047,104
9.119,110
9.050,105
9.027,112
9.031,113
8.946,104
8.999,105
7.325,114
7.446,119
7.423,113
7.415,111
7.394,112
7.376,114
7.411,110
7.364,104
7.302,108
7.361,110
7.335,110
7.205,96
7.167,93
7.218,99
7.280,96
7.259,97
7.268,99
7.280,102
7.213,104
7.188,104
6.047,107
5.940,105
5.937,104
5.829,102
5.878,115
5.874,114
5.836,117
5.771,100
5.746,100
5.746,100
5.715,105
5.751,108
5.726,101
5.719,106
5.762,104
5.729,102
5.687,104
5.719,106
5.602,108
5.150,107
2.295,113
2.393,118
2.457,121
2.437,116
2.425,113
2.399,113
2.399,113
2.417,111
2.431,108
2.471,105
2.428,114
2.556,113
4.963,110
4.938,110
4.955,108
4.913,103
4.928,107
4.917,104
4.935,109
4.948,106
4.952,107
4.955,108
4.944,105
4.955,108
5.012,110
5.085,116
5.115,111
5.032,102
5.081,102
5.049,100
5.100,107
5.119,112
5.066,111
5.068,105
9.663,107
9.608,106
9.640,108
9.590,101
9.674,110
6.529,122
6.558,123
6.510,117
6.315,99
9.626,98
9.691,101
8.024,113
7.928,101
7.986,110
7.880,115
6.533,110
6.507,103
6.475,101
6.500,108
6.447,107
6.447,107
6.287,111
6.170,113
6.023,114
5.911,117
5.894,119
5.890,118
5.886,117
5.886,117
5.846,113
5.890,118
5.915,118
5.880,122
5.920,126
5.884,123
5.907,129
5.888,124
5.917,125
6.012,124
6.243,119
6.527,115
6.511,98
6.545,100
7.781,102
7.875,107
7.835,97
7.957,109
7.917,105
7.903,108
7.860,97
7.936,110
8.054,121
8.043,118
7.939,104
8.003,101
7.942,105
7.923,113
4.944,118
4.805,114
4.934,102
4.841,92
4.688,87
4.622,83
4.655,67
4.656,68
4.681,80
4.683,86
4.736,91
4.756,95
4.744,98
4.700,99
4.719,98
4.748,93
4.727,94
4.773,93
4.811,87
4.984,87
5.263,88
5.513,98
5.729,102
7.835,103
7.756,102
7.796,106
7.756,102
7.736,110
7.800,107
7.811,110
7.826,114
7.840,111
7.823,113
7.815,111
7.842,105
7.798,100
7.810,97
7.800,90
5.733,103
5.794,106
5.801,108
5.679,102
5.638,104
5.627,101
5.636,92
6.025,101
6.796,100
6.712,98
6.751,108
6.824,114
6.792,112
6.729,102
6.669,94
6.666,89
6.723,90
6.594,56
6.643,52
6.696,85
6.813,111
6.758,103
6.704,96
6.666,99
6.582,103
9.480,89
9.451,83
9.526,98
9.604,105
9.689,114
9.552,111
9.478,105
9.482,106
9.493,109
2.449,55
2.449,53
2.474,52
2.503,61
2.450,62
2.450,63
2.427,68
2.425,64
2.426,67
2.452,68
2.450,63
2.450,62
2.424,54
2.398,57
2.398,58
2.425,63
2.399,61
2.450,64
2.399,62
2.400,67
2.399,64
2.450,63
2.399,65
2.373,66
2.399,63
2.399,66
2.348,67
2.374,67
2.399,64
2.427,68
2.399,63
2.399,66
2.404,70
2.450,66
2.399,66
2.402,69
2.427,68
2.401,68
2.456,70
2.427,68
2.402,69
2.402,69
2.426,67
2.401,68
2.427,68
2.428,69
2.434,72
2.460,73
2.437,74
2.459,72
2.456,70
2.411,74
2.412,75
2.448,79
2.448,79
2.433,81
2.459,81
2.447,84
2.443,83
2.447,84
2.438,82
2.427,80
2.412,75
2.422,79
2.440,76
2.465,76
2.443,78
2.468,78
2.422,79
2.462,74
2.494,78
2.466,77
2.438,75
2.494,78
2.459,72
2.434,72
2.460,73
2.434,72
2.463,75
2.462,74
2.489,75
2.466,77
2.473,84
2.524,89
2.537,91
2.595,92
2.589,91
2.569,92
2.648,92
2.603,89
2.642,87
2.546,83
2.494,78
2.525,79
2.535,71
2.476,64
2.424,57
2.449,55
2.475,59
2.503,61
2.503,61
2.450,63
2.425,65
2.451,67
2.457,71
2.466,77
2.462,74
2.454,80
2.462,74
2.459,72
2.486,73
2.506,69
2.457,71
2.438,75
2.459,72
2.484,81
2.512,87
2.551,89
2.577,89
2.603,89
2.641,91
2.609,90
2.616,87
2.577,89
2.564,87
2.659,85
2.616,87
2.577,89
2.487,87
2.778,92
2.515,75
2.657,47
10.058,105
10.064,113
8.510,102
9.972,109
7.775,107
9.736,100
4.588,102
4.576,112
4.523,111
4.511,108
4.534,114
4.504,106
4.504,106
4.523,111
4.525,105
4.511,108
4.547,104
4.481,100
4.404,89
4.398,88
4.406,94
4.388,101
4.407,100
4.388,101
4.379,99
4.412,101
4.440,102
4.462,108
4.519,110
4.562,115
4.610,121
4.622,124
4.653,126
4.671,124
4.657,127
4.700,125
4.634,121
4.616,116
4.679,113
7.633,116
7.590,111
7.565,111
7.557,109
7.531,102
7.489,98
7.447,94
7.456,96
7.444,99
7.444,99
7.469,99
7.423,100
7.419,99
7.439,98
7.435,97
7.435,97
7.473,100
7.550,107
7.726,114
8.255,121
8.500,119
8.667,123
8.650,125
8.539,116
8.423,84
9.845,96
9.883,112
8.281,108
7.703,101
7.497,94
7.514,104
7.507,109
7.557,109
7.709,116
8.263,110
9.457,106
9.471,103
9.604,105
9.581,99
9.526,98
9.543,102
9.644,109
9.573,110
8.949,118
8.818,110
8.741,103
8.801,99
8.845,98
8.875,99
9.052,99
9.329,99
9.471,103
9.551,98
9.593,102
9.677,104
9.685,94
9.656,93
9.714,95
9.782,93
7.571,106
7.671,126
7.619,125
7.621,119
7.564,104
7.569,112
7.437,92
7.439,98
7.444,99
7.199,107
6.650,108
6.610,117
6.545,113
6.554,109
6.545,113
6.581,116
6.581,116
6.606,116
6.614,118
6.598,114
6.589,118
6.610,117
6.606,116
6.627,115
6.627,115
6.583,110
6.554,109
6.550,108
6.558,110
6.562,111
6.547,107
6.562,111
6.558,110
6.558,110
6.562,111
6.562,111
6.543,106
6.547,107
6.564,105
6.547,107
6.539,105
6.539,105
6.525,101
6.525,101
6.539,105
6.539,105
6.539,105
6.528,102
6.503,102
6.528,102
6.511,104
6.543,106
6.586,104
6.593,106
6.801,108
7.378,108
7.478,108
7.507,109
7.511,110
7.507,109
7.490,111
7.460,97
7.497,94
7.605,96
6.005,109
6.005,109
6.008,110
5.938,111
5.908,103
5.858,97
5.749,95
9.723,103
9.698,103
9.878,104
4.832,101
4.878,107
4.876,113
4.838,116
4.834,115
4.844,111
4.811,109
4.823,112
4.829,107
4.842,117
4.838,116
4.798,112
4.860,109
4.815,110
4.827,113
4.848,112
4.827,113
4.827,113
4.876,113
4.798,112
4.784,115
4.879,127
4.887,129
4.940,130
4.910,122
4.872,112
4.909,102
4.944,105
4.971,112
5.011,116
5.000,113
4.971,112
4.986,116
5.027,114
5.027,114
5.383,116
5.629,115
5.851,121
5.990,118
6.023,114
6.027,115
6.020,113
6.029,109
6.016,112
6.020,113
6.045,113
6.031,116
6.010,117
6.010,117
6.018,119
5.997,120
5.969,119
5.882,116
5.070,112
4.944,105
4.929,95
4.958,102
5.087,110
5.128,108
5.286,110
5.364,111
5.473,120
5.435,110
5.330,115
5.186,110
5.072,106
5.037,110
4.918,111
4.819,111
4.770,111
4.656,107
4.706,107
4.692,110
4.766,110
4.842,117
5.433,116
5.886,117
5.878,128
5.963,124
5.986,117
5.161,110
5.012,110
8.180,101
8.155,101
4.311,107
4.412,121
4.492,129
4.484,127
6.118,119
7.298,120
7.045,119
6.164,105
5.929,91
5.892,84
5.885,92
5.901,101
5.937,104
5.879,102
5.876,101
5.876,101
5.890,105
5.883,103
5.904,102
5.934,110
5.953,115
6.018,119
6.039,118
5.971,113
6.012,111
5.996,113
5.978,115
6.003,115
5.963,111
5.978,115
6.012,111
5.967,112
6.016,112
5.976,108
5.924,95
5.895,94
5.904,96
4.045,96
3.823,96
3.803,103
3.683,88
3.752,74
3.682,76
3.695,80
3.786,89
3.814,94
3.823,96
3.867,95
3.986,106
3.996,102
3.928,92
3.889,85
4.150,92
3.848,91
3.905,104
4.071,122
4.101,117
4.139,114
4.168,115
3.983,93
3.993,101
3.975,97
4.054,111
4.139,114
4.177,111
4.219,122
4.238,127
4.181,125
4.159,119
4.126,117
4.092,108
4.173,103
6.386,104
6.425,101
4.284,113
4.244,109
4.198,110
4.095,102
6.754,96
7.472,94
7.492,105
7.456,96
4.470,110
4.502,112
4.466,109
4.416,109
4.412,108
4.443,116
4.486,121
4.449,111
4.481,113
4.481,113
4.484,114
4.496,117
4.554,119
4.544,123
4.556,120
4.540,122
4.540,122
4.556,120
4.548,111
8.400,106
8.346,93
8.322,89
8.346,93
8.469,111
8.531,114
8.612,109
4.370,97
4.311,107
4.356,106
4.300,98
4.209,94
4.193,96
4.222,103
4.166,101
4.144,96
4.114,95
4.169,96
4.152,98
4.201,98
4.243,102
4.367,109
4.466,109
4.437,108
4.444,103
4.123,103
4.105,105
4.116,108
4.149,110
4.185,113
4.196,116
4.188,114
4.132,112
4.071,109
4.113,107
4.271,103
4.451,105
4.451,105
4.506,113
4.460,114
4.363,108
4.338,108
4.325,104
4.292,102
4.311,107
4.335,107
4.311,107
4.311,107
4.297,110
4.303,105
4.307,106
4.292,102
4.275,104
4.261,107
4.314,108
4.268,109
4.268,109
4.229,105
4.193,102
4.150,92
4.148,97
4.136,100
4.144,102
4.105,105
4.078,104
4.092,101
4.099,97
4.164,95
4.184,94
4.243,91
4.317,102
4.289,108
4.278,118
4.276,111
4.329,112
4.295,116
4.340,115
4.293,109
4.276,111
4.296,103
4.292,96
4.366,102
4.430,106
4.817,117
4.778,113
4.712,109
4.641,103
4.596,104
4.539,102
4.511,101
4.453,99
4.404,99
4.379,99
4.325,98
4.292,102
4.292,102
4.349,104
4.328,105
4.321,103
4.325,104
4.296,103
4.314,101
4.325,104
4.284,100
4.363,108
4.280,99
4.298,92
4.280,89
4.251,98
4.215,101
4.253,105
4.296,103
4.292,102
4.300,104
4.275,104
4.370,103
4.440,102
4.423,98
4.174,110
4.215,121
4.310,120
4.320,116
4.262,114
6.425,108
6.372,107
6.322,107
6.186,104
6.197,107
4.303,118
4.365,115
4.439,115
4.424,111
4.418,116
4.449,124
4.488,128
4.435,114
4.322,110
4.261,107
4.243,102
4.208,106
4.208,106
4.222,97
4.181,84
4.231,84
4.292,96
4.379,112
4.408,120
4.394,116
4.318,109
4.338,101
4.325,98
4.349,104
4.305,112
4.287,114
4.276,111
4.179,105
4.237,107
4.237,107
4.481,100
4.325,98
6.478,91
6.478,91
6.466,89
6.472,90
6.478,91
4.335,90
4.187,90
4.119,96
4.132,99
4.141,101
4.212,107
4.233,106
4.252,111
4.280,112
4.333,113
4.324,117
4.299,117
4.328,118
4.316,115
4.295,116
4.295,116
4.329,112
4.344,116
4.361,114
4.441,122
4.428,125
4.388,121
4.428,125
4.344,116
4.361,114
4.361,114
4.432,113
4.329,112
4.424,111
4.363,108
4.262,95
4.235,85
4.205,93
4.238,95
4.314,108
4.470,123
4.464,115
6.507,97
6.482,97
6.444,94
6.378,91
4.185,100
4.234,94
4.365,115
4.341,102
4.071,87
3.356,87
3.676,102
4.392,109
4.392,109
4.443,116
4.511,121
4.457,113
4.341,102
4.300,98
4.262,95
4.267,96
4.275,98
4.300,98
4.341,102
4.363,108
4.360,107
4.358,100
4.370,97
4.432,100
4.453,99
4.444,103
4.489,102
4.508,107
4.497,104
4.473,104
4.476,105
4.483,107
4.459,107
4.423,104
4.430,106
4.405,106
4.462,108
4.405,106
4.409,107
4.426,105
4.529,106
4.416,109
4.455,106
6.179,109
4.529,106
4.585,108
4.483,107
4.400,111
4.392,109
4.547,104
4.519,110
4.574,118
4.540,122
4.474,111
4.385,107
4.356,106
4.341,102
4.349,98
4.341,91
4.373,88
4.335,90
4.382,94
4.423,98
4.440,96
4.440,96
4.481,100
4.444,97
4.372,92
4.406,94
4.399,98
4.391,102
4.391,102
4.391,102
4.391,102
4.379,99
4.391,102
4.383,100
4.391,102
4.448,104
4.462,108
4.460,114
4.492,116
4.532,120
4.534,114
4.525,118
4.546,117
4.513,115
4.525,118
4.525,118
4.507,120
4.496,117
4.511,121
4.464,115
4.472,117
4.507,120
4.447,117
4.439,115
4.453,112
4.435,114
4.457,113
4.460,114
4.468,116
4.468,116
4.460,114
4.538,115
4.527,112
4.531,113
4.608,114
4.580,113
4.460,114
3.841,113
3.689,112
3.623,108
3.620,107
3.620,107
3.666,106
3.684,104
3.606,103
3.659,104
3.704,103
3.733,104
3.626,96
3.742,100
3.664,99
8.471,105
8.423,99
8.435,102
3.818,95
3.684,98
3.726,109
3.758,104
3.937,119
4.478,125
4.610,121
4.588,96
4.489,72
4.464,81
3.080,108
3.102,107
4.460,95
4.391,91
4.486,101
4.459,107
4.470,110
4.430,106
4.465,102
4.440,102
4.354,99
4.218,96
4.226,98
4.243,91
4.230,93
4.132,89
3.990,90
3.836,89
3.732,88
3.700,91
3.682,92
3.651,91
3.639,89
3.672,86
3.660,83
3.650,81
3.670,80
3.664,84
3.664,89
3.639,84
3.639,89
3.633,88
3.633,88
3.639,89
3.584,88
3.617,94
3.608,92
3.663,93
3.617,94
3.626,96
3.689,99
3.651,96
3.676,91
3.775,91
4.333,100
4.659,101
4.619,92
4.424,78
10.278,88
10.229,98
11.618,109
15.699,107
11.705,112
11.651,111
11.451,98
11.530,99
11.643,109
11.670,116
11.670,116
11.634,113
11.510,85
11.462,68
16.014,111
15.979,115
15.791,105
15.810,110
15.791,105
15.780,102
3.251,31
3.197,48
3.248,65
3.262,76
3.265,83
3.277,86
3.336,92
3.321,94
3.293,89
3.306,87
3.359,82
3.410,76
3.275,68
3.306,73
3.231,72
3.275,80
3.301,86
3.301,86
3.297,85
3.306,87
3.273,85
3.322,85
3.329,81
3.344,79
3.344,79
3.403,81
3.354,81
3.380,87
3.417,84
3.405,87
3.425,86
3.371,85
3.375,86
3.417,84
3.425,86
3.552,96
3.620,107
3.623,108
3.681,110
3.685,111
3.717,113
3.745,114
3.693,113
3.695,114
3.685,111
3.767,113
3.691,106
3.666,106
3.655,103
3.697,101
3.597,95
3.596,90
3.617,94
3.596,90
3.559,88
3.589,93
3.680,103
3.697,101
-99999999
3.608,76
3.569,62
3.606,82
4.153,83
4.419,103
4.632,107
4.662,102
3.594,62
3.346,59
3.329,81
3.404,96
3.408,97
3.442,99
3.391,93
3.423,90
3.405,87
3.405,87
3.425,86
3.470,85
3.429,72
3.471,67
3.470,66
3.446,61
3.446,64
3.470,65
3.421,65
3.397,67
3.371,66
3.371,66
3.402,71
3.383,75
3.398,80
3.408,82
3.368,79
3.354,81
3.408,82
3.400,86
3.396,85
3.433,82
3.479,87
3.457,82
3.516,84
3.485,88
3.534,88
3.497,80
3.485,77
3.677,73
3.577,72
3.672,86
3.658,88
3.663,93
3.704,97
3.682,92
3.712,93
3.706,92
3.660,83
3.606,82
3.561,83
3.590,89
3.565,84
3.565,84
3.573,86
3.561,83
3.546,90
3.524,86
3.552,91
3.524,86
3.546,90
3.522,90
3.512,83
3.502,81
3.516,89
3.516,89
3.547,95
3.643,100
3.791,100
4.266,115
4.088,120
3.794,114
3.697,101
3.638,93
3.574,70
3.470,65
3.438,78
3.438,83
3.386,88
3.420,94
3.379,91
3.399,95
3.412,98
3.399,95
3.417,99
3.399,95
3.420,94
3.445,94
3.424,95
3.491,99
3.441,93
3.546,90
3.601,81
3.700,102
3.719,107
3.729,103
3.717,100
3.643,85
3.618,85
3.569,85
3.565,89
3.546,90
3.565,84
3.561,78
3.580,74
3.544,62
3.493,46
3.541,45
3.593,55
3.668,65
3.578,73
3.586,78
3.572,95
3.535,98
3.599,101
8.568,88
0.169,32
0.164,38
0.164,40



0.176,87

0.196,86
0.194,80

0.176,73
0.176,73
0.144,68


0.166,54

0.141,55
0.141,53



0.166,55
0.166,53
0.165,51

0.140,50
0.115,47






0.114,39





0.165,37

0.164,43

0.164,41
0.140,37
0.189,40





0.114,41


0.139,41







0.164,41




0.140,37


0.165,37
0.140,37
0.189,40


0.165,37
0.139,40
0.190,37

0.139,38


0.165,37
0.139,39
0.139,39

0.139,40
0.164,38
0.164,44

0.139,41
0.164,40

0.139,41




0.139,42

0.139,40

0.139,41



0.164,40





0.139,40
