0.195,82

0.179,84
0.183,85
0.250,83
0.262,86
0.147,76


4.847,86
0.329,84
0.179,84

0.150,78

0.155,79


0.173,77
0.180,79

0.180,79
0.210,80

0.200,83
0.140,81
0.135,80
0.230,79
0.116,72
0.200,78
0.185,80
4.327,80

0.190,81


0.195,82
0.215,81

0.180,79
0.223,77
0.167,73
0.200,83
0.160,80


0.208,85

0.150,78

0.160,80

0.185,80

0.219,74
0.272,76

0.310,80
0.195,82
0.161,69
0.155,79





0.185,80

0.220,75

0.216,72
0.173,77
5.979,83
0.114,71
0.169,74


4.412,76
0.163,70
0.217,73
0.245,75

0.172,76
4.218,78

4.209,72
0.123,77

0.123,77
0.170,75
4.218,78

4.228,80


0.130,44

0.161,69

0.158,60
0.205,40
0.160,33

0.106,46
0.139,28
0.155,40
0.135,32



0.180,39
0.156,51

0.205,44
0.160,32

0.135,33
0.112,30
0.211,31
0.158,35
0.182,36

0.114,28



10.933,70
0.214,28
0.190,26
0.132,22
7.865,67


7.888,57
0.165,26
0.140,27
7.921,81
7.921,81
7.916,80
7.931,78
7.954,77
8.102,97
9.496,84
9.497,79
9.412,82
9.417,83
9.496,84
9.551,85
9.482,81
9.471,84
9.425,85
9.459,87
9.465,77
9.555,86
9.427,90
8.110,93
7.971,81
7.903,76
7.935,84
7.956,83
7.946,81
7.898,73
7.811,43
7.889,62
7.900,74
7.891,80
7.879,77
7.900,74
7.842,69
7.863,55
7.938,53
7.838,58
7.813,58
7.788,56
7.813,53
7.812,50
7.837,50
7.694,70
7.741,80
7.750,74
7.789,64
7.848,73
7.851,75
7.866,80
7.804,77
7.826,82
7.804,88
7.723,87
7.698,87
7.710,84
7.696,81
7.748,73
7.834,93
7.887,106
7.864,100
7.797,96
7.706,83
7.731,83
7.711,79
7.704,77
7.696,81
7.711,79
7.696,81
7.685,84
7.726,82
7.686,79
7.655,78
7.731,83
7.710,84
7.675,82
7.681,78
7.726,82
7.746,81
7.761,79
7.785,84
7.789,85
7.756,83
7.753,76
7.753,76
7.722,72
7.748,73
7.773,73
7.751,75
7.776,82
7.810,89
7.847,96
7.838,94
8.024,109
7.919,101
7.796,81
7.786,79
7.781,78
7.748,73
7.637,54
7.636,52
7.675,82
4.546,94
4.576,101
4.527,101
4.422,94
4.403,86
4.281,71
4.315,77
4.335,74
4.339,77
4.371,79
4.329,70
4.349,61
4.450,90
4.406,96
4.470,79
4.487,88
4.413,88
4.462,92
4.457,87
4.381,81
4.349,85
4.272,79
4.223,79
4.248,79
4.238,82
4.243,83
4.238,82
4.223,79
4.247,84
4.271,84
4.272,79
4.267,78
4.314,76
4.309,73
4.326,67
4.366,78
4.396,79
4.351,80
4.425,80
4.364,77
4.435,82
4.445,79
4.481,87
4.425,80
7.665,80
7.628,77
7.605,83
7.660,79
7.650,75
7.613,85
7.665,90
7.677,92
7.620,81
4.986,84
4.993,90
5.027,97
5.027,97
5.011,99
5.007,98
4.994,95
4.974,91
4.955,92
4.987,99
5.015,100
5.027,103
5.031,104
7.663,85
7.628,77
7.689,85
5.172,96
5.109,93
5.064,85
5.007,78
5.031,83
5.063,94
5.126,97
5.194,108
5.147,102
5.085,84
5.104,77
5.172,91
5.169,101
5.226,103
5.151,97
5.169,101
4.921,86
7.743,86
7.772,96
5.204,88
5.222,96
5.085,84
5.091,80
5.085,84
5.089,85
5.076,82
5.046,81
5.085,84
5.126,82
5.131,83
5.071,81
5.111,79
5.106,78
5.029,77
5.047,91
5.160,99
5.172,102
5.105,98
5.172,102
5.144,101
5.134,93
5.155,98
5.103,92
5.142,95
5.105,98
5.151,103
5.105,98
5.035,84
5.014,85
5.018,86
5.002,82
4.992,80
4.977,82
5.039,85
5.060,89
4.990,85
4.982,83
5.128,92
5.138,94
5.141,90
5.138,94
5.105,98
5.130,104
5.133,105
5.126,103
5.144,101
5.089,100
5.060,99
5.094,101
5.097,91
5.147,96
5.054,88
5.002,82
4.986,84
5.088,94
5.110,99
5.097,91
5.134,93
5.178,92
5.188,94
5.092,95
5.084,93
5.084,93
4.957,78
4.967,80
4.987,79
5.105,98
5.169,101
5.164,100
5.202,110
5.160,112
5.240,120
5.267,127
5.256,124
5.196,115
5.206,111
5.191,107
5.126,103
5.176,103
5.114,100
5.028,92
5.031,83
5.114,100
5.101,97
5.047,91
5.101,97
5.110,99
5.155,98
5.105,98
5.072,102
5.048,102
5.091,107
5.060,99
5.078,110
5.090,113
5.106,111
5.087,106
5.087,106
5.042,107
5.086,112
5.056,104
5.063,106
5.034,105
5.015,100
5.015,100
5.027,103
4.999,96
5.011,99
5.027,103
5.031,104
5.013,106
5.061,112
5.137,119
5.490,107
5.667,86
7.288,85
6.724,82
6.188,80
5.949,75
5.799,75
5.689,80
5.600,75
5.510,79
5.455,78
5.427,76
5.397,73
5.350,75
5.321,81
5.266,80
5.216,80
5.161,79
5.071,81
5.066,80
5.116,80
5.106,83
5.111,79
5.066,80
5.151,82
5.116,80
5.089,85
5.051,82
4.982,83
4.938,79
4.945,86
4.830,82
4.839,84
4.800,81
4.790,79
4.776,81
4.776,81
4.716,79
4.716,79
4.662,78
4.660,77
4.618,79
4.586,77
4.539,78
4.524,80
4.438,77
4.465,83
4.412,76
4.389,77
4.391,78
4.376,80
4.317,78
4.314,76
4.262,75
4.264,76
4.262,75
4.267,78
4.265,77
4.235,73
4.218,78
4.237,74
4.258,72
4.234,72
4.234,72
4.281,71
4.315,77
4.333,73
4.357,72
4.382,72
4.459,74
4.508,74
4.506,73
4.577,71
4.605,73
4.656,74
4.678,72
4.756,75
4.815,79
4.805,75
4.858,77
4.805,75
4.835,78
4.857,76
4.824,71
4.849,71
4.851,72
4.851,72
4.855,75
4.897,70
4.852,73
4.926,73
4.898,71
4.898,71
4.951,74
4.946,71
4.928,74
4.949,73
4.926,73
4.907,77
4.945,86
4.945,86
4.944,95
4.913,89
4.955,92
5.085,89
5.470,81
4.845,80
4.645,85
4.659,92
4.617,89
4.556,87
4.506,87
4.425,80
0.895,82
0.850,83
0.890,81
0.854,84
0.962,86
1.008,85
0.879,84
0.890,81
0.885,80
0.872,76
0.897,76
0.870,75
0.892,73
0.859,67
0.858,63
0.833,61
0.858,65
0.858,62
0.858,63
0.883,64
0.908,65
0.883,63
0.885,68
0.884,67
0.908,64
0.908,65
0.883,66
0.908,62
0.883,62
0.858,62
0.883,61
0.883,63
0.883,65
0.907,58
0.858,62
0.908,62
0.882,59
0.883,60
0.857,55
0.857,55
0.857,54
0.856,50
0.856,48
0.831,47
0.806,47
0.830,43
0.857,36
0.906,37
0.909,34
0.913,29
0.908,35
0.935,33
0.910,33
0.935,33
0.912,30
0.930,39
0.862,30
0.809,34
0.963,29
0.910,33
0.914,28
0.910,33
0.858,35
0.830,42
1.006,47
0.907,57
0.883,62
0.910,68
0.911,69
0.922,76
0.913,70
0.983,65
0.958,62
0.832,57
0.907,59
0.958,62
0.808,62
1.009,67
0.958,65
0.960,68
0.922,76
0.844,74
0.969,74
0.925,78
0.890,81
0.933,85
0.885,80
0.870,75
0.783,60
0.781,49
0.806,48
4.755,74
4.700,70
4.568,41
13.288,78
13.238,83
13.210,76
19.277,64
19.229,68
19.233,71
10.601,47
10.551,46
4.848,70
4.783,76
4.770,67
4.755,74
4.761,78
4.709,77
4.711,78
4.726,81
4.716,79
4.650,70
4.645,64
4.644,54
4.569,49
4.501,30
22.925,70
22.979,73
23.074,70
23.025,71
0.959,23
0.935,32
0.905,38
0.906,46
0.956,51
0.906,51
0.881,50
0.832,56
0.882,56
0.857,57
0.857,56
0.858,60
0.858,63
0.832,57
0.858,66
0.833,60
0.858,60
0.883,66
0.833,60
0.833,62
0.808,61
0.858,64
0.858,64
0.858,62
0.858,62
0.883,66
0.883,64
0.858,62
0.858,64
0.808,61
0.858,61
0.858,64
0.833,63
0.857,58
0.907,57
0.833,62
0.817,73
0.895,82
0.898,88
0.910,90
0.867,87
0.930,79
0.919,74
0.913,70
0.886,69
0.888,70
0.939,71
0.910,80
0.873,77
0.900,83
0.942,87
0.854,84
0.958,85
1.004,84
0.810,80
3.285,79
3.254,77
3.236,79
3.261,79
3.273,73
3.275,74
3.290,80
3.278,76
3.278,76
3.300,75
3.269,70
3.240,67
3.245,71
3.214,66
3.239,60
3.214,60
3.189,53
3.238,58
3.213,56
3.163,47
3.189,53
3.188,47
3.187,45
3.238,36
3.267,31
19.177,35
19.024,42
19.074,42
19.279,33
0.909,23
1.040,19
0.845,20
0.990,26
0.945,20
1.037,24
0.936,31
0.910,14
1.040,19
0.985,15
0.935,14
0.984,18

1.438,22
0.934,18
19.627,18
1.065,28
0.939,19
10.203,22
0.910,16
0.811,24
0.995,20
0.707,22
0.951,21
1.077,21
1.015,26
1.060,23
0.957,22
1.009,23
0.951,21
1.058,22
0.964,28
0.882,36
0.855,44
0.880,44
0.881,48
0.856,46
0.857,54
0.882,57
0.908,62
0.908,61
0.883,61
0.858,62
0.883,60
0.858,61
0.908,60
0.883,61
0.906,49
0.860,32
1.136,23
18.497,78
18.462,81
18.529,85
19.059,81
19.154,90
19.014,82
18.978,66
18.849,89
17.952,89
10.827,59
10.814,74
10.745,83
10.685,81
10.526,79
10.419,77
10.486,81
10.463,87
10.486,81
10.655,80
10.720,78
10.662,73
10.580,68
0.935,14
0.862,30
0.983,35
0.955,43
0.956,49
0.907,54
0.932,57
0.957,57
0.983,60
0.958,62
0.983,64
0.983,62
0.982,56
0.981,48
0.960,33
1.030,41
1.159,58
1.084,63
1.084,64
1.110,66
1.135,62
1.110,66
1.110,62
1.110,62
1.160,65
1.135,62
1.110,62
1.109,58
1.134,57
1.109,56
1.109,55
1.108,51
1.109,55
1.109,55
1.109,59
-99999999
1.109,58
1.134,58
1.110,61
1.109,57
1.135,64
1.084,62
1.134,59
1.135,65
1.160,61
1.160,63
1.159,59
1.135,62
1.160,64
1.135,65
1.135,65
1.160,63
1.135,64
1.160,65
1.160,61
1.160,63
1.135,61
1.110,63
1.110,62
1.110,64
1.135,63
1.135,61
1.110,63
1.110,60
1.135,62
1.134,56
1.134,56
1.135,63
1.159,58
1.134,58
1.110,61
1.159,58
1.160,60
1.160,60
1.159,59
1.160,65
1.159,56
1.159,57
1.184,53
1.184,53
1.184,55
1.160,61
1.159,57
1.159,57
1.184,56
1.159,59
1.184,57
1.159,57
1.134,57
1.158,50
1.158,52
1.133,52
1.158,52
1.109,55
1.159,54
1.158,52
1.159,58
1.159,58
1.134,57
1.134,55
1.134,55
1.159,56
1.159,54
1.134,56
1.159,55
1.184,53
1.133,52
1.134,56
1.159,53
1.107,45
1.132,40
1.137,32
1.128,21
10.426,79
10.441,82
10.436,81
10.426,79
10.444,77
10.466,75
10.437,72
10.437,72
10.418,76
10.416,75
10.406,80
10.441,82
10.421,83
10.416,82
10.396,83
10.433,86
10.383,86
10.396,83
10.413,87
10.425,89
10.400,84
10.350,84
10.404,85
10.391,82
10.406,80
10.369,77
10.416,82
10.391,82
10.425,84
10.396,83
10.425,84
10.419,88
10.438,87
10.390,74
10.503,56
10.602,53
10.529,63
16.665,101
16.634,94
16.665,101
10.924,89
10.920,83
17.689,102
17.466,102
20.094,84
20.190,83
17.736,101
10.353,54
10.406,68
10.404,64
10.559,71
10.868,77
10.878,85
10.830,90
10.799,84
10.874,89
10.812,87
10.799,89
10.842,92
10.883,101
10.819,98
10.674,89
10.491,82
10.443,76
10.854,67
10.903,66
10.892,76
10.861,72
10.853,63
10.878,62
10.902,57
10.752,57
10.736,72
10.391,82
10.805,90
10.885,81
10.915,75
10.731,69
10.778,64
10.790,75
10.471,78
10.506,80
10.550,79
10.568,77
10.660,81
10.695,83
10.757,86
10.768,88
10.806,95
10.799,89
10.849,89
10.874,89
10.862,87
0.434,18
0.409,23
0.431,37
0.455,40
0.430,43
0.431,46
0.431,51
0.456,49
0.432,53
0.407,55
0.432,56
0.407,56
0.457,56
0.457,55
0.457,56
0.457,55
0.456,52
0.457,55
0.432,56
0.457,58
0.431,52
0.407,56
0.407,53
0.457,54
0.457,54
0.457,53
0.457,57
0.432,54
0.457,56
0.431,52
0.432,53
0.456,46
0.455,45
0.431,51
0.455,44
0.456,52
0.456,49
0.457,57
0.457,58
0.407,58
0.457,58
0.408,62
0.408,62
0.433,63
0.458,64
0.433,65
0.408,65
0.438,70
0.458,65
0.408,64
0.409,67
0.411,69
0.408,63
0.408,63
0.407,59
0.382,58
0.407,58
0.407,59
0.407,57
0.407,57
0.406,51
0.406,50
0.381,51
0.406,49
0.406,47
0.406,50
0.406,48
0.406,50
0.356,51
0.381,51
0.357,53
0.356,52
0.356,50
0.381,51
0.382,54
0.407,53
0.407,53
0.331,47
0.381,47
0.380,43
0.357,55
0.358,64
0.359,67
0.341,72
0.333,66
0.407,59
0.305,43
6.136,64
6.138,68
6.162,67
1.320,72
1.403,76
1.327,77
1.363,61
1.310,48
1.310,50
1.338,61
1.372,73
1.360,79
1.347,87
1.397,91
1.347,87
1.321,87
1.384,84
1.380,83
1.385,79
1.369,71
1.366,69
1.417,69
1.419,70
1.363,63
1.388,63
1.414,63
1.363,63
1.388,65
1.363,64
1.363,63
1.340,68
1.366,69
1.363,66
1.419,70
1.363,60
1.414,66
1.388,65
1.391,69
1.338,64
1.388,65
1.420,71
1.377,76
1.378,77
1.411,79
1.411,79
1.451,82
1.403,76
1.414,66
1.362,55
1.387,53
1.412,52
1.412,46
1.361,49
1.360,45
1.386,46
1.388,60
1.377,76
1.406,83
1.378,77
1.362,56
1.412,46
1.386,47
1.360,44
1.436,39
1.385,42
1.335,40
1.413,56
1.414,63
1.363,64
1.470,70
1.429,77
1.401,75
1.525,73
1.267,71
1.347,73
1.343,70
1.448,73
1.385,79
1.401,75
1.413,59
1.362,36
1.335,38
1.336,37
1.360,41
1.337,53
1.362,54
1.362,56
1.362,59
1.387,59
1.388,63
1.388,62
1.388,65
1.388,61
1.388,63
1.414,62
1.414,61
1.387,59
1.414,63
1.388,64
1.413,57
1.414,61
1.414,61
1.414,60
1.414,64
1.414,61
1.414,60
1.414,60
1.413,58
1.413,56
1.438,57
1.413,54
1.413,57
1.438,55
1.438,57
1.437,52
1.413,55
1.386,49
1.463,50
1.412,50
1.438,53
1.464,54
1.413,54
1.412,50
1.412,49
1.386,51
1.464,53
1.412,49
1.412,48
1.413,53
1.386,52
1.412,49
1.412,50
1.437,46
1.463,49
1.487,42
1.512,41
1.417,31
1.381,21
1.407,21
1.442,24
1.268,26
1.343,29
1.414,35
1.314,33
1.284,40
1.284,41
1.310,48
1.336,50
1.310,52
1.337,55
1.362,57
1.311,56
1.312,62
1.337,57
1.363,60
1.362,57
1.362,59
1.362,57
1.311,57
1.362,57
1.337,56
1.362,56
1.362,53
1.337,54
1.310,51
1.361,51
1.336,52
1.361,50
1.336,50
1.310,50
1.361,48
1.336,49
1.336,48
1.361,49
1.335,43
1.309,41
1.335,40
1.284,40
1.335,42
1.336,37
1.364,34
1.265,30
1.319,27
1.184,22
1.340,17
11.024,84
11.012,73
10.956,69
11.009,71
11.009,71
11.011,72
11.014,74
10.992,76
11.017,76
10.992,76
11.017,76
11.051,57
17.860,86
17.831,85
17.984,95
23.290,89
23.201,81
23.086,78
24.068,67
24.082,77
24.119,80
24.081,76
23.406,82
23.302,91
18.961,96
23.051,81
18.949,99
23.396,80
23.280,74
23.729,74
23.685,78
23.246,80
23.186,83
23.371,80
21.484,97
21.534,97
21.509,97
21.354,81
21.364,83
21.417,93
21.434,97
21.343,89
4.476,24
4.495,37
4.495,49
4.446,52
4.448,64
4.457,73
4.509,75
4.487,77
4.486,76
4.498,67
4.474,67
4.521,59
4.521,57
4.520,52
4.495,46
4.494,44
4.494,40
4.499,32
4.702,26
19.185,91
19.186,87
19.173,89
19.167,88
19.169,83
19.191,92
19.160,91
19.179,90
19.110,91
19.104,90
19.042,88
4.376,15
4.473,35
4.470,38
4.470,45
4.397,46
4.421,46
4.472,56
4.424,67
4.438,77
4.410,75
4.415,83
4.401,80
4.410,82
4.430,81
4.386,82
4.341,78
4.371,79
4.425,80
4.364,77
4.412,76
4.383,73
4.400,67
4.354,70
4.352,69
4.432,73
4.354,70
4.360,74
4.357,72
4.361,75
4.352,69
4.383,73
4.399,61
4.398,56
4.372,47
4.421,37
4.396,41
4.421,51
4.400,67
4.429,71
4.388,76
4.391,78
4.388,76
4.354,70
4.374,60
4.373,56
4.374,62
4.404,71
4.350,67
4.274,59
4.249,51
4.298,49
4.299,53
4.372,52
4.448,61
4.448,64
4.456,72
4.438,77
4.459,74
4.437,76
4.434,74
4.357,72
4.358,73
4.322,79
4.361,75
4.361,75
4.361,75
4.410,82
4.361,82
4.403,86
4.364,77
4.381,81
4.386,75
4.415,78
4.389,77
4.358,73
4.338,76
4.378,86
4.363,76
4.350,67
4.323,51
4.397,46
4.348,56
4.349,64
4.328,69
4.350,67
4.350,67
4.348,55
4.346,43
4.346,44
4.398,59
4.386,75
4.381,81
4.394,93
4.333,87
4.391,83
4.423,85
4.484,82
4.415,83
4.374,85
4.361,82
4.366,78
4.376,80
4.403,86
4.405,81
4.465,78
4.445,79
4.465,78
4.465,78
4.497,85
4.494,79
4.480,81
4.473,85
4.475,80
4.489,83
4.484,82
4.463,77
4.531,73
4.525,69
4.471,51
4.429,28
20.913,88
20.859,74
20.873,62
20.706,72
20.403,70
20.395,79
20.404,71
20.513,77
4.232,19
4.273,47
4.299,59
4.252,67
4.312,75
4.317,78
4.287,82
4.272,79
4.292,83
4.287,82
4.282,81
4.277,80
4.287,82
4.272,79
4.300,85
4.292,78
4.325,63
4.297,45
21.214,83
4.200,36
4.274,22
23.315,84
22.844,94
21.605,102
19.343,98
19.243,98
19.376,100
19.273,84
19.239,82
19.223,84
19.316,92
19.365,92
19.877,90
19.663,97
20.073,85
20.395,79
20.531,91
20.832,87
21.260,97
21.198,85
21.160,82
21.140,78
21.140,78
21.120,79
21.110,82
21.077,86
20.952,86
20.590,83
20.787,92
20.073,85
20.731,91
20.660,103
19.497,99
19.351,85
19.331,86
19.306,86
19.242,88
19.298,84
4.470,42
4.473,60
4.449,67
4.475,68
4.448,65
4.511,76
4.484,75
4.503,71
4.505,72
4.473,61
4.495,48
4.445,43
4.422,58
4.449,67
4.462,76
4.445,79
4.473,85
4.440,83
4.420,79
4.489,83
4.489,83
4.497,85
4.470,79
4.475,80
4.465,78
4.463,77
4.435,82
4.463,77
4.415,78
4.506,73
4.497,65
4.520,48
4.549,32
4.524,16
14.417,100
14.408,98
14.358,104
14.404,103
14.433,98
14.456,92
4.525,31
4.520,52
4.521,59
4.472,58
4.446,51
4.471,51
4.446,49
4.420,39
4.371,38
4.494,41
4.522,60
4.448,62
4.372,51
4.350,34
4.392,21
18.117,75
18.930,68
4.494,39
4.421,46
4.446,52
4.446,52
4.422,53
4.421,52
4.472,57
4.498,67
4.527,70
4.511,76
4.489,83
4.473,85
4.425,80
4.420,79
4.440,83
4.423,85
4.396,79
4.401,80
4.415,83
4.430,81
4.425,80
4.445,79
4.460,82
4.415,78
4.409,74
4.435,75
4.381,81
4.420,79
4.410,82
4.349,65
4.426,69
4.415,78
4.415,83
4.395,84
4.465,78
4.395,89
4.382,91
4.410,82
4.412,92
4.437,92
4.412,92
4.386,82
4.435,82
4.401,80
4.415,83
4.371,79
4.375,67
4.360,74
4.327,80
4.302,80
4.262,82
4.275,85
4.193,83
4.201,85
4.201,85
4.152,85
4.164,82
4.201,85
4.167,88
4.124,79
4.208,81
4.235,73
4.301,67
4.375,67
4.447,59
4.377,69
4.386,82
4.430,81
4.434,74
4.475,68
4.453,70
4.401,80
4.402,95
4.394,93
4.406,96
4.406,91
4.425,90
4.457,87
4.435,82
4.440,83
4.465,78
4.404,71
4.447,59
4.471,49
4.446,47
4.448,60
4.404,70
4.423,85
4.419,89
4.440,83
4.435,82
4.457,73
4.446,50
4.497,62
4.435,82
4.440,83
4.410,82
4.420,79
4.402,69
4.473,64
4.471,50
4.478,70
4.457,73
4.448,62
4.472,53
4.397,52
4.397,51
4.373,56
4.325,65
4.306,71
4.256,71
4.309,73
4.262,75
4.261,74
4.297,79
4.297,79
4.317,83
4.317,83
4.282,81
4.321,89
4.317,83
4.317,83
4.339,88
4.279,86
4.282,81
4.254,86
4.238,82
4.271,84
4.247,84
4.287,82
4.314,76
4.388,76
4.454,71
4.474,67
4.497,60
4.496,53
4.371,43
4.446,52
4.422,55
4.423,63
4.349,62
4.358,73
4.363,76
4.366,78
4.386,82
4.419,84
4.430,81
4.425,80
4.404,71
4.383,73
4.404,71
4.399,64
4.373,58
4.422,57
4.398,57
4.373,54
4.373,53
4.397,46
4.430,26
4.276,18
4.249,51
4.312,75
4.381,81
4.361,75
4.324,57
4.324,59
4.348,54
4.252,33
4.273,47
4.300,63
4.284,73
4.292,78
4.300,85
4.304,86
4.292,83
4.307,81
4.322,79
4.308,72
4.349,66
4.298,49
4.199,48
4.226,64
4.240,76
4.287,82
4.233,81
4.223,79
4.218,78
4.216,77
4.206,70
4.207,71
4.212,74
4.212,74
4.243,78
4.252,80
4.265,77
4.240,76
4.262,75
4.256,71
4.277,68
4.276,67
4.300,61
4.275,64
4.300,63
4.251,61
4.300,64
4.252,68
4.227,67
4.251,63
4.251,66
4.252,67
4.278,69
4.253,69
4.250,58
4.249,50
4.273,50
4.276,67
4.261,74
4.290,77
4.238,82
4.277,80
4.327,80
4.378,86
4.358,87
4.423,85
4.354,70
4.297,41
4.322,42
4.348,56
4.352,69
4.386,75
4.376,80
4.440,83
4.399,85
4.391,83
4.452,86
4.419,84
4.440,83
4.419,89
4.413,88
4.422,94
4.431,91
4.443,93
4.469,89
4.440,83
4.455,81
4.506,87
4.440,78
4.444,84
4.460,82
4.506,87
4.450,80
4.452,86
4.450,80
4.460,82
4.455,81
4.484,82
4.493,84
4.435,82
4.457,87
4.444,84
4.475,90
4.457,87
4.480,91
4.462,92
4.475,90
4.475,90
4.463,88
4.496,94
4.506,87
4.549,90
4.499,80
4.514,78
4.531,73
4.503,71
4.525,69
4.500,69
4.547,66
4.522,64
4.472,59
4.497,64
4.496,59
4.497,65
4.473,65
4.498,67
4.511,76
4.529,81
4.497,85
4.539,83
4.522,85
4.547,85
4.526,86
4.504,81
4.534,82
4.534,82
4.512,77
4.560,76
4.508,74
4.503,71
4.503,71
4.560,76
4.563,78
4.549,80
4.514,78
4.519,79
4.522,85
4.518,89
4.512,88
4.496,94
4.493,89
4.463,88
4.481,87
4.506,87
4.448,85
4.423,85
4.452,86
4.444,84
4.413,88
4.419,89
4.448,85
4.438,88
4.457,87
4.444,84
4.475,90
4.480,91
4.456,91
4.444,84
4.463,88
4.465,83
4.457,87
4.448,85
4.501,86
4.430,81
4.415,78
4.425,80
4.415,78
4.412,76
4.389,77
4.435,75
4.388,76
4.412,76
4.388,76
4.415,78
4.379,70
4.481,73
4.399,66
4.374,65
4.398,55
4.447,57
4.494,41
4.445,43
4.398,58
4.426,69
4.388,76
4.358,73
4.311,74
4.300,64
4.349,60
4.349,65
4.383,73
4.371,79
4.358,87
4.353,86
4.327,80
4.277,68
4.249,52
4.299,36
4.396,40
4.297,44
4.324,36
4.331,27
4.361,20
19.193,104
18.957,86
19.019,83
19.168,98
19.148,99
21.155,81
21.098,85
4.378,30
4.299,57
4.301,67
4.251,61
4.238,75
4.216,77
4.238,82
4.213,82
4.213,75
4.251,66
4.275,63
4.333,73
4.286,74
4.253,69
4.300,65
4.250,58
4.224,52
4.200,55
4.201,62
4.251,61
4.200,54
4.248,43
4.298,46
4.300,63
4.303,69
4.297,79
4.277,80
4.312,82
4.307,81
4.302,80
4.304,86
4.275,85
4.265,88
4.282,81
4.292,83
4.317,83
4.317,83
4.307,81
4.304,86
4.309,87
4.327,90
4.410,82
4.508,74
4.697,68
4.807,76
4.691,84
4.440,83
4.427,86
4.549,80
4.571,85
4.501,86
4.475,90
4.567,89
4.672,90
4.743,94
4.740,89
4.691,84
4.632,82
4.438,77
4.391,83
4.391,83
4.419,84
4.399,85
4.345,84
4.386,82
4.383,87
4.407,87
4.406,91
4.345,84
4.376,90
4.383,87
4.519,79
4.723,86
4.822,86
4.843,85
4.623,80
4.336,82
4.339,88
4.333,87
4.309,87
4.321,89
4.304,86
4.378,86
4.415,78
4.409,74
4.547,61
4.643,51
4.472,55
4.284,73
4.389,88
4.414,98
4.431,91
4.447,94
4.464,98
4.509,97
4.423,100
4.527,101
4.500,95
4.394,93
4.358,87
4.418,93
4.478,101
4.473,100
4.500,95
4.437,92
4.437,92
4.413,88
4.480,91
4.537,88
4.634,92
4.682,97
4.610,92
4.629,91
4.616,93
4.537,77
4.611,77
4.623,80
4.687,83
4.695,85
4.641,84
4.571,85
4.598,80
4.578,81
4.505,72
4.509,75
4.552,70
4.548,67
4.596,61
4.547,63
4.547,65
4.498,67
4.558,75
4.505,72
4.451,69
4.447,53
4.371,39
18.408,95
18.401,89
4.744,35
4.791,52
4.818,64
4.835,83
4.900,96
4.826,91
4.773,86
4.900,96
4.913,99
4.866,94
4.814,89
4.752,91
4.788,93
4.797,86
4.869,90
4.881,92
4.913,99
4.857,92
4.820,90
4.773,86
4.874,81
4.906,92
4.936,93
4.994,95
4.994,95
5.034,93
5.072,91
5.011,89
4.924,81
4.962,89
4.975,87
5.005,88
5.060,84
6.486,85
6.497,74
6.386,65
6.259,59
6.310,65
6.284,55
0.331,51
0.408,60
0.382,59
0.432,55
0.308,65
0.258,66
0.308,66
0.363,70
0.360,68
0.458,63
0.333,65
0.383,66
0.308,63
0.316,72
0.422,76
0.316,72
0.335,80
0.344,74
0.292,87
0.370,82
0.450,83
0.340,81
0.225,78
0.400,83
0.258,85
4.842,94
0.500,83
0.554,89
4.851,96
0.458,85
0.482,94
4.805,97
4.777,91
0.375,83
4.768,94
4.760,98
4.768,94
4.752,96
4.795,90
4.764,93
4.784,88
4.814,89
4.797,86
4.744,85
4.727,91
4.752,96
4.715,89
4.740,84
4.789,84
4.749,70
4.730,74
4.706,74
4.704,87
4.704,87
4.715,89
4.691,89
4.685,88
4.666,89
4.653,91
4.648,95
0.622,92
0.583,85
0.379,89
0.448,88
0.395,82
0.358,85
0.257,94
0.461,95
0.382,94
0.407,94
0.391,91
0.461,95
0.478,93
0.479,89
0.362,86
0.225,78
0.345,82
4.814,84
4.761,78
4.776,81
4.820,90
4.752,91
4.778,87
4.771,90
4.802,87
4.826,91
4.875,91
4.808,88
4.858,88
4.871,86
4.949,96
0.460,90
0.282,94
0.407,94
0.345,97
0.411,95
0.466,96
0.397,92
0.373,88
0.333,85
0.315,81
0.335,68
0.307,58
0.282,54
0.307,59
0.257,54
0.308,60
0.307,59
0.307,59
0.307,58
0.307,57
0.333,60
0.307,57
0.307,58
0.307,59
0.307,59
0.308,60
0.307,57
0.307,56
0.307,58
0.307,58
0.357,59
0.307,57
0.307,59
0.307,59
0.307,55
0.307,59
0.308,60
0.306,50
0.357,59
0.307,54
0.307,59
0.307,56
0.282,59
0.332,57
0.282,53
0.308,61
0.307,56
0.307,58
0.307,55
0.307,58
0.282,57
0.257,58
0.307,56
0.307,58
0.282,58
0.307,59
0.282,59
0.282,55
0.257,57
0.307,58
0.282,58
0.282,58
0.308,60
0.257,57
0.332,55
0.257,59
0.282,58
0.282,54
0.257,59
0.307,59
0.307,59
0.308,64
0.282,58
0.257,59
0.307,58
0.307,59
0.283,63
0.257,59
0.258,62
0.258,61
0.282,59
0.257,58
0.282,58
0.258,60
0.257,58
0.258,62
0.258,61
0.283,61
0.258,64
0.258,62
0.258,64
0.257,59
0.258,60
0.283,63
0.258,60
0.258,60
0.258,63
0.233,64
0.283,61
0.233,62
0.258,62
0.282,59
0.233,66
0.258,61
0.258,62
0.258,60
0.233,62
0.257,59
0.307,59
0.258,60
0.233,65
0.232,59
0.283,64
0.233,61
0.233,60
0.258,62
0.257,59
0.257,58
0.233,63
0.258,61
0.207,57
0.232,55
0.257,54
0.231,47
0.206,47
0.281,49
0.333,65
0.267,73
0.244,74
6.324,92
6.294,73
6.283,51
6.209,56
6.191,71
6.237,80
6.256,89
6.274,92
6.288,95
6.250,88
6.284,94
6.262,90
6.281,84
6.294,73
6.307,45
6.299,76
6.306,89
6.287,90
4.873,71
4.890,48
4.817,56
4.843,62
4.819,67
4.851,72
4.823,70
4.778,73
4.820,68
4.804,74
4.852,87
4.788,93
4.555,91
4.505,102
4.484,103
4.322,79
4.332,72
4.322,79
4.341,83
4.370,89
4.339,88
4.308,91
4.309,87
4.307,81
4.496,94
4.691,99
4.789,99
4.843,100
4.796,95
4.788,93
4.752,91
4.684,92
4.600,86
4.501,86
4.370,84
4.262,82
4.247,84
4.193,78
4.174,79
4.134,81
4.124,79
4.124,79
4.119,78
4.109,81
4.102,85
4.131,86
4.080,80
4.055,68
4.127,60
4.496,54
4.546,53
4.449,67
4.480,81
4.378,86
4.391,83
4.391,83
4.302,80
4.287,82
4.218,78
4.154,80
4.198,79
4.169,78
4.167,77
4.136,73
4.111,73
4.111,73
4.111,73
4.117,77
4.178,80
4.215,76
4.267,83
4.349,85
4.440,83
4.543,89
4.579,91
4.617,84
4.653,72
4.451,69
4.373,59
4.114,75
4.119,83
4.102,85
4.196,93
4.134,81
4.190,92
4.271,99
4.299,94
4.327,90
4.312,75
4.300,63
4.248,41
17.265,81
4.151,56
4.124,79
4.109,81
4.106,86
4.111,87
4.117,88
4.085,81
4.174,79
4.114,75
4.116,76
4.114,75
4.117,77
4.114,75
4.114,75
4.141,76
4.116,76
4.113,74
4.083,70
4.108,71
4.127,61
4.126,57
4.100,48
4.050,44
4.050,43
4.050,44
4.002,49
4.027,53
4.053,63
4.053,66
4.061,72
4.064,74
4.080,80
4.080,80
4.049,84
4.102,85
4.074,84
4.049,84
4.049,84
4.078,85
4.074,84
4.078,85
4.049,84
4.040,82
4.057,86
4.030,80
4.016,82
4.032,86
4.053,85
4.016,82
4.062,87
4.024,84
4.021,83
3.991,82
4.008,86
4.032,86
4.057,86
4.037,87
4.024,84
4.021,83
3.996,83
4.035,81
4.039,74
4.086,72
4.079,67
4.135,72
4.178,80
4.254,86
4.295,93
4.344,93
4.292,83
4.377,69
4.497,63
4.473,65
4.568,79
4.600,86
4.530,91
4.514,78
4.497,85
4.497,85
4.494,79
4.470,79
4.127,85
3.817,74
3.837,71
3.895,77
3.897,78
3.882,80
3.917,75
3.942,82
3.951,79
3.942,82
3.897,83
3.882,80
3.863,72
3.882,68
4.322,79
4.529,81
4.480,91
4.363,92
2.411,93
2.306,93
2.233,85
2.185,86
2.163,81
2.236,90
2.274,92
2.285,94
2.262,90
4.238,82
4.215,76
2.131,80
2.203,89
2.196,92
2.216,91
2.139,73
2.102,59
2.154,56
2.134,70
2.129,85
2.147,78
2.102,56
2.076,54
2.076,57
2.128,59
2.128,57
2.180,53
2.126,79
2.133,86
2.184,95
2.155,100
2.142,97
2.059,91
2.176,93
2.132,95
2.184,95
2.137,96
2.190,96
2.164,96
2.190,96
2.164,96
2.164,91
2.150,93
2.154,94
2.073,84
2.119,88
2.119,88
2.129,85
2.190,91
2.129,85
2.111,72
2.077,66
2.077,66
2.051,66
2.077,66
2.111,72
2.048,79
2.079,80
2.077,85
2.111,91
2.124,93
2.146,98
2.118,92
2.085,91
2.040,88
2.011,82
2.053,80
2.037,82
2.157,90
2.124,93
2.085,91
2.137,96
2.102,94
2.068,98
2.111,96
2.099,99
2.072,93
2.077,85
2.048,79
2.145,88
2.170,92
2.124,93
2.076,94
2.151,89
2.164,91
2.203,99
2.229,99
2.186,101
2.229,99
2.180,94
2.137,91
2.164,91
2.183,90
2.151,89
2.137,91
2.105,90
2.196,92
2.216,96
2.160,101
2.151,99
2.124,93
2.066,92
2.011,82
1.976,69
1.972,59
2.022,45
2.023,47
1.973,61
2.051,65
2.016,78
2.164,91
2.120,98
2.099,99
2.116,97
2.037,97
2.059,96
2.047,99
2.025,100
1.999,100
2.015,98
1.999,100
2.047,99
2.021,99
2.025,100
1.976,95
2.033,96
2.039,92
1.999,85
1.970,79
1.976,69
2.011,75
2.053,80
2.014,88
2.072,93
1.975,80
1.975,80
1.922,85
4.895,95
4.895,95
2.073,99
2.066,92
1.988,88
1.988,88
2.039,92
2.033,96
4.957,98
5.054,88
4.982,83
4.855,97
4.752,96
4.777,91
4.753,87
4.784,98
4.497,100
3.948,105
3.707,94
3.761,95
3.880,100
3.995,104
3.686,90
3.704,89
3.693,87
3.717,87
3.698,88
3.760,90
3.757,94
3.827,99
3.820,92
3.789,91
3.777,89
3.753,84
3.741,91
3.723,88
2.098,93
3.801,93
2.093,88
2.021,84
2.089,97
2.007,91
1.965,83
1.938,77
1.976,69
1.975,68
2.002,69
1.973,66
1.975,68
1.999,65
1.976,69
1.990,78
2.021,84
2.093,88
2.107,86
2.134,101
2.123,105
2.103,100
2.094,98
2.047,99
2.237,95
5.092,95
5.072,91
5.027,97
4.160,102
4.262,103
4.598,107
5.023,102
5.076,97
2.001,90
1.962,92
1.972,94
1.836,77
1.827,71
1.846,66
1.820,59
1.823,68
1.827,71
1.782,75
1.810,77
1.848,80
1.833,75
1.822,67
1.794,58
1.819,52
1.819,51
1.820,58
1.867,84
1.902,101
1.935,103
1.986,110
1.918,112
1.925,114
1.846,100
1.837,98
1.927,108
1.913,104
1.884,97
1.867,89
1.830,73
1.821,62
1.821,62
1.870,58
1.897,64
1.871,63
1.821,63
1.881,73
1.930,72
1.931,73
1.930,72
1.884,75
1.935,75
1.897,64
1.871,63
1.871,64
1.897,63
1.871,61
1.871,60
1.922,63
1.871,64
1.898,67
1.872,67
1.871,64
1.871,64
1.871,61
1.846,64
1.845,59
1.821,62
1.871,66
1.875,69
1.879,81
1.931,87
1.973,85
2.059,91
2.075,106
2.095,111
2.111,102
1.977,86
1.921,54
1.843,42
1.869,52
1.870,57
1.922,64
1.922,66
1.922,65
1.897,64
1.921,59
1.897,62
1.871,60
1.896,59
1.870,56
1.896,59
1.870,58
1.870,56
1.896,58
1.846,62
1.846,60
1.897,61
1.871,63
1.922,65
1.922,65
1.870,59
1.819,52
1.845,59
1.871,62
1.844,46
1.868,43
8.291,55
8.317,60
8.292,65
1.818,42
1.820,56
1.795,66
1.833,75
1.843,79
1.830,73
1.858,75
1.794,58
1.795,60
1.821,64
1.821,66
1.821,66
1.803,72
1.836,77
1.833,82
1.876,86
1.876,86
1.977,86
1.740,84
1.803,91
1.785,88
1.751,81
1.759,76
1.718,55
1.717,49
1.742,49
1.742,52
1.793,46
1.742,49
1.742,47
1.742,50
1.743,55
1.667,54
1.716,43
1.767,42
1.617,64
1.711,83
1.708,92
1.735,98
1.697,95
1.715,89
1.702,91
1.626,87
1.698,86
1.645,90
1.769,94
1.733,92
1.664,89
1.677,87
1.617,100
1.629,97
1.592,100
1.492,90
1.655,75
1.567,67
3.707,61
3.657,51
3.749,83
3.783,90
3.782,100
3.722,92
3.720,97
3.729,99
3.679,93
3.692,91
3.716,102
3.729,99
3.821,88
4.111,87
4.332,96
4.118,104
3.977,106
3.845,110
3.863,102
4.305,101
5.820,96
5.828,98
4.571,100
4.497,100
1.765,93
1.773,95
1.676,96
1.689,89
1.731,103
1.862,98
1.676,102
1.838,111
1.728,109
1.713,105
1.516,100
4.538,98
4.604,96
4.743,94
3.658,94
3.621,97
3.510,94
3.482,89
4.721,90
4.721,90
4.653,91
4.620,94
4.645,100
4.710,98
4.842,94
4.887,93
4.863,89
4.833,88
4.734,88
4.621,85
4.617,89
4.556,87
4.600,86
4.592,89
4.698,95
4.772,95
4.851,91
4.986,93
3.617,96
3.555,93
3.503,83
3.531,84
3.668,87
3.686,90
3.629,93
3.606,84
3.581,89
3.581,89
3.564,86
3.564,86
3.581,89
3.564,86
3.560,85
3.585,85
3.507,84
3.572,82
3.564,86
3.587,90
3.593,91
3.568,91
3.617,91
3.629,93
3.642,102
3.664,101
3.689,101
3.689,101
3.630,99
3.658,94
3.552,83
3.513,68
3.514,69
3.503,83
3.495,87
1.715,84
1.562,84
1.548,81
1.579,75
1.490,63
1.517,67
1.517,67
1.519,69
1.546,70
1.549,72
1.569,69
1.517,67
1.518,68
1.568,68
1.517,67
1.567,67
1.566,66
1.517,67
1.516,64
1.541,63
1.518,68
1.569,69
1.546,70
1.571,70
1.599,81
1.688,93
1.761,98
1.676,96
1.692,94
1.668,100
1.583,98
1.625,96
1.699,101
1.651,102
1.595,95
1.579,82
1.579,75
1.516,61
1.565,59
1.541,62
1.492,68
1.517,67
1.490,61
1.488,49
1.488,47
1.464,56
1.466,67
1.473,72
1.473,72
1.518,90
1.518,80
1.491,67
1.442,69
1.522,71
1.541,66
1.489,55
1.465,64
1.363,63
1.388,65
1.390,68
1.363,66
1.414,65
1.466,67
1.492,80
1.537,84
1.537,89
1.548,81
1.543,80
1.550,73
1.513,52
1.539,51
1.564,50
1.513,51
1.565,55
1.565,56
1.540,55
1.616,59
1.541,60
1.565,59
1.515,59
1.516,60
1.515,59
1.516,62
1.465,66
1.439,66
1.439,65
1.388,64
1.337,59
1.311,54
1.310,47
1.309,45
1.362,54
1.309,40
8.141,63
8.699,70
8.551,81
1.564,46
1.462,38
1.929,26
1.646,24
1.594,32
1.512,42
1.593,34
1.566,35
1.563,42
1.564,47
1.666,48
1.699,70
1.613,84
4.641,84
4.592,89
4.579,91
4.604,91
1.468,95
1.639,99
1.417,95
1.620,95
1.541,100
1.592,100
1.506,98
1.537,99
1.588,99
1.555,92
1.525,87
1.390,80
1.492,90
1.510,93
4.862,93
4.818,85
4.820,90
1.620,95
1.689,99
1.641,106
1.608,104
1.611,105
1.549,96
1.642,94
1.619,90
1.569,95
1.549,96
1.579,97
1.544,95
1.557,104
1.532,98
1.532,98
1.486,99
1.528,97
1.515,94
1.489,94
1.447,91
1.486,89
1.510,93
1.504,92
1.435,89
1.453,92
1.416,90
1.429,88
1.435,89
1.398,87
1.392,86
1.410,84
1.439,85
1.345,81
1.335,79
1.372,73
1.419,70
4.206,70
1.550,87
1.595,95
1.480,88
1.465,85
1.448,73
1.455,77
1.431,78
1.414,85
1.438,94
1.467,90
3.618,87
3.523,75
3.618,73
3.615,71
3.574,76
3.575,77
3.587,80
3.562,80
3.567,81
3.567,81
3.552,83
3.528,78
3.552,83
3.532,79
3.537,80
3.532,79
3.552,78
3.547,82
3.557,79
3.528,83
3.535,85
3.547,82
3.539,86
3.556,84
3.523,82
3.542,81
3.547,82
3.467,71
3.461,62
3.509,50
3.632,52
9.094,79
9.099,90
9.109,97
9.096,94
9.105,91
9.079,81
5.530,83
5.394,71
5.530,83
3.661,90
3.648,92
3.686,90
3.674,88
3.646,75
3.563,69
3.569,73
3.526,77
3.498,75
3.475,76
3.493,81
3.483,79
3.476,77
3.476,77
3.444,81
3.463,80
3.429,78
3.473,82
3.531,89
3.506,93
3.493,81
4.830,75
4.799,71
4.815,79
4.810,83
1.308,84
1.279,83
1.312,85
1.401,75
1.326,76
1.258,79
1.426,82
1.152,83
1.295,91
1.320,96
1.439,100
1.326,92
1.447,91
1.689,99
5.666,114
1.537,99
5.330,104
5.222,91
5.166,90
5.129,88
5.147,96
5.134,93
1.702,102
1.524,96
1.422,102
1.562,99
1.366,95
1.493,95
1.557,98
1.473,91
1.467,90
5.566,95
5.563,85
5.530,78
5.116,90
5.352,92
5.658,93
5.733,89
5.647,87
5.615,90
5.587,94
5.596,91
5.609,89
5.652,92
5.695,91
5.687,85
5.746,87
5.796,87
5.852,88
5.908,89
6.036,85
6.053,78
6.141,70
6.187,68
6.259,58
6.333,48
6.483,41
6.459,37
6.483,40
6.483,41
6.534,48
6.535,55
6.511,63
6.545,73
6.520,73
6.513,80
6.482,84
6.476,88
6.457,89
6.413,90
6.331,89
6.357,89
6.363,90
6.364,95
6.300,88
6.369,91
6.360,94
6.407,89
6.394,91
6.456,93
6.425,92
6.510,94
6.036,85
5.852,88
5.883,84
5.954,83
5.909,79
5.908,89
6.219,91
7.084,99
7.541,95
5.729,83
5.613,61
5.616,69
5.699,97
5.587,94
5.066,80
5.064,85
5.285,84
1.137,80
1.269,72
5.503,88
5.517,86
5.572,87
1.547,71
5.571,91
1.343,70
5.559,89
1.287,65
5.449,74
5.331,78
5.380,83
4.945,86
4.969,95
5.308,105
5.330,98
5.326,103
5.303,92
5.454,98
5.518,101
5.571,102
5.500,97
5.532,105
5.557,105
5.510,79
8.796,67
8.819,53
8.900,86
8.874,86
8.896,85
8.857,82
5.565,90
5.378,88
1.106,89
1.106,99
1.289,90
1.169,91
1.224,97
1.363,100
1.307,93
1.283,89
1.150,88
5.437,94
5.400,97
5.379,98
5.343,86
5.301,75
5.441,95
5.454,104
5.359,84
5.453,88
5.362,94
5.359,89
5.359,89
5.375,82
5.409,84
5.462,94
8.502,87
8.425,81
5.076,103
5.116,107
5.051,97
4.987,89
4.909,78
4.955,77
4.977,82
4.977,82
4.951,74
4.974,73
4.977,82
4.979,76
5.036,79
1.510,93
1.521,101
1.486,89
1.429,77
1.419,70
1.258,42
1.360,38
1.284,38
1.258,38
1.258,45
1.285,51
1.260,55
1.260,56
1.260,59
1.235,58
1.260,56
1.234,51
1.234,50
1.234,47
1.182,44
1.309,44
1.360,39
1.361,49
1.363,60
1.467,68
1.438,54
1.463,50
1.157,44
1.337,57
1.337,56
1.387,59
1.414,66
1.391,69
1.374,74
1.372,73
1.426,97
1.444,108
1.465,100
1.372,87
1.352,76
1.309,42
1.360,42
1.309,41
1.286,54
1.286,57
1.311,54
1.310,52
1.276,76
1.238,90
5.840,95
5.808,89
5.765,69
5.898,74
5.862,85
5.841,86
5.911,94
5.899,97
5.931,105
1.346,91
1.495,101
1.481,98
1.346,91
1.390,90
1.299,82
1.308,84
1.321,87
1.327,88
1.263,68
1.213,69
1.242,71
1.244,72
1.238,68
1.236,65
1.236,65
1.210,63
1.185,65
1.185,62
1.184,55
1.226,77
1.308,89
1.290,95
1.263,90
1.250,92
1.422,91
1.492,90
3.723,88
1.498,91
3.704,89
3.716,91
3.710,90
3.747,92
3.741,91
3.723,88
3.723,88
3.742,87
3.737,86
3.766,87
3.733,85
3.777,89
3.777,84
3.761,86
3.757,85
3.772,88
3.761,86
3.774,83
3.815,87
3.810,86
3.870,88
3.938,91
3.934,86
4.004,85
4.080,90
4.167,88
4.250,94
4.351,90
4.539,83
4.825,81
5.321,81
5.527,76
5.289,85
5.350,97
5.383,93
5.306,78
5.375,82
5.530,78
8.359,78
8.555,74
5.415,80
5.522,87
5.571,91
5.612,94
5.717,101
5.689,107
8.421,95
5.864,107
1.086,80
1.307,93
1.157,84
1.177,78
1.159,57
1.057,51
1.110,64
1.218,81
1.261,85
1.012,86
1.093,73
1.133,48
1.060,67
1.131,84
1.181,93
1.143,91
5.840,95
1.220,96
1.188,90
1.303,117
1.322,122
1.238,90
5.876,92
1.329,83
1.118,72
1.134,55
1.058,57
1.030,45
1.058,55
1.033,66
1.061,68
1.092,72
1.009,67
1.064,70
1.059,64
1.033,62
1.059,61
1.059,65
1.084,66
1.061,68
1.023,77
1.081,79
1.081,79
1.065,71
1.102,83
1.081,79
1.124,92
1.119,87
1.046,82
1.063,86
1.119,87
1.023,77
1.037,69
1.022,76
1.019,74
1.013,70
1.064,70
0.989,71
0.966,72
0.964,71
0.989,71
1.014,71
0.963,70
0.992,73
1.015,81
1.025,78
0.995,75
0.969,74
0.995,75
0.972,76
0.955,79
0.970,75
1.033,85
0.985,80
1.101,98
1.135,100
1.140,101
1.163,107
1.159,106
1.126,104
1.163,107
1.080,99
1.058,94
1.008,85
0.990,81
0.913,70
0.883,63
0.883,64
0.908,62
0.933,64
0.933,65
0.908,60
0.932,58
0.882,57
0.957,53
0.957,54
0.882,55
0.907,57
0.857,53
0.909,67
0.944,74
0.935,80
1.074,88
1.084,100
1.126,104
1.122,103
1.137,107
1.123,110
1.115,101
1.122,97
1.092,96
1.092,96
1.062,95
0.991,91
0.987,86
0.945,82
0.900,78
0.957,53
0.957,53
0.906,50
0.933,62
1.025,83
0.998,88
0.969,74
0.983,61
1.007,56
0.957,56
0.980,79
1.058,94
1.131,112
1.205,118
1.187,120
1.159,106
1.104,105
1.135,100
1.092,96
1.036,90
0.995,82
0.966,72
0.911,69
0.945,75
1.022,76
1.022,76
0.994,74
0.970,75
1.010,80
1.020,75
0.997,76
0.970,75
0.938,70
0.991,72
1.029,89
1.071,97
1.097,97
1.092,96
0.948,77
0.957,58
0.958,60
0.856,49
0.882,55
0.857,54
0.907,54
0.857,53
0.881,50
0.831,46
0.855,41
0.855,42
0.931,37
0.930,38
0.905,39
0.860,33
0.864,28
1.007,55
0.883,64
0.833,65
0.861,69
0.948,77
0.925,83
0.941,91
1.102,111
1.060,120
1.060,120
0.986,114
1.049,117
1.041,115
0.971,110
0.953,93
0.848,77
0.858,66
0.863,70
0.819,74
0.811,69
0.811,69
0.785,68
0.811,69
0.808,65
0.788,70
0.813,70
0.833,66
0.816,72
0.789,71
0.810,68
0.814,71
0.813,70
0.808,63
0.858,63
0.808,62
0.758,66
0.783,64
0.782,59
0.806,52
0.782,53
0.806,47
0.780,44
0.811,31
0.811,31
0.859,34
0.838,29
0.859,34
0.710,32
8.382,77
8.447,86
8.492,94
8.426,91
8.405,97
8.476,102
8.244,95
7.964,85
8.228,82
1.769,53
1.870,59
1.979,71
2.001,80
1.976,69
2.001,80
1.987,76
2.095,83
2.089,75
2.007,72
2.099,89
2.089,97
2.106,95
2.073,89
2.099,89
2.176,93
2.176,93
2.139,87
2.089,82
2.011,75
2.069,83
2.051,85
2.151,99
2.094,98
2.036,74
2.023,50
1.996,41
2.022,42
2.022,41
1.971,37
2.076,36
1.979,28
16.101,76
1.903,28
2.126,39
1.970,41
1.927,29
1.853,27
2.082,29
2.080,31
1.928,28
2.022,39
2.022,39
2.023,47
1.971,47
1.971,51
2.024,59
1.998,56
2.024,54
1.972,57
1.947,55
1.971,51
1.997,48
1.971,46
1.970,42
2.025,35
1.976,24
13.623,95
13.537,83
13.510,88
13.540,93
13.510,77
13.444,58
13.393,49
13.420,62
13.394,59
13.476,71
13.472,80
13.495,85
13.497,90
13.491,89
13.479,87
13.449,86
13.447,90
13.454,87
13.465,93
13.515,93
13.474,86
13.504,87
13.449,86
13.470,85
13.487,83
13.502,81
13.509,76
13.504,73
13.475,70
13.472,68
13.470,66
13.495,65
13.495,60
13.393,51
13.444,56
13.429,73
13.407,75
13.403,72
13.400,70
1.289,13
13.445,66
13.497,68
13.494,59
13.444,57
13.462,78
1.122,20
13.559,76
13.355,73
13.332,74
13.329,72
1.187,14
13.271,64
13.246,65
1.238,17
13.246,65
13.221,62
13.196,62
13.245,59
13.270,57
1.213,24
1.071,20
1.114,30
1.115,29
1.421,26
1.594,32
1.563,43
1.716,41
1.716,42
1.767,45
1.794,57
1.844,47
1.819,52
1.820,54
1.564,49
1.259,50
1.082,50
1.031,50
0.856,49
0.906,52
0.882,56
0.858,60
0.883,62
0.858,65
0.914,71
0.889,71
0.883,64
0.908,64
0.908,65
0.908,65
0.884,67
0.914,71
0.884,67
0.913,70
0.916,72
0.936,69
0.911,69
0.989,71
0.917,73
0.961,69
0.919,74
0.936,69
0.938,70
0.936,69
0.892,73
0.910,68
0.910,68
0.911,69
0.886,69
0.908,66
0.913,70
0.916,72
0.954,84
0.985,90
0.991,91
0.942,73
1.006,52
1.262,67
1.323,74
1.135,66
1.007,57
0.982,59
1.009,67
0.933,66
0.919,74
0.938,70
0.959,67
1.010,68
1.212,68
1.519,69
1.747,69
1.824,69
1.871,65
1.870,59
1.845,59
1.820,58
1.820,53
1.820,56
1.794,56
1.830,73
1.858,82
1.899,90
1.960,97
2.042,98
1.770,85
4.881,76
4.750,71
4.863,84
4.851,91
4.859,98
4.888,99
4.838,93
4.887,93
4.882,88
4.863,89
4.863,99
4.823,101
4.848,101
4.821,95
4.818,100
4.858,88
4.852,87
4.919,90
4.940,94
4.969,95
4.920,95
4.888,84
4.818,85
4.919,90
4.936,93
4.908,98
4.891,94
4.894,90
4.875,91
4.830,97
4.808,88
4.842,94
4.792,94
4.830,97
4.862,93
4.842,94
4.826,91
4.814,89
4.887,93
4.820,90
4.925,96
4.855,97
4.838,93
4.708,76
4.596,60
10.530,80
10.331,90
10.337,91
10.311,81
10.281,68
10.378,53
10.231,80
10.146,83
10.052,50
19.938,76
20.294,89
19.825,85
19.833,91
16.933,94
1.191,19
1.061,32
1.111,34
1.005,42
0.955,45
1.005,39
0.980,40
1.005,40
1.056,39
1.056,39
1.057,50
1.058,54
1.057,52
1.007,56
1.059,62
1.007,58
1.006,51
0.981,52
0.958,61
1.010,80
1.105,93
1.083,94
1.049,88
1.055,84
1.055,84
1.071,82
1.019,74
0.994,74
0.963,70
1.009,67
0.960,68
0.963,70
0.992,73
1.022,76
0.995,82
1.055,84
1.063,86
1.068,87
1.063,86
1.074,88
1.029,84
1.059,85
1.055,84
1.030,79
1.017,73
1.013,70
1.008,61
1.059,62
1.032,58
1.058,57
1.006,49
1.057,48
0.980,43
1.005,42
0.956,37
0.905,45
0.905,45
0.956,51
0.932,53
0.932,55
0.957,57
0.908,62
0.958,63
0.958,65
0.958,66
0.964,71
0.960,68
0.985,68
0.958,65
0.958,65
0.960,68
0.933,63
0.958,62
0.958,66
0.933,63
0.907,59
0.907,56
0.933,60
0.906,52
0.906,48
0.956,46
0.906,46
0.905,41
0.930,40
0.955,38
0.909,34
0.912,30
0.940,26
0.911,24
12.812,77
12.822,85
12.772,85
12.651,86
12.636,92
12.681,87
12.542,93
12.493,105
12.402,95
12.377,95
12.394,93
12.420,99
12.420,99
12.429,101
12.399,100
12.390,104
12.390,104
12.374,100
12.379,101
12.393,105
12.393,105
12.386,103
12.386,103
12.365,98
12.361,97
12.382,102
12.404,101
12.354,101
12.345,99
12.336,103
12.345,99
12.349,100
12.311,103
12.320,99
12.365,98
12.307,91
12.314,88
12.303,86
12.336,97
12.274,100
12.279,101
12.277,95
12.279,101
12.257,96
12.307,96
12.295,99
12.270,99
12.270,99
12.304,101
12.311,97
12.304,101
12.307,102
12.264,88
12.457,102
17.320,97
12.821,94
12.618,99
12.605,102
12.750,95
12.622,85
12.389,88
12.692,93
12.551,86
12.576,86
12.674,90
12.663,104
12.642,93
12.880,102
12.884,103
12.855,96
12.546,94
12.479,101
12.482,102
12.539,98
12.563,98
12.659,97
4.890,48
4.766,39
12.572,100
12.859,97
13.010,110
15.064,100
14.031,92
13.871,95
14.045,95
14.007,92
13.905,103
13.834,98
13.665,93
13.557,97
13.561,98
13.826,96
13.863,93
14.021,95
14.001,96
14.001,96
14.422,101
14.365,106
14.593,107
14.743,107
14.721,101
14.705,92
14.605,92
14.475,91
14.445,95
14.395,95
14.272,101
14.201,109
14.195,95
14.369,90
14.553,97
7.894,70
7.994,70
7.976,82
8.099,109
10.258,86
4.497,85
4.473,85
4.415,83
4.403,86
4.444,84
4.430,81
4.444,84
4.504,81
4.465,78
4.583,82
4.522,61
4.476,31
4.372,46
4.447,54
4.459,74
4.543,84
4.537,88
4.595,94
4.605,87
4.608,97
4.608,97
4.632,97
4.599,95
4.636,98
4.617,99
4.596,100
4.531,87
4.475,80
4.460,75
4.486,76
4.499,68
4.497,62
4.446,46
4.401,32
13.998,108
10.379,100
10.342,110
10.379,100
10.378,94
10.409,101
10.437,102
4.599,69
4.460,75
4.563,78
4.463,77
4.459,74
10.275,84
10.304,85
10.286,81
10.241,82
10.321,83
10.300,84
10.382,95
10.429,100
10.423,105
10.420,104
10.492,110
10.517,110
10.475,112
10.566,123
10.484,108
10.434,101
4.596,66
4.554,81
4.575,86
4.611,88
4.567,84
4.636,98
4.670,100
4.640,93
4.611,88
4.573,80
4.553,71
4.580,73
4.627,71
4.605,73
4.618,79
4.678,91
4.649,86
4.573,80
4.632,82
4.672,80
4.656,74
4.613,78
4.573,80
4.558,82
4.575,86
4.567,89
4.675,101
4.666,89
10.158,86
10.113,87
10.149,93
10.110,71
9.652,61
9.593,83
9.698,84
9.714,82
9.729,90
9.706,86
9.818,88
10.138,87
10.041,82
10.119,88
9.674,79
9.845,83
10.066,82
10.183,86
10.419,88
9.679,80
9.716,76
9.734,81
9.694,83
10.025,79
10.263,73
10.256,80
10.558,70


10.679,18
10.776,48
10.752,55
10.728,66
10.779,67
10.778,62
10.802,55
10.778,60
10.786,72
10.770,78
10.786,91
10.725,79
10.775,79
10.753,62
10.801,50
10.625,45
10.434,25
10.404,35
10.402,49
10.403,54
10.404,61
10.409,70
10.371,78
10.356,80
10.354,85
10.333,86
10.375,89
10.357,95
10.207,95
9.268,93
8.986,77
8.908,75
10.363,73
10.294,77
10.291,82
10.230,67
10.353,53
10.276,79
10.266,82
10.315,74
10.213,73
10.269,77
10.387,96
10.257,95
10.104,85
15.111,79
15.101,82
15.056,83
15.043,86
14.931,88
14.912,89
14.883,83
14.824,91
14.791,85
14.800,87
14.713,79
14.700,87
14.668,80
14.612,89
14.615,94
14.607,98
14.541,85
14.568,80
14.558,83
14.612,99
14.556,88
14.488,84
14.488,84
14.496,86
14.463,84
14.451,73
14.429,82
14.407,88
14.426,87
14.409,83
14.459,78
14.528,82
14.556,77
20.595,79
17.515,102
17.562,108
17.495,97
17.509,90
17.545,92
17.565,87
17.633,107
17.570,92
14.793,90
14.737,89
14.740,94
14.813,79
14.792,34
10.051,40
10.205,67
10.179,62
10.246,83
10.254,60
10.246,83
10.276,79
10.254,64
10.256,68
10.286,81
10.300,89
10.299,93
10.325,84
10.266,75
10.334,70
10.258,86
10.249,93
10.243,92
10.231,90
10.221,83
10.221,83
10.283,86
10.271,78
10.244,77
10.262,72
10.268,76
10.236,81
10.244,88
10.250,89
10.253,94
10.257,95
10.212,96
10.237,96
10.206,90
10.231,80
10.254,61
10.279,64
10.268,76
10.226,79
10.207,69
10.178,55
10.126,44
10.081,33
10.077,48
10.130,67
10.166,75
10.151,79
10.131,80
10.171,83
10.166,75
10.141,75
10.184,70
10.304,60
10.309,70
10.416,97
10.354,100
10.312,96
10.263,87
10.275,89
10.219,88
10.254,85
10.423,105
10.406,107
10.338,109
10.352,106
10.250,84
10.201,79
10.253,94
10.337,102
10.334,101
13.938,93
14.033,104
13.867,94
13.901,96
13.912,105
17.285,90
17.282,94
17.216,91
17.210,90
17.210,90
17.204,89
17.303,93
17.332,94
17.216,96
17.266,91
17.441,91
17.422,92
17.374,98
17.457,94
17.602,84
17.595,76
10.053,55
10.115,74
10.176,79
10.171,78
10.212,72
10.203,58
13.873,101
10.216,97
10.423,105
10.402,106
10.313,109
10.323,105
10.294,88
9.013,83
10.175,112
10.406,107
10.337,102
10.367,110
10.287,91
10.086,81
10.066,82
10.116,75
10.178,57
9.805,68
9.868,77
10.031,80
10.003,85
9.950,84
9.971,83
10.144,88
9.969,88
9.931,80
9.465,77
9.522,79
0.126,21
0.159,23
0.164,28
0.265,26
0.207,36
0.156,37
0.205,39
0.231,37
0.155,41
0.255,44
0.206,49
0.180,44
0.181,48
0.181,48
0.156,49
0.207,54
0.206,50
0.181,51
0.207,56
0.206,51
0.156,50
0.181,52
0.207,55
0.206,52
0.157,53
0.206,52
0.182,55
0.206,52
0.207,53
0.157,54
0.181,51
0.206,47
0.231,51
0.231,46
0.256,52
0.255,45
0.206,50
0.257,55
0.257,54
0.256,52
0.257,57
0.257,55
0.257,53
0.207,59
0.182,55
0.182,57
0.207,58
0.257,55
0.257,56
0.208,61
0.207,59
0.207,55
0.232,56
0.257,53
0.257,54
0.205,45
0.255,40
0.211,31
0.388,29
0.213,25
0.161,24
8.089,53
8.342,63
8.645,66
8.945,59
8.137,39
8.038,46
8.318,67
8.395,68
8.140,54
8.062,40








20.022,58
8.668,50
8.670,66
8.681,74
8.682,82
8.631,103
8.635,98
8.548,86
8.598,86
8.569,85
8.616,79
8.605,74
8.617,51
20.073,66
20.145,79
20.205,81
20.060,82
19.991,78
19.949,61



8.113,52
8.039,55
8.697,69
8.798,69



8.291,22

16.109,41
7.893,30
8.088,46
8.011,44
15.750,82
9.004,72
9.011,77
9.011,77
9.047,85
9.022,85
8.943,79
8.975,86
9.046,94
8.923,80
10.378,57

8.952,28
8.943,44
8.970,59
8.961,77
8.907,74
8.885,77
8.903,81
8.885,77
8.856,74
8.873,69
8.820,60
8.718,36

24.866,55
24.971,70
24.950,73
24.983,78
24.997,71
24.974,72
24.867,61
0.185,17
0.159,23
0.214,28
0.159,34
0.182,36
0.183,35
0.155,38
0.205,39
0.205,38
0.205,42
0.155,42
0.155,44
0.205,40
0.180,40
0.180,41
0.205,45
0.206,46
0.155,42
0.230,38
0.158,35
0.259,23
17.063,101
17.133,100
17.291,96
17.230,79
17.187,86
17.285,80
17.298,88
17.442,87
17.417,87
17.378,93
17.499,98
17.441,96
17.438,101
17.474,104
17.530,106
19.697,79
20.424,67
11.925,66
12.000,62
11.930,25
24.794,15



8.366,53
8.418,64
8.367,60
8.448,70
8.455,82
8.410,78
8.465,79
8.445,80
8.502,73
8.470,68
8.445,68
8.455,75
8.415,79
8.401,72
8.389,79
8.440,79
8.483,77
8.457,76
8.476,72
8.599,108
8.467,94
8.633,92
8.549,70
8.555,74
8.608,76
8.744,94
8.861,98
8.699,86
8.659,76
8.641,79
8.667,79
8.704,87
8.736,83
8.687,78
8.734,77
8.852,81
8.782,82
8.716,84
8.677,81
8.777,81
8.797,68
8.753,73
8.851,71
8.746,68
8.797,80
8.792,79
8.611,78
8.636,78
8.759,77
8.768,57
8.818,49
8.971,63
9.004,72
8.882,75
8.812,78
8.817,79
8.831,74
8.928,81
8.958,75
8.910,76
8.832,75
8.810,77
8.854,87
8.841,84
8.619,65
8.673,69
8.393,62
7.861,40
7.894,29

8.793,49
8.894,58
7.786,42
7.938,57
8.015,66
8.241,66
8.846,67
7.102,76
7.309,89
10.204,63
10.326,79
6.886,36
17.660,86
10.152,52
10.404,63
10.487,72
6.791,86
7.109,99
9.194,84
9.185,82
9.165,78
6.715,95
6.695,96
6.610,94
6.461,85
6.353,78
6.373,82
6.390,86
6.410,94
6.398,97
6.423,97
6.369,91
6.485,94
6.444,96
6.363,90
6.565,86
6.757,93
6.824,103
6.854,111
6.842,108
6.787,85
6.877,88
6.896,87
6.883,89
6.951,92
6.920,91
6.883,84
6.687,66
6.958,89
6.996,87
7.136,106
9.129,81
6.858,84
6.836,94
6.733,89
6.620,87
9.188,77
9.124,80
9.131,73
6.914,90
6.771,87
6.877,88
6.619,91
6.625,92
6.619,91
6.595,87
6.576,88
6.557,89
6.639,95
6.601,88
6.613,90
6.686,94
9.262,76
6.598,97
6.669,102
9.311,82
10.486,81
9.975,79
9.432,81
9.528,80
9.597,84
10.181,90
9.414,76
9.417,78
9.685,91
10.649,99
10.642,92
10.615,82
6.198,82
6.389,95
6.398,97
6.511,100
6.350,92
10.574,89
10.513,87
10.433,86
10.386,81
10.244,88
9.487,82
8.958,82
8.576,81
8.581,82
8.619,85
9.126,86
9.244,84
9.210,75
9.316,83
9.333,87
9.555,86
9.555,86
9.029,81
9.101,86
9.068,84
8.682,82
8.576,81
8.548,86
8.677,81
9.304,70
10.027,58
6.560,94
6.484,106
6.444,96
6.469,96
6.402,104
9.218,93
9.169,89
9.213,88
9.230,81
9.194,84
9.190,78
9.215,83
6.575,92
10.612,87
10.354,85
6.589,95
6.527,104
9.181,91
8.968,79
6.478,83
6.482,84
9.232,73
9.188,77
6.576,88
6.494,91
8.917,89
9.074,107
8.917,99
8.941,93
11.409,91
11.415,92
11.397,89
11.446,93
11.466,88
8.979,102
8.860,88
8.827,81
8.722,90
8.615,84
8.734,92
8.728,96
8.711,98
8.626,81
8.631,75
8.586,78
8.628,87
6.306,99
6.235,94
6.163,90
6.061,85
7.751,97
7.714,100
7.780,104
8.531,103
8.666,99
8.779,96
6.119,102
6.101,88
6.170,87
6.318,102
6.305,105
8.724,86
8.799,86
8.777,81
8.772,80
8.782,82
8.834,92
8.893,106
8.904,96
11.409,91
11.422,99
11.459,102
11.443,78
11.478,80
11.466,88
8.970,94
7.158,93
7.238,85
7.284,89
7.205,78
7.242,86
7.347,96
7.347,96
7.112,94
7.378,92
7.428,92
7.271,91
7.373,109
7.391,107
7.296,91
7.184,84
7.192,86
7.247,87
7.327,92
7.328,88
7.353,92
7.321,91
7.259,84
7.215,80
7.203,77
7.255,78
7.227,76
7.250,75
7.247,87
7.228,88
7.265,90
7.337,94
7.327,92
8.828,96
7.277,92
7.259,89
7.297,87
7.253,88
7.272,87
7.259,84
7.303,88
7.315,90
7.385,89
8.926,101
8.917,99
7.180,83
7.174,74
7.200,75
7.284,89
7.491,107
8.872,90
8.792,79
8.829,87
8.812,83
8.929,102
8.946,85
19.591,77
8.670,61
8.611,78
8.672,80
8.571,80
8.559,88
8.548,86
8.628,87
8.666,89
8.670,85
8.729,87
8.904,102
10.312,91
10.166,82
9.467,78
9.439,76
9.465,77
9.477,80
9.465,77
9.432,81
9.425,85
9.231,91
8.803,91
8.615,89
8.468,85
8.427,87
8.418,85
8.450,81
8.420,80
8.502,87
8.514,89
8.495,90
8.493,85
8.470,80
8.408,77
8.378,74
8.341,59
8.393,65
8.407,76
8.382,77
8.393,64
8.543,57
8.457,76
8.425,81
8.350,72
8.365,48
8.289,40
11.274,51
11.251,63
8.815,105
8.779,102
8.571,80
8.566,79
8.558,76
8.559,77
8.651,71
8.642,49
8.553,73
8.577,72
8.492,56
8.490,79
8.521,80
6.280,105
6.262,90
6.262,90
6.239,86
6.277,83
6.089,69
12.706,87
12.847,85
12.597,85
12.601,86
6.185,63
6.158,79
6.316,108
6.295,109
6.297,97
8.514,84
8.571,90
8.548,86
8.485,78
8.510,78
8.602,91
8.518,56
8.543,56
8.493,66
8.556,75
8.615,84
8.657,82
8.862,78
8.494,67
8.716,84
8.631,82
8.626,81
8.608,76
8.660,77
8.609,77
8.605,74
8.594,85
8.691,89
8.666,84
8.577,72
8.581,82
8.492,55
8.675,70
8.710,88
8.690,93
8.691,89
8.759,92
8.753,91
8.697,80
8.676,71
8.650,70
8.672,80
8.776,101
8.813,111
8.754,109
7.290,107
8.803,96
8.757,97
8.748,95
7.316,95
7.304,104
7.334,99
7.187,94
8.636,78
8.690,93
6.144,91
6.223,97
6.038,80
5.995,72
7.249,74
7.238,85
7.163,85
7.209,89
7.221,91
7.172,87
7.147,73
7.139,67
7.118,70
7.175,75
7.190,80
7.170,81
7.184,84
7.170,81
7.163,85
7.175,82
7.188,85
7.242,86
7.103,88
6.219,96
6.899,97
7.155,78
7.234,84
7.155,78
7.150,82
7.237,94
8.596,90
8.627,91
8.639,93
7.117,86
7.283,93
7.279,98
7.246,96
6.862,100
6.318,102
6.288,107
6.552,98
8.615,84
8.598,86
8.586,83
8.590,84
8.594,85
8.540,84
8.546,80
8.586,83
8.578,87
8.559,77
8.601,81
8.566,79
8.615,89
8.670,100
8.750,108
8.666,99
8.534,77
8.489,84
8.508,88
8.450,81
8.415,79
8.402,73
8.415,79
8.493,100
8.524,101
8.487,105
8.387,93
8.341,94
8.329,97
8.304,75
12.784,75
12.851,86
12.874,90
12.850,95
12.880,96
12.938,98
12.850,95
12.859,97
12.897,100
12.930,91
12.899,80
12.689,78
12.574,80
12.597,85
12.513,77
12.533,74
12.530,72
12.555,72
12.523,66
12.498,66
12.507,73
12.495,79
12.462,76
12.547,66
12.376,15
21.107,73
7.987,46
8.018,69
7.956,78
7.956,78
7.953,76
7.979,77
7.972,72
8.006,83
8.062,79
8.030,77
12.348,55
12.301,68
12.391,83
12.326,90
12.308,87
12.301,90
12.344,93
12.333,87
8.114,94
8.048,96
8.141,100
8.207,98
8.185,105
8.174,102
8.224,102
8.186,93
8.094,86
7.998,73
7.989,64
8.032,83
7.965,67
7.951,75
7.972,72
7.998,73
8.001,82
8.040,85
7.990,67
8.015,63
8.014,55
8.012,48
7.963,57
7.988,58
8.039,59
7.938,58
7.986,43
7.988,55
7.989,62
7.998,73
7.973,73
7.961,79
7.976,75
8.022,81
7.973,73
8.018,69
8.011,79
8.065,85
7.973,87
12.377,95
12.313,92
12.302,95
8.171,101
8.090,100
7.981,83
7.939,65
7.941,68
7.953,76
8.003,76
7.966,68
7.988,57


19.973,58
20.775,68
21.073,62
12.697,35
12.569,43
12.471,46
12.446,50
12.500,68
0.156,47
12.510,75
12.498,65
12.545,48
12.500,33
21.122,58
12.595,46
12.728,71
12.733,74
12.736,76
12.759,75
12.744,79
12.749,80
7.950,74
8.029,92
8.009,93
8.010,89
7.954,77
7.950,74
7.926,75
7.973,73
7.914,62
7.869,70
7.895,71
7.814,63
12.447,59
12.446,49
12.421,38
21.215,21
20.995,45
12.495,40
12.471,52
12.487,76
12.457,73
12.855,72
12.829,81
12.847,85
12.796,94
12.838,98
12.813,98
7.130,83
7.137,94
7.127,92
7.030,83
7.002,77
7.125,97
7.075,97
7.053,88
7.097,87
7.122,87
7.117,86
7.115,90
7.097,87
7.059,89
7.077,92
7.087,94
7.159,99
7.104,98
7.171,102
7.211,106
7.251,110
7.240,107
8.405,97
8.445,90
8.546,107
8.585,104
8.624,108
8.585,104
12.348,94
12.390,98
12.465,98
12.513,92
8.236,93
8.308,98
8.245,86
8.191,85
8.312,93
8.405,103
8.263,79
8.309,78
8.329,75
8.353,74
8.309,78
8.306,76
8.374,81
8.342,85
8.379,82
8.371,86
8.443,85
8.468,85
8.451,96
8.410,78
8.435,78
8.393,85
8.369,80
8.388,84
7.178,88
7.053,88
6.969,81
6.999,82
7.045,81
7.103,88
7.034,84
7.015,80
7.084,89
7.038,85
7.015,80
7.213,100
7.078,88
7.065,80
7.972,91
7.134,89
7.084,84
7.084,84
7.115,90
7.075,82
7.065,80
7.121,91
7.133,93
7.065,90
7.025,97
7.065,90
7.096,96
7.050,97
7.077,92
7.050,82
7.109,89
7.085,79
7.168,101
7.129,104
7.016,95
6.964,90
7.008,89
6.991,86
7.008,89
6.991,86
6.952,88
6.974,82
6.966,86
6.958,89
7.008,89
6.949,82
7.038,85
6.964,80
7.022,87
7.065,90
7.065,90
7.034,84
7.004,83
7.038,85
-99999999
7.034,84
6.983,84
7.053,88
7.008,89
6.976,92
7.037,94
6.995,96
7.041,95
7.037,94
7.015,80
7.004,78
7.127,92
7.146,91
7.070,81
6.920,72
6.983,84
6.964,90
7.013,85
7.013,85
7.004,83
7.013,85
6.996,87
7.013,85
7.008,89
6.969,81
6.979,83
6.914,90
6.926,92
6.896,87
6.887,85
6.962,100
7.021,102
6.887,85
6.841,86
6.874,82
6.864,90
6.942,108
7.004,111
6.958,99
13.361,98
13.378,96
13.287,104
13.711,83
13.361,98
13.337,104
13.346,85
13.324,31
19.724,55
13.268,79
13.248,90
13.238,111
13.238,111
13.121,100
13.146,100
13.258,103
11.925,100
11.845,93
11.833,91
11.750,85
11.720,93
11.887,103
13.952,87
12.771,94
12.902,101
11.771,99
11.684,87
12.032,102
11.883,96
11.727,90
11.689,92
11.752,90
11.715,88
11.749,94
11.837,97
11.745,93
11.666,98
11.703,95
11.664,92
11.658,96
11.662,97
11.633,91
11.674,94
11.696,99
11.696,99
11.725,100
11.883,102
11.796,99
11.700,85
11.824,94
12.277,95
12.215,98
12.082,102
11.805,101
11.696,89
11.830,108
11.783,102
11.700,85
12.008,96
12.081,115
12.081,115
11.908,72
11.873,50
13.893,62
12.094,93
11.971,89
11.971,84
13.528,102
13.696,90
13.422,90
13.342,89
13.584,92
12.176,107
12.101,107
12.126,107
12.122,106
12.137,110
12.154,108
12.165,104
12.108,109
12.120,112
7.889,100
12.039,117
12.025,100
12.149,113
12.082,96
12.077,95
12.132,102
12.143,105
12.181,115
12.037,110
11.877,90
11.767,83
11.904,86
11.850,85
11.850,85
11.796,84
11.812,82
11.825,85
11.933,102
12.019,105
12.041,111
12.051,107
13.839,84
7.839,61
7.885,84
7.841,90
7.914,100
7.894,101
7.902,110
7.891,107
7.756,83
7.736,79
7.686,79
7.736,79
7.726,82
7.602,76
8.010,112
7.910,112
7.767,95
7.748,87
7.710,89
7.743,86
7.668,101
7.541,107
7.046,96
6.849,97
6.683,84
6.694,81
6.679,78
6.709,79
6.603,78
11.737,82
11.690,88
7.852,110
7.833,118
7.259,99
7.053,88
6.904,78
7.078,88
7.763,94
7.640,80
7.609,89
7.572,87
7.484,93
6.862,85
6.751,76
6.774,82
6.858,89
6.928,104
6.953,104
6.849,97
6.759,79
6.762,85
6.758,84
6.751,92
6.732,93
6.736,94
6.790,95
6.786,94
6.739,90
6.786,94
6.751,92
6.770,91
6.758,89
6.776,92
6.789,90
6.776,92
6.776,92
6.811,94
6.764,90
6.758,89
6.790,95
6.732,93
6.770,102
6.695,96
6.745,96
6.732,93
6.720,96
6.726,92
6.766,86
6.849,97
6.974,103
7.147,109
7.193,108
7.537,106
7.876,103
7.872,102
7.901,103
7.880,104
7.912,106
7.948,109
7.923,109
7.956,111
7.927,110
7.906,111
7.906,111
7.772,96
7.670,81
7.693,86
7.698,87
7.634,89
7.472,91
7.012,94
6.789,90
6.708,84
6.699,82
6.737,85
6.737,85
6.791,86
6.737,85
6.774,82
6.783,84
6.791,86
6.787,85
6.769,81
6.758,84
6.729,83
6.758,84
6.704,83
6.729,83
6.721,87
6.696,87
6.683,84
6.770,91
6.764,90
6.739,90
6.733,89
6.670,87
6.691,86
6.665,86
6.687,85
6.808,89
7.258,93
7.463,94
7.464,85
7.510,79
7.480,83
7.485,89
7.559,89
7.464,85
7.484,84
7.492,86
7.672,109
12.017,111
12.008,96
11.491,88
11.717,83
7.200,97
7.268,101
7.208,93
7.150,75
7.180,83
7.209,84
7.265,90
7.145,81
7.177,92
7.229,104
7.428,92
7.450,75
7.538,85
7.540,80
7.493,70
7.615,90
7.641,95
7.416,80
12.756,87
12.830,91
12.856,87
12.709,75
12.706,73
13.587,83
11.758,96
11.852,107
11.783,102
11.614,76
11.764,92
13.578,102
13.662,111
11.641,104
11.527,90
11.522,89
11.583,91
11.700,100
11.549,94
11.510,87
11.648,106
13.503,102
12.967,93
12.759,97
12.730,96
12.718,89
12.968,89
13.454,87
13.572,80
13.592,79
13.592,79
13.547,90
13.536,104
13.373,95
13.179,91
13.579,87
11.717,111
11.637,103
11.453,80
11.510,87
11.521,93
11.522,99
11.526,100
11.558,91
11.550,85
11.450,57
11.550,65
11.595,93
11.545,93
11.650,100
11.771,112
13.767,106
11.388,97
11.513,97
11.497,99
11.608,102
11.522,89
11.546,89
11.565,88
11.630,101
11.590,88
11.523,79
11.510,87
11.574,94
11.553,95
11.571,99
11.574,94
11.537,82
11.505,86
11.503,90
11.503,80
11.490,92
11.598,106
11.654,86
13.715,79
11.493,78
11.525,94
11.478,90
11.475,94
11.446,93
11.446,93
11.546,99
11.562,97
13.838,93
13.813,93
13.846,95
13.834,98
11.682,115
11.458,81
11.600,85
11.583,91
11.516,88
11.558,91
11.501,85
11.483,81
11.658,96
11.584,87
11.624,94
11.550,85
7.188,85
7.129,98
7.255,111
7.193,108
7.218,108
7.196,102
7.158,93
7.065,80
7.122,87
7.045,81
7.070,81
7.080,83
7.084,84
7.063,85
7.047,87
7.063,85
7.084,84
7.171,102
7.276,110
7.218,101
11.713,110
11.666,98
11.562,82
12.961,92
12.950,95
7.162,94
7.016,69
7.040,68
7.097,87
6.987,66
7.038,85
6.958,84
6.896,73
6.929,83
6.952,88
6.939,80
6.914,80
6.969,81
7.097,87
7.246,91
7.310,79
7.364,85
7.213,64
12.980,102
6.533,79
6.531,93
6.448,82
6.465,86
6.445,87
6.933,89
6.561,85
6.490,86
6.551,88
6.457,89
6.526,88
6.531,93
6.563,80
6.598,97
6.523,82
6.543,81
6.540,86
6.625,92
6.675,92
6.708,99
6.712,100
6.678,104
6.712,100
6.690,95
6.625,92
6.581,93
6.557,89
6.557,84
6.585,94
6.563,90
6.538,90
6.638,90
6.501,88
6.519,91
6.669,91
7.275,103
7.304,98
7.347,91
7.360,89
7.451,97
7.109,89
7.142,86
6.977,88
6.801,92
7.292,86
7.353,92
7.526,103
7.552,110
7.544,108
7.410,84
7.443,86
7.441,90
7.488,85
7.546,91
7.553,88
7.621,96
7.717,114
7.666,114
7.698,109
11.759,109
7.659,99
7.634,99
7.533,93
7.526,97
7.503,92
7.373,87
7.295,81
7.344,71
7.373,73
7.398,73
7.386,79
7.378,76
7.406,78
7.378,76
7.475,82
7.503,88
7.559,99
7.530,83
7.465,80
7.488,85
7.460,84
7.435,89
7.454,88
7.391,90
7.368,86
7.379,88
7.364,85
7.292,86
6.824,82
6.468,81
6.451,88
6.382,89
6.363,90
6.419,91
6.535,94
7.075,97
7.227,92
7.296,96
7.321,96
7.384,93
7.334,84
7.334,89
7.347,96
7.315,90
7.322,87
7.309,89
7.284,84
7.401,97
7.419,101
7.409,93
7.334,89
7.265,90
7.155,78
7.197,87
7.184,89
7.152,92
7.153,88
7.263,85
7.185,79
7.140,90
7.254,98
7.318,101
7.255,83
7.170,81
7.265,80
7.288,85
7.303,88
7.275,82
6.884,79
6.814,80
6.953,98
7.041,95
6.834,79
6.833,89
6.777,77
6.791,86
6.814,90
6.945,96
7.113,63
7.250,82
7.284,84
7.259,84
7.427,110
7.284,84
11.254,90
11.253,80
12.221,45
11.263,75
11.119,78
11.255,95
11.495,105
11.191,76
11.803,95
11.513,103
11.235,91
11.185,91
11.173,89
11.173,89
11.198,84
11.186,87
11.156,86
11.144,83
11.169,83
11.167,88
11.156,86
11.156,86
11.154,80
11.226,94
11.197,93
11.241,92
11.359,96
11.662,97
11.247,84
12.107,96
11.381,101
11.176,94
11.160,91
11.280,86
11.232,71
12.246,79
12.544,79
11.051,58
11.278,17
13.333,82
13.337,104
13.379,109
13.358,110
11.619,118
11.553,114
11.459,91
11.405,86
11.450,55
11.440,92
11.563,110
11.555,108
11.285,102
11.329,95
11.255,86
11.235,91
11.367,104
11.392,104
11.238,82
11.206,86
11.230,95
11.276,85
11.317,98
11.378,107
11.298,79
7.046,91
7.100,97
7.092,86
7.019,71
7.015,80
6.995,91
7.002,88
6.983,89
6.926,92
6.945,91
6.937,85
6.952,88
6.914,90
6.951,76
7.046,72
7.238,85
7.225,82
7.130,83
7.145,81
7.143,70
7.290,80
7.089,67
7.020,81
7.302,92
7.063,85
6.937,85
6.858,84
6.921,87
7.033,93
6.996,87
6.983,84
6.983,84
7.034,84
7.084,84
7.080,83
7.167,86
7.246,91
7.228,88
7.271,96
7.309,99
7.366,107
7.377,110
7.321,102
7.268,101
7.159,89
7.147,87
7.159,84
7.153,88
7.125,82
7.142,86
7.165,90
7.140,90
7.115,80
7.228,88
7.369,101
7.165,90
7.147,87
7.142,86
7.125,82
7.080,78
6.892,101
6.746,109
6.837,100
7.087,94
7.221,96
7.241,95
7.191,95
7.191,95
7.183,93
7.158,93
7.158,93
7.187,94
7.134,89
7.183,93
7.097,87
7.115,90
7.088,85
7.080,83
7.053,88
7.053,88
7.071,91
7.112,94
7.263,100
6.986,94
7.008,99
6.964,68
6.877,88
6.970,91
7.109,84
7.027,92
7.015,90
7.200,97
7.047,87
6.959,79
6.991,86
7.015,90
6.991,86
7.034,84
7.201,110
7.207,105
7.284,112
7.313,113
7.159,89
7.125,82
7.094,71
7.140,80
7.142,86
7.147,87
7.130,83
7.190,90
7.165,80
7.128,77
7.097,73
7.233,93
7.233,93
7.065,80
6.926,92
6.991,86
6.891,86
6.927,88
6.907,93
6.899,97
6.982,93
6.995,96
6.970,91
6.976,92
6.995,91
6.976,92
6.982,93
6.907,93
6.846,87
6.937,85
6.873,74
6.958,84
6.953,98
6.991,86
7.002,88
6.927,88
6.895,91
6.936,94
6.964,90
6.996,87
6.849,82
6.896,87
7.090,90
7.092,86
7.140,68
7.338,61
6.958,84
6.796,87
6.826,92
6.770,91
6.814,90
6.771,87
6.802,88
6.783,84
6.796,87
6.779,83
6.709,79
6.729,78
6.752,88
6.924,103
6.776,92
6.585,55
6.535,56
6.695,72
6.816,86
6.779,83
6.935,106
6.849,97
6.741,86
6.885,106
6.985,119
11.054,90
11.132,101
11.205,114
19.359,96
13.273,90
13.329,102
13.280,109
10.968,88
10.962,87
11.177,113
11.168,98
10.809,71
10.958,70
22.030,87
22.274,95
22.616,84
22.329,96
22.553,91
22.582,97
22.248,90
22.005,91
22.154,102
22.919,94
22.816,84
22.323,80
22.304,91
22.230,87
22.298,90
22.304,102
22.354,102
22.698,95
21.139,98
21.153,101
24.334,78
24.514,79
24.534,83
24.599,81
24.664,79
24.499,81
24.476,87
21.905,91
21.842,93
11.000,38
10.953,63
10.940,75
10.934,71
11.010,81
10.936,96
10.924,99
10.940,97
10.952,94
10.870,78
21.759,97
21.817,93
22.872,90
23.021,90
24.013,84
23.656,82
22.000,95
21.934,97
6.986,54
7.021,72
7.055,83
7.059,89
7.038,85
7.009,79
7.049,74
7.100,75
7.047,87
7.034,89
7.042,86
7.004,83
6.986,54
7.038,63
7.038,62
7.065,68
7.038,65
7.038,64
7.037,57
7.036,50
7.037,57
6.995,72
6.951,76
6.892,70
6.812,60
22.926,71
22.945,85
6.961,58
6.954,78
6.909,79
6.908,84
6.879,83
6.887,85
6.945,102
6.864,90
6.819,81
6.764,90
6.758,89
6.808,89
6.944,115
6.860,106
6.806,105
6.669,102
6.623,82
6.593,81
6.536,66
6.660,55
6.849,103
7.015,107
6.914,90
6.852,88
6.704,78
6.733,84
6.683,89
6.764,90
6.827,88
6.902,88
6.995,96
6.902,88
6.939,90
6.891,86
6.883,89
6.887,85
6.920,91
6.871,87
6.961,94
6.976,92
6.982,93
6.939,90
6.791,86
6.733,84
6.724,82
6.679,78
6.714,80
6.696,87
6.670,87
6.669,91
6.683,89
6.745,91
6.701,92
6.737,85
6.740,95
6.837,85
7.380,98
6.889,90
7.210,79
7.105,78
6.920,91
6.851,92
7.237,94
6.957,93
6.882,93
7.088,100
7.271,102
7.088,100
6.839,90
6.836,94
7.008,99
7.184,99
7.337,94
7.303,88
6.929,83
6.824,82
6.758,84
6.795,91
6.749,97
6.753,98
6.853,98
6.971,87
7.170,81
6.995,72
6.764,80
6.791,86
6.808,89
6.870,91
6.862,85
6.783,84
6.787,85
6.882,93
6.952,88
7.059,99
7.268,108
7.263,100
10.716,110
10.737,109
10.649,89
10.661,96
10.655,107
10.758,108
10.806,114
10.778,113
10.794,104
10.705,90
10.693,88
10.687,87
10.687,87
10.786,102
10.828,113
10.845,124
10.824,125
10.758,108
7.487,119
7.464,113
7.250,82
6.996,87
6.876,92
7.008,99
6.912,85
6.883,89
6.902,88
6.933,84
7.150,82
6.909,79
6.908,84
6.927,88
6.933,84
6.933,84
7.084,84
7.155,83
7.172,87
7.221,91
7.216,95
7.183,93
7.040,90
6.914,80
6.929,83
6.937,85
6.901,92
6.920,91
6.924,82
6.904,78
6.845,72
6.904,78
6.887,85
6.877,88
6.926,92
6.939,90
6.921,87
6.920,91
6.908,89
6.862,85
6.957,93
6.927,88
6.951,92
6.921,87
6.939,90
6.896,87
6.895,91
6.883,89
6.899,97
6.870,91
6.901,92
6.932,93
6.889,90
6.876,92
6.882,93
6.883,89
6.926,92
6.924,97
6.853,98
6.889,90
6.927,88
7.140,90
7.190,90
7.203,88
7.263,85
7.334,89
7.190,90
7.192,86
7.391,90
7.721,81
7.748,73
7.689,62
7.690,67
9.664,103
7.341,95
7.259,99
7.304,98
7.364,100
7.394,101
7.292,86
7.228,88
7.222,87
7.200,82
7.313,85
7.354,88
7.348,87
7.296,96
7.237,94
7.177,92
7.165,80
7.272,109
7.184,99
7.088,85
6.932,93
6.846,87
6.858,99
6.808,112
6.865,114
6.848,116
6.928,104
7.032,105
6.964,90
6.946,87
6.982,93
6.928,104
6.876,92
6.799,82
7.002,88
7.209,89
6.774,97
6.663,107
6.702,88
7.159,84
7.130,83
7.059,89
6.995,91
6.970,91
7.008,89
7.059,89
7.103,88
7.127,92
7.122,87
7.177,92
7.146,91
7.183,93
7.237,94
7.277,92
7.338,85
7.309,84
7.147,87
7.047,87
7.213,100
7.254,98
7.130,78
7.088,85
7.115,90
7.115,90
7.434,93
7.603,88
7.672,87
7.553,88
7.640,90
7.685,89
7.572,87
7.534,89
7.470,81
7.443,86
7.473,87
7.484,84
7.522,87
7.588,85
7.760,99
7.814,100
7.912,106
7.733,105
7.472,102
7.137,94
6.991,86
6.983,84
6.983,84
7.017,86
7.028,88
7.030,83
7.078,88
7.042,86
7.035,79
7.063,85
7.072,87
7.053,88
7.091,95
7.040,90
7.058,93
7.083,93
7.071,91
7.137,94
7.165,90
7.234,89
7.152,92
7.033,93
7.072,87
7.175,103
7.087,94
7.084,84
6.942,70
6.987,63
6.946,73
9.751,94
6.912,85
7.050,97
7.086,106
12.652,108
7.100,103
7.079,104
6.995,96
6.896,87
6.987,85
7.002,88
6.957,93
6.995,96
6.949,97
6.914,90
6.965,95
6.995,91
7.287,94
7.171,91
6.958,89
6.940,95
6.940,95
5.130,104
5.237,106
5.208,105
5.198,109
5.248,109
5.223,109
5.226,103
5.230,104
5.191,107
5.122,102
5.183,105
5.122,91
5.048,73
5.071,81
5.151,97
5.151,103
5.192,95
7.821,81
7.826,82
5.173,87
5.067,95
5.217,95
5.076,82
5.013,54
5.021,81
5.052,103
5.022,91
5.048,87
5.064,100
5.144,101
5.219,101
4.942,68
5.007,78
5.034,93
5.048,87
5.048,87
5.042,95
5.076,103
5.226,103
7.793,86
7.836,79
7.840,34
15.008,111
14.928,103
14.908,111
14.957,98
19.114,82
18.992,76
18.949,89
18.880,80
18.828,85
18.765,82
18.693,77
18.646,78
18.787,87
19.600,94
19.816,98
19.689,92
19.513,103
19.026,94
18.800,79
19.304,90
19.189,97
24.316,94
19.222,93
15.038,94
14.958,83
14.962,89
14.941,85
14.953,103
14.950,109
14.944,114
14.944,114
14.919,114
14.937,112
14.910,105
14.989,106
14.944,95
14.907,98
14.949,102
14.944,114
14.904,110
14.896,108
14.954,110
14.946,108
14.878,103
14.908,111
14.927,116
14.908,111
9.802,94
9.736,87
9.641,77
9.618,78
9.588,75
9.591,77
9.667,88
5.151,103
5.141,107
5.048,102
4.961,93
4.955,92
4.974,91
4.940,94
4.974,91
4.928,74
4.939,55
5.080,98
5.091,107
4.929,82
4.986,84
5.097,96
5.042,95
5.047,91
5.079,88
5.005,92
4.999,96
4.949,96
4.986,93
4.962,89
4.929,82
4.962,84
4.981,88
4.943,80
4.918,67
4.864,44
7.748,87
7.801,97
7.808,105
7.875,116
7.562,106
6.796,73
6.724,82
6.769,81
6.886,94
5.087,106
5.102,110
5.015,100
4.982,104
4.982,104
4.989,106
4.993,107
5.110,112
5.102,110
5.252,123
5.497,109
5.130,104
5.082,111
5.217,114
5.212,119
5.217,114
5.173,109
7.814,100
7.887,106
7.883,105
7.734,93
7.701,97
7.743,86
7.675,75
7.729,88
7.914,100
7.876,103
7.973,109
10.244,88
10.316,82
10.253,94
9.634,91
9.657,101
9.773,99
10.220,104
9.950,84
9.904,60
9.929,63
10.193,76
10.203,94
10.179,100
10.245,104
10.354,100
10.219,88
10.291,103
15.305,98
15.431,83
15.418,86
15.305,98
12.708,116
12.654,115
10.112,91
10.024,84
10.055,100
9.631,101
8.785,88
8.740,84
8.810,88
8.809,92
8.835,88
8.886,104
8.915,105
9.005,109
8.890,93
8.816,89
8.724,86
8.691,89
8.703,91
8.660,88
8.734,92
8.848,95
8.844,94
8.829,87
9.962,91
10.362,96
10.318,92
9.937,72
10.159,101
9.979,85
9.956,80
9.936,81
9.963,87
10.071,104
10.221,124
10.263,122
10.229,113
15.277,110
15.258,105
15.285,99
15.347,91
15.304,77
9.554,31
9.750,46
20.350,80
20.488,88
20.920,79
21.110,82
22.142,99
8.490,39
8.626,81
8.832,82
9.572,99
9.376,90
9.181,96
10.023,105
9.975,99
9.823,93
9.584,91
9.736,109
10.016,97
10.099,93
10.031,90
10.102,106
10.275,112
10.213,109
12.749,107
15.514,66
15.448,73
15.497,72
15.565,90
19.118,104
23.760,83
15.485,84
15.554,98
15.584,89
15.546,96
15.659,99
19.173,84
15.654,98
15.567,86
15.600,97
15.609,99
15.584,84
15.590,80
15.516,80
15.750,97
15.741,95
15.646,96
15.688,100
15.740,107
15.575,103
15.601,110
15.529,104
15.516,80
15.634,99
15.567,86
15.496,81
15.511,79
15.489,85
15.485,99
15.553,88
15.693,101
15.517,95
15.506,111
15.597,73
15.491,68
15.572,87
15.584,89
15.608,93
15.679,98
15.729,104
15.750,97
15.642,86
15.603,88
15.629,98
18.903,85
19.292,88
19.088,74
19.124,79
18.933,70
18.865,82
19.227,85
14.800,87
14.874,102
14.812,99
14.691,100
14.669,95
14.691,100
14.678,103
14.655,92
14.713,79
14.687,89
14.703,97
14.666,100
14.687,84
14.699,96
14.718,107
14.716,100
14.668,90
14.778,103
14.796,108
14.774,102
14.749,96
7.460,39
7.637,57
7.537,56
7.738,36
7.611,52
7.614,67
14.868,68
14.962,84
14.921,108
12.652,121
12.368,105
12.610,110
10.165,116
9.667,88
9.677,85
10.213,109
9.578,80
9.412,75
9.534,91
9.433,91
9.409,87
9.471,99
9.744,124
9.529,95
9.584,91
10.007,86
9.907,95
9.981,90
9.890,97
10.043,110
10.055,100
10.337,96
10.126,79
10.392,110
10.316,97
10.406,107
12.674,107
12.688,104
12.474,100
12.493,105
12.618,112
10.531,114
10.444,117
10.421,111
12.179,108
12.025,66
12.121,79
15.172,102
15.063,106
15.068,114
12.093,118
12.160,116
12.077,114
12.270,112
12.131,81
12.158,87
12.165,98
12.226,107
12.254,108
12.295,112
12.314,117
12.337,110
12.220,89
12.000,100
11.963,110
11.971,99
8.467,94
8.598,86
8.636,83
8.555,74
8.565,84
8.628,73
8.693,55
8.267,64
8.325,72
8.378,74
14.924,102
14.870,86
14.962,79
14.990,94
8.716,89
8.628,87
8.608,76
8.553,73
8.652,81
8.660,77
8.704,87
8.724,86
8.722,90
8.766,99
8.776,101
8.825,101
8.765,93
8.721,80
7.385,84
7.363,94
7.405,98
7.385,89
7.401,97
7.389,100
7.448,87
7.391,80
7.423,87
7.446,72
7.550,75
7.590,80
7.605,78
7.537,59
7.562,57
7.337,58
7.436,49
7.475,75
7.547,87
7.530,83
7.572,87
8.287,93
7.650,97
7.872,91
7.398,73
7.466,90
7.453,92
7.428,92
7.438,94
7.429,77
15.278,92
15.246,81
15.275,74
19.186,87
19.164,82
18.905,90
18.912,109
18.830,90
19.301,94
19.363,82
18.725,79
14.562,89
14.591,85
14.615,94
14.616,100
14.575,87
14.520,69
14.500,91
14.541,100
14.557,104
14.554,110
14.573,115
14.575,109
14.494,107
14.458,98
14.607,104
21.267,105
20.975,90
21.010,97
24.598,71
24.522,70
24.519,68
20.340,78
20.327,86
20.305,81
20.254,71
20.284,74
20.260,75
20.300,80
20.305,81
20.290,78
20.273,85
20.372,94
24.503,74
24.481,76
24.522,70
24.517,62
24.604,75
24.648,71
21.484,75
18.990,82
19.048,89
14.506,76
14.483,98
14.454,97
14.472,101
14.504,103
14.543,107
14.521,108
14.537,99
14.517,100
14.492,100
14.523,81
21.368,84
21.574,90
19.073,99
18.993,88
18.918,77
19.021,105
19.055,95
19.129,90
25.142,80
18.845,78
18.768,88
18.596,78
18.611,81
26.153,92
24.106,92
26.039,66
18.230,66
23.569,65
24.049,81
20.623,85
20.881,102
20.868,93
20.468,93
20.488,88
24.773,71
24.692,64
24.667,63
24.716,56
24.766,57
24.766,58
24.767,62
24.866,59
20.210,82
20.285,97
20.939,98
20.857,87
7.488,65
7.419,70
7.403,76
7.401,75
7.289,23
25.966,67
23.942,94
19.164,103
18.704,85
18.782,86
18.773,93
18.477,79
21.287,77
20.782,87
14.524,96
14.436,105
14.433,104
14.444,90
14.524,102
14.533,111
14.524,102
14.434,83
21.269,79
21.402,101
21.206,96
12.298,36
9.588,103
9.395,84
9.415,88
8.514,112
8.354,97
8.509,98
9.584,96
9.669,111
9.704,107
9.754,107
11.930,101
12.047,106
12.584,116
12.401,107
12.357,102
12.390,104
15.084,93
14.980,92
10.020,104
9.977,106
9.805,80
9.865,82
10.038,102
10.002,106
9.975,112
8.487,105
8.470,107
8.282,88
8.275,91
8.250,87
8.282,88
8.306,92
8.281,92
8.275,91
8.291,94
8.423,101
8.512,105
9.941,103
9.959,108
9.925,99
9.860,81
9.824,84
9.920,98
10.110,121
10.046,104
14.886,93
14.928,97
14.965,94
11.862,97
9.491,104
9.538,103
9.440,88
7.439,100
7.541,107
7.537,94
9.433,91
7.441,107
7.376,103
7.367,95
7.409,93
7.388,94
7.355,98
7.337,94
7.410,99
7.321,91
7.263,85
7.303,88
7.280,83
7.288,85
7.305,83
7.284,84
7.296,91
7.302,92
7.317,86
7.704,77
7.438,65
7.086,50
19.026,57
21.326,86
20.614,104
7.347,72
7.391,90
7.449,74
7.338,63
7.410,84
7.401,82
7.416,80
7.426,82
7.429,88
7.410,84
7.397,72
7.438,63
7.450,75
8.710,88
8.797,90
8.748,86
7.110,79
7.180,78
7.152,76
7.137,56
7.037,55
7.162,59
7.162,57
7.138,63
13.622,107
7.312,55
7.414,85
7.398,87
7.429,88
7.423,73
7.401,75
7.422,91
7.385,89
7.559,89
8.181,88
8.350,96
7.333,93
7.216,95
7.234,84
7.255,83
7.810,99
8.379,97
8.408,88
8.457,92
14.442,100
14.391,94
14.381,92
14.329,103
14.308,104
14.351,109
14.347,108
14.294,107
14.334,111
14.286,105
14.348,71
23.441,40
20.973,66

24.672,25
24.791,57
24.519,68
24.523,71
24.245,69
24.217,66
24.192,66
24.192,64
24.231,76
24.163,84
24.154,75
24.039,41
24.443,34
14.419,17
14.384,78
14.429,97
14.379,103
14.304,97
14.436,105
14.319,80
14.419,80
14.439,45
14.292,62
7.299,74
7.303,88
7.278,88
7.213,85
7.196,91
7.351,97
8.207,98
7.734,93
7.246,91
7.165,90
7.208,93
7.172,87
7.271,91
8.205,92
7.384,93
7.242,86
7.203,88
7.138,85
7.203,88
7.247,87
7.309,84
7.288,61
15.183,105
15.197,102
15.163,55
18.668,92
18.741,97
18.501,84
18.164,73
18.067,75
18.102,79
18.138,72
24.567,85
24.394,90
24.375,91
24.282,88
24.151,87
24.084,78
24.279,97
19.989,92
24.306,92
24.292,100
18.028,51
26.194,71
18.205,60
18.376,84
8.292,35
8.293,67
8.274,81
8.233,78
8.240,57
8.102,20
18.488,72
7.287,56
7.240,80
7.209,89
7.184,84
7.159,89
7.187,94
7.283,93
7.284,89
7.360,84
7.404,88
7.348,87
7.292,86
7.317,86
7.284,84
7.997,96
8.036,99
7.401,97
7.271,91
7.291,95
7.422,91
7.553,88
7.199,74
7.203,77
7.184,84
7.134,84
7.128,77
7.122,73
7.175,75
7.140,80
7.130,83
7.175,82
7.125,82
7.180,83
7.210,79
7.379,77
7.610,79
7.575,75
7.935,84
8.077,75
8.040,64
7.210,45
7.087,59
7.072,73
7.143,70
7.227,76
7.138,64
8.240,57
21.178,101
8.290,47
14.637,99
14.607,104
14.608,111
9.551,113
9.430,101
9.502,107
14.743,107
14.882,104
14.743,90
8.301,73
8.288,84
7.987,47
14.750,87
8.493,66
8.464,89
8.463,93
8.363,89
8.401,91
8.443,100
8.451,102
8.489,99
8.384,83
14.714,106
14.787,84
8.012,47
8.256,77
8.279,82
8.417,57
9.358,87
9.291,83
9.339,88
9.314,88
9.509,109
9.529,114
8.049,87
8.117,90
8.030,88
8.052,97
8.095,101
8.070,101
8.085,93
8.073,91
7.860,89
7.597,87
8.149,96
8.381,92
8.392,94
8.393,100
8.375,96
8.249,96
8.174,91
8.085,93
7.997,91
7.892,95
7.814,85
7.848,87
7.966,90
8.023,91
8.073,91
8.110,93
8.067,90
8.073,96
8.067,90
8.055,88
8.111,89
8.117,90
8.111,89
8.123,91
8.136,84
8.102,82
8.006,78
7.806,78
7.829,77
7.881,78
7.931,83
7.985,89
7.968,86
8.077,82
8.057,78
7.961,79
7.926,82
7.816,80
7.718,86
7.704,88
7.772,91
7.847,91
7.885,84
7.779,88
7.791,90
7.860,84
7.831,78
7.678,88
7.751,97
7.665,90
7.621,96
7.671,96
7.951,97
8.123,96
8.244,95
7.384,93
7.203,88
7.183,93
7.141,95
7.163,100
7.183,93
7.221,91
7.262,94
7.277,92
7.296,91
7.347,96
8.052,97
7.275,82
7.316,95
7.410,84
7.653,88
7.789,65
7.615,80
7.090,90
7.109,89
7.197,87
7.134,89
7.179,98
7.325,103
7.801,97
7.109,84
7.097,87
7.083,93
7.353,92
7.997,72
18.385,25
6.987,60
3.460,54
3.582,45
3.684,66
3.621,75
3.535,66
3.541,71
3.462,67
3.437,66
3.288,61
3.288,61
3.239,63
3.214,63
3.254,77
3.424,97
3.359,99
3.473,97
7.032,105
7.096,102
7.071,96
7.047,87
6.904,83
6.766,86
6.886,94
6.949,97
6.995,96
7.003,98
6.958,99
6.854,83
6.673,75
6.586,61
6.508,38
6.688,67
4.744,62
4.654,87
4.580,87
4.551,86
4.484,82
4.531,87
4.531,87
4.600,86
4.560,76
4.613,78
4.700,70
4.722,69
4.855,75
4.914,79
4.919,80
4.972,81
5.026,82
5.093,86
5.187,106
5.191,107
5.277,110
5.230,104
5.294,108
5.258,105
5.176,97
5.116,90
5.091,90
5.155,98
5.137,106
5.147,102
5.183,105
5.184,93
7.140,80
7.159,89
7.080,83
7.084,84
7.080,83
7.063,85
7.060,79
7.047,73
7.088,66
7.013,66
6.892,70
6.770,72
6.644,72
6.561,64
4.605,73
4.739,93
4.555,72
4.534,75
4.504,81
4.475,80
4.484,75
4.531,73
4.962,79
5.126,82
5.121,81
5.197,96
5.255,104
5.273,109
5.339,113
5.269,101
7.122,87
7.376,82
7.233,93
7.416,90
7.234,84
7.053,88
7.008,89
7.055,83
7.050,82
7.052,92
7.037,94
7.078,88
7.309,99
7.177,92
7.083,93
7.408,105
7.359,93
7.692,95
7.843,86
7.153,77
7.147,87
7.955,104
8.223,115
8.183,111
7.819,108
7.137,94
7.027,92
7.027,92
6.901,76
6.914,80
6.924,82
12.113,76
7.246,96
7.041,69
7.044,71
7.066,69
7.050,75
7.083,93
7.021,91
6.986,94
7.071,96
7.035,79
7.130,78
8.111,89
8.114,94
8.093,95
8.073,96
8.039,94
8.039,94
8.085,93
8.064,94
8.077,97
8.149,96
8.239,106
8.294,107
8.376,109
8.912,98
9.230,81
14.698,81
14.593,68
7.235,41
7.102,76
7.146,91
7.092,86
7.052,92
7.113,85
7.130,78
7.013,61
7.238,60
7.717,69
7.791,80
7.503,88
7.058,93
7.027,92
6.996,87
7.065,80
7.681,83
7.603,88
7.760,89
7.866,90
7.596,91
7.381,83
7.372,91
7.397,96
7.353,92
7.434,93
7.478,92
7.466,90
7.563,85
7.731,78
7.916,80
7.985,84
7.943,86
7.935,89
7.868,86
7.851,82
7.848,73
8.061,84
8.047,81
7.981,78
7.875,74
7.901,75
7.904,77
7.831,78
7.885,84
7.893,86
7.889,85
7.881,83
7.871,81
7.881,83
7.891,80
7.866,80
7.806,78
7.898,87
7.910,84
7.889,85
7.901,82
7.821,81
7.866,80
7.885,84
7.985,84
8.183,83
8.255,76
8.292,85
8.317,85
8.307,88
8.354,82
7.842,69
7.475,82
7.517,95
7.583,93
7.590,90
7.609,89
7.466,90
7.463,94
7.467,95
7.443,86
7.184,89
7.453,92
7.513,94
7.863,94
7.955,98
8.098,96
7.828,92
7.389,85
7.213,100
7.225,97
7.234,84
7.538,85
7.590,90
7.348,87
7.522,96
5.527,76
5.454,98
5.496,91
5.497,87
5.621,102
7.163,113
7.121,91
7.188,85
7.121,96
7.175,103
7.165,107
7.186,106
7.168,101
7.171,102
7.138,100
7.182,105
7.154,104
7.107,105
7.050,97
7.021,91
7.100,97
7.213,100
5.685,106
5.579,98
5.470,81
5.480,83
5.484,89
5.465,90
5.478,88
5.503,88
5.530,83
5.515,80
5.534,84
5.600,82
5.560,79
5.665,90
5.638,85
5.659,84
5.719,81
5.726,76
5.864,90
5.970,102
5.992,108
6.016,101
5.908,89
5.919,81
8.560,98
8.664,118
7.912,106
7.730,98
7.741,90
7.672,73
7.729,77
7.881,83
7.935,84
7.989,85
8.094,86
8.136,84
8.029,92
8.023,91
7.997,91
7.928,92
7.984,93
7.992,95
7.978,92
7.917,95
7.922,91
7.934,93
7.953,92
7.897,96
7.830,98
7.742,95
7.691,90
7.813,94
7.951,97
8.140,94
8.249,96
8.308,98
8.186,93
8.153,103
8.010,99
7.810,99
6.494,96
6.413,90
6.291,71
6.322,75
6.350,76
6.368,81
6.358,79
6.347,74
6.335,85
6.385,94
8.149,96
8.070,101
7.909,93
7.785,84
7.566,69
7.086,50
7.338,62
7.293,70
7.303,77
7.317,86
7.366,90
7.353,92
7.384,93
7.337,94
7.405,98
7.364,100
7.351,97
7.327,92
7.220,81
7.138,62
7.093,29
7.535,39
7.538,60
7.496,72
7.584,84
7.688,94
7.521,91
7.238,85
7.088,85
7.939,85
7.861,79
7.524,74
7.446,72
7.491,69
7.923,87
8.233,83
7.987,46
7.911,79
8.140,94
8.186,93
8.149,96
8.194,95
8.117,90
7.704,77
7.713,55
20.725,80
20.701,95
20.510,97
20.794,99
20.294,99
20.231,96
20.193,93
20.264,104
20.239,98
20.110,97
7.915,18
7.789,65
7.731,83
7.718,86
7.797,72
8.112,79
8.136,84
8.156,77
8.173,81
8.203,82
8.183,83
8.145,86
8.150,87
8.186,93
8.161,93
8.174,96
8.111,99
7.972,91
7.891,90
7.948,87
8.069,86
8.123,91
8.162,89
8.245,86
8.187,84
8.208,83
8.187,84
8.141,85
8.052,97
7.992,95
8.048,96
7.984,93
7.984,93
8.023,96
8.029,92
8.089,94
8.123,96
8.182,98
8.203,103
8.221,101
8.166,100
8.166,100
8.127,103
8.178,97
8.166,100
8.178,97
8.190,94
8.135,93
8.174,91
8.140,94
8.124,87
8.145,86
8.166,85
8.174,91
8.129,92
8.023,96
7.839,85
7.736,79
7.879,88
7.968,86
8.004,88
8.004,88
7.960,89
7.889,85
7.871,81
7.806,83
7.650,75
7.603,77
7.675,82
7.731,83
7.785,89
7.898,87
7.835,84
7.597,73
7.547,73
7.603,88
7.563,85
7.602,92
7.553,88
7.621,91
7.577,92
7.587,94
7.640,90
7.655,78
7.625,82
7.621,91
7.571,91
7.565,80
7.460,89
7.163,85
7.274,74
7.791,68
7.853,92
7.910,99
6.475,92
6.413,80
6.411,85
6.382,84
6.393,81
6.473,82
7.012,94
7.701,97
7.797,96
7.904,88
7.897,91
7.955,98
7.942,95
7.941,90
7.972,96
7.910,89
7.848,87
7.798,87
7.460,89
7.434,93
7.442,95
7.463,94
7.146,96
6.862,100
6.856,105
6.858,99
6.832,93
7.364,100
7.526,97
7.052,92
7.291,95
7.571,96
6.410,94
7.436,79
7.437,54
7.463,60
7.441,69
7.565,90
7.411,45
7.371,81
7.372,96
7.363,94
7.367,95
7.414,85
7.460,89
7.460,79
7.463,66
7.537,57
7.461,49
7.461,47
7.486,51
7.512,57
7.488,61
7.496,72
7.436,79
7.448,87
7.428,92
7.404,88
7.359,93
7.347,96
7.401,97
7.353,76
7.286,51
7.435,41
7.486,47
7.488,63
7.519,71
7.468,70
7.490,68
7.488,60
7.537,56
7.486,47
7.561,50
7.537,57
7.487,58
7.386,42
7.486,49
7.488,62
7.449,74
7.509,89
7.403,92
7.100,97
6.711,94
6.351,88
6.247,82
6.237,80
6.256,84
6.235,85
7.466,90
7.491,90
7.441,90
7.484,93
7.472,96
7.455,98
7.491,90
7.525,82
7.571,72
7.766,90
7.571,102
7.488,94
7.609,84
7.710,89
7.647,109
7.530,98
7.587,94
7.609,89
7.190,80
7.689,60
7.588,85
7.647,87
7.698,87
7.739,100
7.776,103
7.764,100
7.760,99
7.759,93
7.748,87
7.729,77
7.689,63
7.712,52
7.789,62
7.701,75
7.665,90
7.638,85
7.567,86
7.613,85
7.553,88
7.380,98
7.416,90
7.621,91
7.688,94
7.655,83
7.645,81
7.630,83
7.512,54
14.500,91
6.689,68
6.568,81
6.558,79
6.553,78
6.536,62
6.861,55
7.083,93
6.958,89
6.886,59
7.861,79
7.943,86
8.027,103
7.841,90
7.905,98
7.834,93
7.497,87
7.175,82
7.325,82
7.803,76
7.911,79
7.922,96
7.938,94
7.904,88
7.951,97
7.913,94
7.823,87
7.864,63
7.864,61
7.813,56
7.889,63
7.895,71
7.820,71
7.854,77
7.801,75
7.714,60
7.791,68
7.796,81
7.754,88
7.788,94
7.767,95
7.797,91
7.776,82
7.821,81
7.766,80
7.771,81
7.745,71
7.688,55
7.738,53
7.738,57
7.763,55
7.766,68
7.797,72
7.789,61
7.836,44
20.019,89
20.069,84


20.865,83
19.363,82
19.424,51
19.550,58
20.748,66
19.152,66
19.022,93
18.476,84
7.515,17
7.686,45
7.688,53
7.766,90
7.813,94
7.830,98
7.801,97
7.847,102
7.803,92
7.597,73
7.541,69
7.714,85
7.742,95
7.760,84
7.789,66
3.296,72
3.285,79
3.166,67
3.221,81
7.897,91
14.037,93
14.200,96
14.144,107
14.230,110
14.301,109
14.305,110
14.217,113
14.133,104
14.305,110
3.386,22
3.335,44
3.337,59
3.313,61
3.337,59
3.313,63
3.294,71
3.299,74
3.322,73
3.267,69
3.297,73
3.324,74
3.305,78
3.315,80
3.330,78
3.281,78
3.335,79
3.325,82
3.335,79
3.254,77
3.285,79
3.279,77
3.313,85
3.300,75
3.295,81
3.295,81
3.241,80
3.290,80
3.266,80
3.278,76
3.271,81
3.300,82
3.279,77
3.297,73
3.318,70
3.289,67
3.264,63
3.238,57
3.213,56
3.312,53
3.263,58
3.286,50
3.285,45
3.311,49
3.264,64
3.294,71
3.276,75
3.320,81
3.275,74
3.302,76
3.341,69
3.263,57
3.311,47
3.286,46
3.211,40
3.137,44
3.163,51
3.139,58
3.190,63
3.212,50
3.237,49
3.212,47
3.264,65
3.248,73
3.300,82
3.309,84
3.284,89
3.313,85
3.322,87
3.317,86
3.327,92
3.313,85
3.305,83
3.290,80
3.303,77
3.289,67
3.189,54
3.190,60
3.116,65
3.129,76
3.248,87
3.309,89
3.390,95
3.366,95
3.321,91
3.313,85
3.196,71
3.190,64
9.584,102
6.364,114
6.363,107
6.269,102
6.305,93
6.169,72
6.110,56
14.342,85
14.172,101
14.192,85
14.150,91
14.092,100
14.125,91
14.079,82
14.142,85
3.268,30
3.262,51
3.199,73
3.171,71
3.223,73
3.206,78
3.197,81
3.201,82
3.206,83
3.187,79
3.199,73
3.191,67
3.167,68
3.229,77
3.201,82
3.247,91
3.300,97
3.288,100
3.280,98
3.272,102
3.300,103
3.290,107
3.325,103
3.311,106
3.325,103
3.346,102
3.346,102
3.354,104
3.307,105
3.371,109
3.365,107
3.315,107
3.315,107
3.311,106
3.375,110
3.311,106
3.280,98
3.218,86
3.124,73
3.192,68
3.115,59
3.214,61
3.240,67
3.219,70
3.180,77
3.171,71
3.176,74
3.129,76
3.192,80
3.132,78
3.132,78
3.127,75
3.142,80
3.129,76
3.142,80
3.142,80
3.147,81
3.157,83
3.147,81
3.157,83
3.118,80
3.152,82
3.155,77
3.118,68
3.123,72
3.170,70
3.149,73
3.162,79
3.132,78
3.075,73
3.129,76
3.102,74
3.130,77
3.088,79
3.098,81
3.077,74
3.071,70
3.053,75
3.100,87
3.108,83
3.136,84
3.058,78
3.032,78
2.971,72
2.962,62
2.961,58
3.015,60
3.017,68
2.974,74
2.995,71
3.003,76
3.003,76
3.000,74
2.972,73
2.998,73
2.989,66
2.988,58
2.960,51
2.907,45
2.933,40
2.910,35
3.040,36
3.017,33
3.021,28
2.996,27
3.012,38
2.909,53
2.884,65
2.962,64
2.969,71
3.003,76
3.050,73
3.004,77
3.012,79
3.058,83
3.119,86
3.103,82
3.103,82
3.030,77
3.027,75
3.055,76
3.071,70
3.116,62
9.412,75
9.483,96
9.425,100
9.373,94
9.269,84
9.301,68
9.480,101
9.320,84
9.320,84
9.405,108
12.352,95
12.813,98
12.675,95
12.763,104
12.655,96
16.871,103
9.220,39
9.346,42
9.398,55
9.398,59
9.247,56
9.225,68
9.244,84
9.232,87
9.268,93
9.262,92
9.291,83
9.274,85
9.301,90
9.282,91
9.332,96
9.307,91
9.344,93
9.377,95
9.363,92
9.425,100
9.416,104
9.466,98
9.547,112
9.499,94
9.576,100
9.454,86
9.412,82
9.402,80
9.417,78
9.408,72
9.427,80
9.440,77
9.458,72
3.586,67
4.193,78
4.267,83
4.370,89
4.457,87
9.504,86
9.465,88
9.474,94
9.495,93
2.886,68
4.233,81
4.264,76
4.204,69
4.265,77
4.262,75
4.336,82
4.308,91
4.344,93
4.352,95
4.328,95
4.344,93
4.327,90
4.320,93
4.345,99
4.365,98
4.321,99
4.379,101
4.352,95
4.348,94
4.344,93
4.349,85
4.412,92
4.390,98
2.529,96
2.676,100
2.588,104
2.567,99
2.588,104
2.645,99
2.649,94
2.731,95
2.782,90
4.352,95
4.325,100
4.287,97
4.196,93
3.142,90
3.070,86
3.030,77
3.032,78
3.004,77
3.048,81
2.978,77
3.003,76
3.027,75
3.012,79
3.106,88
4.338,92
4.327,90
4.315,88
4.357,91
4.382,91
4.410,97
4.361,97
2.750,99
2.597,100
4.377,95
4.258,72
4.389,77
4.414,98
4.428,101
4.271,84
9.404,86
9.445,93
9.374,85
9.421,89
9.479,86
9.495,93
9.491,98
9.471,99
9.474,94
9.434,87
9.464,92
9.449,94
9.471,99
9.458,91
9.446,84
9.567,98
9.606,108
9.696,118
9.657,121
9.696,105
9.707,108
9.542,98
9.442,83
9.508,96
9.483,91
9.420,93
9.445,93
9.458,96
9.458,96
9.478,95
9.446,89
9.454,86
9.556,101
9.606,108
15.080,117
14.732,104
14.407,88
14.425,91
9.650,94
9.689,103
9.595,105
9.592,104
9.588,103
9.516,98
9.459,87
15.127,110
9.581,101
9.576,100
9.407,81
9.400,85
9.442,83
9.550,94
9.616,117
9.433,91
9.433,102
9.395,84
9.514,92
9.505,101
9.466,98
9.606,108
9.424,94
9.450,100
9.357,91
9.361,97
9.336,82
9.516,104
9.379,101
9.338,92
9.316,83
9.274,66
13.670,100
9.521,112
9.517,111
9.459,109
9.488,110
9.537,116
9.467,111
9.441,104
9.314,88
9.386,97
9.398,94
9.491,98
9.395,84
9.316,83
9.324,85
9.314,88
9.339,88
9.314,88
9.369,93
9.320,89
9.278,86
9.283,87
9.308,87
9.291,83
9.295,84
9.289,88
9.441,104
9.521,112
9.455,108
9.265,83
9.341,83
9.358,87
9.381,81
9.346,79
9.291,83
9.332,91
9.323,94
9.357,96
9.408,102
9.480,101
9.421,89
13.358,110
13.441,112
13.661,98
9.281,81
9.353,86
9.371,79
9.366,83
9.349,85
9.414,92
9.549,106
9.421,84
9.379,101
9.448,106
9.433,102
9.425,100
9.450,100
9.425,100
9.416,98
9.433,102
9.400,100
9.417,111
9.450,113
9.430,108
9.430,101
9.390,98
9.393,105
9.374,100
9.370,84
9.396,79
9.415,88
9.412,103
9.343,105
9.301,80
9.348,58
9.345,89
9.358,87
9.289,77
9.173,64
13.502,115
8.864,105
8.798,107
8.691,89
8.674,86
8.687,83
8.687,83
8.710,88
9.096,94
9.288,92
9.219,89
9.251,95
9.187,92
9.022,100
8.798,95
8.711,98
8.661,98
8.597,95
8.610,98
8.610,98
8.593,94
8.590,89
8.628,87
8.609,88
8.649,86
8.631,82
8.569,85
8.565,89
8.753,91
9.276,80
9.299,63
9.296,42
9.345,89
9.244,89
13.452,115
13.368,106
9.045,46
9.210,75
9.326,90
9.357,102
9.301,90
9.286,103
9.279,101
9.260,97
9.264,98
9.311,97
9.294,93
9.408,102
9.595,118
9.505,108
9.315,104
9.291,83
9.286,97
9.349,100
9.413,110
9.575,126
12.573,113
9.134,82
9.225,80
9.279,101
9.282,102
9.307,96
9.336,97
9.517,124
9.494,118
9.390,104
9.451,120
9.393,105
9.407,115
9.376,107
9.336,97
9.288,92
9.347,106
9.343,105
9.324,100
9.252,86
9.257,87
9.225,80
9.213,77
9.244,84
9.240,83
9.230,81
9.225,80
9.240,78
9.260,82
9.269,89
9.256,96
9.290,104
9.320,99
9.345,99
9.320,99
9.276,90
9.364,88
9.445,93
9.462,103
9.427,107
9.480,108
9.527,120
9.526,113
9.314,88
9.276,80
9.295,84
9.327,95
9.311,97
9.269,89
9.357,91
9.405,108
9.484,109
9.466,98
9.432,115
9.301,80
9.307,96
9.290,98
9.513,110
9.471,99
9.425,62
-99999999
9.347,49
9.417,78
9.391,78
9.421,89
9.454,86
5.038,55
4.939,59
5.038,59
5.061,39
5.115,67
5.153,76
5.176,82
12.090,98
5.115,67
5.098,87
5.016,90
5.034,93
5.191,107
5.208,105
8.366,94
8.467,94
9.063,98
8.384,83
8.306,76
8.338,84
8.346,86
8.363,89
8.351,87
8.324,81
8.267,85
12.336,97
12.126,107
5.067,31
4.931,92
4.946,101
4.734,88
8.288,89
8.421,95
8.489,84
8.241,85
8.269,80
4.914,79
4.912,93
9.346,79
9.409,87
9.326,90
9.265,83
9.326,90
9.247,94
5.160,99
5.101,97
5.156,111
5.152,110
4.946,71
4.892,60
4.891,53
4.892,65
4.881,76
4.956,88
4.858,77
4.845,68
5.035,89
4.954,76
4.924,81
4.884,78
5.022,91
5.022,91
13.581,116
5.044,70
5.038,94
4.904,82
5.022,91
5.130,104
5.072,102
5.080,104
5.151,97
8.044,86
8.011,79
8.006,83
7.991,80
8.117,90
8.055,77
4.891,55
4.949,73
5.031,83
4.986,84
4.967,80
4.974,73
5.004,76
4.970,70
4.995,70
4.965,66
4.942,68
4.949,73
4.967,80
5.016,90
4.994,95
4.949,96
4.912,93
4.931,92
4.900,91
4.955,92
4.907,88
4.925,91
4.919,90
4.919,90
4.943,90
4.907,88
4.937,84
5.007,98
0.250,78
0.167,73



0.132,55
0.157,55
0.107,57

0.158,35
0.155,40


0.158,35

0.155,39
0.133,35
0.107,36
0.133,35
0.135,33





0.158,35
0.156,37




0.107,36

0.155,38

0.130,39

0.155,38

0.155,39



0.210,33


0.155,38
0.133,35
0.155,44

0.255,39

0.181,37
0.105,38
0.130,39
0.105,38
0.155,38
0.155,38

0.105,41




0.105,43

0.159,34

0.133,35
0.158,35

0.158,35

0.109,34
0.134,34

0.134,34


0.132,36


0.157,36

0.155,39
0.155,40



0.155,38
0.109,34




0.130,40
0.132,36
0.133,35
0.155,38
0.205,39
0.133,35

0.107,36
0.161,31

0.156,37
0.135,33

0.158,35
0.105,42
0.156,37
0.109,34
0.109,34


0.157,36
0.157,36


0.155,38
0.155,39
0.180,39
0.133,35
0.155,43
0.155,41
0.105,38
0.158,35

