12.031,121
11.995,118
11.917,117
11.881,121
11.885,115
11.885,115
11.888,116
11.895,118
11.860,115
11.924,119
11.899,119
11.870,118
11.899,119
11.902,120
11.889,123
11.881,121
11.888,116
11.888,116
11.903,113
11.927,120
11.952,120
11.985,115
11.956,121
11.942,117
11.935,115
11.878,113
11.945,118
11.970,118
11.956,121
11.960,122
11.888,116
11.924,119
11.895,118
11.849,119
11.918,124
11.892,117
11.895,118
11.939,123
11.922,125
11.842,117
11.731,114
11.645,111
11.691,117
11.684,115
11.652,113
11.637,116
11.642,110
11.637,116
11.644,118
11.637,116
11.641,117
11.641,117
11.676,120
11.659,115
11.687,116
11.630,114
11.687,116
11.763,116
11.778,113
11.785,115
11.768,110
11.899,119
11.806,114
11.742,117
11.691,117
11.731,114
11.691,117
11.735,122
11.785,115
11.742,117
11.756,121
11.706,121
11.649,112
11.627,113
11.584,115
11.623,119
11.759,128
11.659,122
11.764,123
11.776,126
11.871,131
11.909,147
11.798,138
11.691,130
11.734,128
11.827,139
11.657,134
11.769,137
11.784,128
11.699,132
11.555,114
11.591,117
11.462,116
11.391,117
11.537,129
-999999999
11.630,140
11.639,136
11.670,131
11.494,118
11.409,115
11.409,115
11.377,113
11.398,119
11.438,123
11.434,122
11.394,118
11.401,120
11.434,122
11.529,127
11.683,147
11.719,150
11.445,131
11.508,128
11.494,118
11.388,123
11.400,126
11.297,119
11.300,120
11.286,116
11.325,98
11.308,87
11.307,100
11.229,114
11.233,115
11.265,117
9.142,121
9.070,115
9.046,108
9.054,103
9.058,97
9.027,95
8.978,83
9.002,89
9.041,86
9.057,90
9.108,90
9.108,90
9.156,96
9.155,103
9.148,101
9.040,99
8.957,97
8.993,100
11.480,121
9.353,136
9.416,139
9.400,135
9.232,118
9.147,108
9.107,111
9.107,111
9.095,115
9.049,109
9.070,115
9.060,112
9.049,109
9.089,106
9.065,92
9.065,92
9.213,105
9.144,107
9.270,134
9.204,130
9.114,113
9.099,109
9.188,120
9.238,126
9.229,130
11.290,117
11.283,115
11.258,115
11.279,114
11.351,113
11.444,118
11.429,127
11.347,119
11.297,119
11.283,115
11.329,114
11.424,132
11.567,143
11.509,141
11.547,138
11.534,141
11.451,120
11.353,127
11.297,119
11.311,116
11.269,111
11.322,119
11.449,132
11.539,136
11.509,141
11.476,139
11.464,136
11.425,126
11.366,124
11.328,127
11.304,121
11.269,111
11.212,109
11.204,114
11.240,117
11.240,117
11.236,116
11.240,117
11.223,112
11.219,111
11.268,118
11.219,111
11.297,119
11.283,122
11.391,130
11.455,140
12.458,134
12.339,123
12.338,129
12.446,131
12.346,131
12.219,124
12.268,130
12.503,133
13.538,137
12.356,140
12.215,123
12.114,116
11.788,116
11.792,117
11.771,111
11.820,118
11.935,122
11.852,120
11.735,115
11.676,120
11.694,118
11.863,116
11.863,116
12.040,123
11.863,116
11.847,104
11.873,61
11.878,66
11.893,51
11.785,21















12.758,21
12.765,50
12.754,71
12.694,111
12.600,120
12.265,109
12.096,78
11.905,92
11.849,119
11.842,117
11.868,124
11.942,130
12.438,129
12.703,127
12.574,126
12.566,124
12.603,127
12.641,124
12.616,124
12.488,123
12.338,129
12.093,130
11.914,123
11.839,123
11.802,120
11.824,119
11.792,117
11.856,121
11.802,120
11.814,123
11.868,124
11.918,124
11.950,132
12.059,134
12.454,133
12.770,125
12.794,125
12.766,124
12.754,121
12.775,120
12.758,122
12.679,114
12.644,111
12.636,116
12.643,118
12.583,115
12.640,117
12.668,118
12.693,118
12.747,119
12.775,120
12.811,123
12.786,123
12.766,124
12.762,123
12.758,122
12.786,123
12.811,123
12.644,131
11.910,122
11.760,115
11.738,116
11.770,118
11.762,101
11.920,96
11.825,112
11.810,122
11.799,119
11.892,117
11.824,119
11.980,127
11.872,125
11.802,120
11.839,123
11.792,117
12.178,98
12.727,67
13.486,130
13.474,99
11.209,108
11.261,116
11.283,115
11.308,115
11.297,119
11.311,116
11.626,139
11.429,127
11.380,121
11.343,118
11.365,117
11.384,115
11.444,118
11.424,112
11.430,114
11.451,120
11.419,118
11.412,116
11.444,118
11.459,122
11.494,118
11.517,124
11.491,117
11.494,118
11.424,112
11.648,119
13.532,129
13.466,125
13.458,123
13.413,124
13.367,125
11.657,134
13.537,124
11.633,128
12.325,132
12.292,130
11.687,129
12.462,129
13.540,131
13.555,108
13.496,85



11.816,45
9.689,97
9.731,109
9.732,123
9.664,104
9.661,103
9.595,106
9.579,116
11.867,117
11.850,112
11.914,123
12.027,120
12.085,128
12.026,126
12.043,130
11.984,128
11.926,126
11.926,126
11.888,129
11.788,129
13.516,125
13.475,121
13.458,123
13.508,123
13.496,120
13.475,121
13.504,122
11.710,122
11.864,123
11.910,122
11.925,112
13.478,100
13.464,96
13.422,98
13.416,111
13.422,120
13.441,125
13.445,126
13.409,123
13.454,122
13.479,115
9.569,113
9.637,118
9.694,120
9.677,115
9.655,116
9.699,114
9.663,111
9.602,108
9.595,106
9.556,102
9.609,110
9.605,109
9.602,108
9.620,113
9.587,111
9.613,111
9.591,112
9.623,114
9.620,113
9.630,116
9.623,114
9.555,109
9.605,109
9.588,104
9.580,109
9.570,106
9.585,103
9.545,106
9.592,105
9.585,103
9.550,100
9.568,98
9.553,101
9.560,103
9.574,107
9.720,113
9.769,120
9.797,133
9.744,120
9.673,114
9.121,122
9.129,124
9.094,128
2.839,68
2.920,80
2.929,82
2.981,88
2.976,93
2.910,90
2.910,90
2.910,90
2.880,83
2.893,86
2.851,77
2.839,73
2.840,70
2.866,71
2.809,65
2.839,73
2.837,66
2.840,69
2.837,66
2.836,65
2.834,63
2.881,78
2.920,80
2.904,77
2.786,73
2.746,51
9.538,104
9.542,105
9.527,108
9.501,108
9.501,108
0.350,17
0.321,21
0.250,16
0.300,23
0.276,30
0.276,31
0.276,33
0.251,30
0.277,34
0.277,37
0.251,32
0.300,28
0.276,33
0.276,30
0.251,32
0.273,22
0.301,32
0.277,34
0.277,46
0.279,51
0.257,58
0.236,63
2.780,63
2.782,65
2.730,66
2.779,62
2.781,64
2.800,52
2.777,60
2.809,65
2.786,68
2.812,73
2.838,67
2.834,63
9.515,112
9.508,110
9.544,113
9.602,108
9.564,97
9.519,106
9.511,111
9.563,104
9.636,103
9.546,72
9.593,85
9.550,93
9.596,99
9.667,112
9.546,127
9.174,116
9.178,117
9.128,117
9.080,118
9.039,106
9.049,109
9.068,107
9.039,106
9.088,113
9.056,111
9.060,112
9.053,110
9.056,111
9.060,112
9.053,110
9.060,112
9.060,112
9.053,110
8.998,109
9.060,112
9.002,110
9.046,108
9.003,103
9.029,103
9.025,102
9.046,108
9.043,107
9.053,110
9.046,108
9.024,109
9.046,108
9.049,109
9.043,107
9.086,105
9.222,115
9.268,114
9.330,117
9.478,116
9.414,112
9.451,108
9.490,112
9.299,108
9.167,114
9.144,107
9.179,110
9.061,105
9.122,108
9.043,107
9.036,105
9.449,100
9.448,107
9.202,102
9.285,104
9.302,109
9.187,105
9.086,105
9.093,107
9.382,110
9.407,110
6.774,131
6.592,123
6.454,112
6.483,106
6.473,103
6.520,95
6.474,96
6.642,109
6.708,127
6.567,123
6.507,113
6.524,111
6.517,109
6.539,108
6.603,112
6.603,112
6.580,98
6.618,102
6.631,113
9.089,106
9.108,104
7.019,117
6.880,120
6.834,121
6.756,113
6.802,119
6.780,120
6.771,124
6.695,117
6.727,119
6.702,119
9.494,106
9.516,105
9.507,95
9.480,82
9.445,73
9.395,69
9.388,62
9.354,46
9.330,50
9.383,55
9.462,60
9.446,69
9.456,77
9.467,85
9.530,88
6.605,98
6.686,107
6.721,110
6.729,105
6.732,106
6.708,99
6.747,103
6.718,102
6.708,99
6.641,94
6.725,104
6.668,102
6.689,108
6.692,109
6.649,111
6.667,109
6.695,117
6.767,123
6.838,122
6.850,125
6.866,129
6.809,121
6.679,105
6.617,88
6.624,111
6.659,114
6.649,111
6.646,110
6.617,109
6.606,113
6.663,115
6.642,109
6.600,104
6.575,104
6.557,106
6.543,102
6.592,109
6.584,114
6.591,116
6.641,116
6.653,112
6.691,116
6.738,122
6.838,122
6.900,125
6.863,115
9.029,103
9.025,102
9.086,105
9.047,101
9.115,106
9.062,98
9.065,99
9.055,96
9.069,100
9.036,105
9.050,102
9.108,104
9.072,101
9.079,103
9.075,102
9.079,103
9.065,99
9.014,99
9.022,101
9.043,107
8.996,101
9.018,100
9.039,106
9.039,106
9.028,110
9.029,103
6.738,122
6.721,124
6.615,101
6.799,111
6.738,122
6.633,99
6.654,105
6.675,104
6.693,102
6.692,109
6.725,104
6.724,111
6.699,111
6.712,100
6.853,112
6.823,118
9.410,111
9.424,115
9.349,108
9.385,111
6.954,126
6.927,119
6.848,118
6.814,108
6.775,104
6.755,98
6.793,102
6.755,98
6.750,90
6.845,95
6.879,105
6.921,110
6.863,115
6.830,120
6.799,111
6.806,113
6.746,110
6.729,105
6.776,97
6.775,104
6.767,109
6.779,105
6.765,101
6.767,109
6.761,107
6.796,110
6.803,112
6.771,110
6.729,105
6.792,109
6.739,108
6.739,108
6.782,106
6.796,110
6.753,112
6.803,112
6.750,104
6.782,106
6.800,104
6.829,105
6.851,97
6.883,92
6.823,96
6.804,91
6.751,84
6.729,91
6.765,101
6.746,110
6.734,114
6.781,113
6.870,117
6.789,108
6.749,111
6.796,110
6.737,93
6.758,99
6.771,110
6.732,106
6.721,110
6.711,107
6.782,106
6.816,116
6.896,124
8.689,107
8.748,95
8.657,65
8.592,94
6.550,104
6.595,95
6.646,110
6.613,115
6.641,116
6.663,115
6.748,118
6.703,112
6.639,108
6.589,108
6.550,104
6.666,116
6.804,126
6.659,114
6.746,124
6.742,123
6.641,116
6.800,125
6.770,117
8.493,82
8.598,54
8.469,38
8.454,64
8.505,85
8.465,101
8.573,103
8.556,98
8.542,94
8.556,98
8.534,92
8.538,93
8.530,91
8.543,88
8.505,85
8.490,81
8.513,87
8.505,85
8.437,93
8.487,100
8.458,99
8.505,98
8.475,104
8.489,108
8.507,106
8.489,108
8.442,109
8.474,111
8.474,111
8.439,108
8.513,115
8.449,111
8.459,114
8.461,107
8.467,88
8.412,87
8.390,94
8.395,110
8.373,111
6.563,122
6.708,127
6.691,129
6.552,119
6.422,110
6.425,111
6.421,117
6.457,113
6.478,119
6.446,117
6.428,119
6.446,117
6.439,115
6.464,115
6.439,115
6.464,115
6.432,113
6.443,109
6.489,115
6.450,111
6.478,119
6.457,113
6.454,112
6.485,114
6.485,114
6.507,113
6.507,113
6.503,119
6.566,116
6.520,117
6.510,114
6.523,118
6.605,120
6.580,120
6.566,116
6.559,114
6.539,108
6.542,109
6.549,111
6.556,113
6.531,113
6.578,112
6.488,93
6.526,97
6.672,103
6.816,129
6.750,125
6.692,123
6.673,118
6.620,117
6.670,117
6.664,108
6.675,104
6.739,108
6.739,108
6.789,108
6.756,113
6.830,120
6.846,124
6.838,122
6.796,124
6.727,119
6.677,119
6.729,105
8.613,107
8.587,107
8.619,109
8.608,113
8.611,114
8.618,116
8.622,117
8.618,116
8.611,114
8.643,116
8.611,114
8.615,115
8.615,115
8.651,111
8.623,110
6.656,113
6.759,114
6.795,117
6.803,112
6.743,102
6.725,104
6.704,105
6.696,110
6.649,111
6.703,112
6.703,112
6.649,111
6.703,112
6.703,112
6.653,112
6.621,110
6.671,110
6.653,112
6.614,108
6.589,108
6.586,107
6.621,110
6.586,107
6.586,107
6.553,112
6.556,113
6.521,110
6.556,113
6.571,110
6.565,101
6.597,103
6.568,102
6.550,104
6.542,109
6.546,110
6.574,111
6.546,110
6.542,109
6.592,109
6.603,112
6.681,113
6.646,110
6.522,103
6.456,98
6.506,98
6.397,89
6.442,94
6.396,95
6.409,99
6.438,100
6.408,106
6.401,104
6.401,104
6.451,104
6.423,103
6.480,105
6.433,106
6.423,103
6.376,104
6.377,97
6.422,110
6.397,110
6.429,112
6.393,109
6.412,107
6.368,109
6.387,107
6.387,107
6.377,97
6.366,76
6.385,69
6.307,66
6.120,41
8.550,58
8.541,81
8.563,100
8.506,113
8.524,118
8.543,109
8.565,108
8.540,108
8.585,114
8.540,108
8.593,109
8.611,114
8.589,115
8.589,115
8.489,108
8.417,102
8.446,110
8.402,112
8.391,109
8.421,103
8.491,94
9.590,79
9.600,100
9.599,107
9.019,115
8.265,116
7.906,114
7.904,106
7.893,110
7.878,113
7.893,110
7.933,107
7.911,108
7.883,107
7.872,104
7.879,106
7.843,110
7.889,109
7.836,108
7.875,112
7.881,114
7.871,111
7.875,112
7.910,115
7.910,115
7.900,112
7.943,110
7.906,114
7.910,115
7.910,115
7.928,113
7.936,108
7.944,83
7.914,88
7.975,79
7.881,86
7.947,104
8.033,100
7.884,100
7.858,107
7.826,105
7.850,112
7.904,106
7.933,107
7.905,99
7.890,102
7.879,106
7.884,100
7.919,103
7.865,102
7.894,83
7.901,64
7.840,30
17.793,125
17.766,118
17.685,116
17.660,116
17.723,120
17.837,117
7.991,45
7.991,40
8.039,31
7.839,15
17.798,120
17.830,122
17.817,125
17.760,123
8.090,35
8.041,49
8.027,66
8.006,70
8.036,76
8.047,84
8.054,92
8.047,97
8.018,103
8.025,105
8.057,107
8.032,107
8.032,107
8.035,108
8.032,107
8.025,105
7.972,90
8.011,76
7.989,88
7.963,94
7.995,96
7.998,97
7.938,94
7.956,69
7.970,57
7.976,64
7.897,60
8.052,66
8.054,72
8.047,84
8.058,93
8.043,103
8.042,110
8.025,105
8.025,105
8.038,109
8.047,97
7.979,74
8.016,50
7.991,45
7.941,36
8.003,66
7.980,99
7.972,104
7.969,103
7.981,114
7.993,110
7.951,105
8.012,116
7.906,114
7.963,116
8.000,112
7.986,108
7.996,111
8.006,114
8.027,113
8.022,97
7.965,102
7.995,118
7.977,120
7.981,121
8.059,122
9.675,100
9.626,100
9.660,110
9.663,111
9.653,108
9.621,106
9.656,109
9.653,108
9.656,109
9.706,109
9.636,103
9.664,97
8.078,106
7.999,119
7.977,120
7.989,123
7.977,120
7.968,124
7.997,125
8.021,125
8.009,122
7.946,111
7.972,104
8.064,102
8.363,108
8.162,101
8.013,109
7.989,109
7.954,106
7.993,110
7.983,107
7.983,107
8.042,110
8.063,109
7.869,103
7.872,104
7.904,106
7.919,103
7.897,104
7.903,113
7.893,110
7.920,96
7.930,92
7.969,103
7.947,104
7.898,97
7.952,98
7.965,82
1.327,37
1.452,35
1.402,38
1.376,32
1.362,19
1.325,23
1.325,26
1.348,22
1.325,24
1.400,27
1.325,23
1.450,26
1.321,21
1.350,15
1.275,24
1.300,17
1.300,26
1.300,11
1.277,35
1.476,31
7.967,95
7.976,105
7.976,105
1.442,69
1.377,77
1.446,87
1.454,89
1.454,89
1.438,85
1.388,85
1.377,77
1.437,91
1.412,91
1.399,94
1.420,93
1.379,89
1.388,85
1.361,79
1.390,74
1.367,71
1.363,65
1.355,55
1.327,41
1.377,35
1.375,28
1.471,21
1.499,15
1.425,16
1.475,15
18.253,100
18.264,111
16.994,124
16.856,127
16.825,119
16.894,124
16.928,120
16.919,124
8.094,53
8.054,68
1.776,46
1.531,58
1.490,67
1.434,61
1.382,59
1.306,57
1.427,44
1.427,36
1.600,32
1.501,33
1.601,36
1.425,26
1.524,15
1.481,18
1.549,27
1.574,24
1.524,23
1.549,25
1.499,16
1.511,19
1.568,20
1.572,22
1.524,23
1.524,15
1.549,15
1.599,16
16.073,89
16.011,99
15.829,97
15.728,111
15.710,113
15.762,127
15.812,127
15.791,128
16.814,129
15.864,134
17.127,120
17.042,117
16.990,109
15.718,108
1.427,40
1.429,51
1.508,60
1.488,65
1.491,73
1.531,78
1.517,80
1.511,79
1.480,83
1.517,86
1.546,87
1.538,85
1.513,85
1.531,78
1.527,77
1.516,72
1.494,75
1.489,66
1.467,71
1.466,73
1.492,69
1.517,71
1.514,66
1.510,62
1.505,55
1.502,44
1.502,36
18.712,96
18.478,87
18.424,80
18.356,94
18.127,107
17.984,109
18.020,91
17.941,111
17.796,112
17.777,114
17.759,116
17.777,121
17.727,121
17.716,118
17.720,119
17.727,114
17.735,109
17.725,106
17.750,106
17.713,95
17.726,99
17.744,97
17.715,103
17.722,105
17.694,97
17.763,95
17.755,93
17.756,87
17.820,79
17.828,75
17.820,79
17.826,69
17.800,74
17.857,81
17.802,80
17.801,68
17.850,72
18.049,68
18.250,70
18.274,69
18.124,68
2.873,22
2.797,37
2.824,47
2.825,50
2.805,61
2.731,67
2.782,65
2.780,63
2.781,64
2.787,69
2.787,69
2.786,72
2.733,73
2.789,75
2.759,72
2.785,74
2.786,72
2.785,67
2.782,65
2.730,66
2.780,63
2.733,68
2.758,67
2.725,61
2.702,64
2.671,60
2.725,61
2.673,62
2.722,57
2.750,59
2.671,60
2.673,62
2.647,63
2.755,64
2.724,60
2.726,62
2.675,64
2.728,64
2.726,62
2.705,67
2.752,61
2.696,58
2.785,67
2.780,63
2.731,67
2.705,67
2.734,69
2.734,69
2.733,68
2.756,65
2.731,67
2.723,59
2.723,58
2.778,61
2.723,59
2.776,58
2.774,55
2.748,57
2.725,61
2.668,55
2.617,59
1.585,63
1.534,62
1.581,59
1.531,59
1.562,65
1.566,70
1.639,67
1.666,71
1.664,74
1.680,78
1.700,82
1.691,71
1.743,75
1.791,70
1.891,70
1.941,71
2.022,76
2.284,75
2.557,82
2.658,87
2.752,84
2.805,84
2.824,77
2.807,79
2.793,76
2.802,78
2.802,78
2.786,72
2.758,67
1.280,83
1.263,85
1.258,90
1.204,89
1.217,86
1.261,79
1.554,89
1.609,97
1.744,100
1.754,103
2.307,99
2.201,99
2.184,88
2.086,90
2.547,92
2.600,92
2.804,90
2.847,94
1.434,97
1.434,97
2.796,102
2.449,94
2.555,94
2.383,91
2.566,97
2.755,91
2.808,91
2.812,92
2.804,90
2.782,85
2.804,90
2.759,92
2.777,90
2.663,82
2.679,92
2.525,87
2.490,85
2.206,87
2.166,90
2.034,97
2.024,94
2.002,89
2.015,92
1.994,87
2.012,85
2.004,78
2.084,78
2.182,81
2.353,84
2.341,81
2.331,85
2.362,86
2.410,85
2.355,79
2.329,79
2.406,84
2.449,94
2.485,90
2.498,93
2.441,86
2.408,79
2.415,80
2.368,76
2.334,72
2.307,73
2.334,73
2.307,72
2.279,66
2.319,77
2.441,80
2.543,85
2.804,90
2.998,92
3.073,85
2.977,87
2.930,77
2.947,75
3.077,80
3.311,89
3.422,92
3.427,87
3.438,90
3.333,82
2.997,73
2.945,71
2.996,67
2.837,66
2.734,70
2.561,83
2.406,84
2.260,87
2.122,80
2.043,86
1.990,86
1.941,86
1.929,83
1.937,85
1.897,81
1.837,85
1.872,81
1.860,79
1.872,81
1.785,79
1.854,83
1.835,79
1.810,79
1.790,72
1.825,82
1.822,81
1.816,80
1.822,81
1.822,81
1.841,86
1.793,75
1.768,75
1.791,80
1.772,76
1.804,83
1.853,89
1.787,85
1.795,87
1.791,86
1.807,90
1.754,83
1.758,84
1.779,83
1.791,86
1.787,85
1.779,83
1.755,78
1.775,82
1.779,83
1.783,84
1.779,83
1.741,80
1.779,83
1.758,84
1.791,86
1.722,81
1.783,84
1.795,87
1.840,92
1.794,93
1.819,93
1.833,97
1.827,95
1.807,90
1.794,93
1.749,88
1.795,87
1.832,90
1.783,84
1.751,77
1.780,78
1.790,73
1.766,80
1.851,77
1.843,75
1.887,85
1.840,73
1.812,65
1.754,54
1.629,54
3.161,46
3.141,59
3.125,74
3.083,76
3.102,80
3.071,79
3.096,79
3.111,82
3.027,75
2.998,71
3.005,76
3.025,71
3.024,72
2.998,71
3.005,76
2.996,74
2.956,77
2.947,75
2.944,68
2.998,70
2.995,66
2.943,67
2.930,50
2.877,36
14.967,127
14.943,121
14.947,122
14.905,124
14.951,123
14.947,122
14.975,116
14.954,117
14.975,116
14.879,117
2.531,30
2.558,43
2.558,38
2.638,34
2.558,34
2.609,28
14.932,118
15.058,125
4.560,43
4.614,59
4.667,64
4.637,78
4.672,86
4.679,94
4.689,97
4.689,97
4.655,94
4.655,94
4.713,97
4.655,94
4.668,98
4.664,97
4.678,101
4.685,103
4.685,103
4.695,106
4.685,103
4.695,106
4.695,106
4.684,110
4.718,113
4.735,118
4.728,116
4.749,115
4.721,114
4.760,111
4.735,118
4.781,117
4.732,117
4.728,116
4.728,116
4.732,117
4.728,116
4.732,117
4.739,119
4.753,123
4.745,121
4.739,119
4.735,118
4.725,115
4.715,112
4.718,113
4.574,99
4.143,101
3.969,87
3.703,82
3.595,71
3.643,67
3.645,71
3.669,71
3.668,72
3.693,73
3.719,80
3.659,78
3.727,88
3.731,89
3.707,103
3.717,106
3.773,108
3.766,106
3.738,105
3.756,103
3.724,108
3.721,107
3.751,109
3.759,104
3.759,104
3.763,105
3.735,104
3.763,105
3.731,89
3.763,91
3.714,91
3.694,86
3.719,86
3.715,85
3.678,82
3.682,83
3.702,88
3.694,86
3.673,87
3.654,82
3.678,82
3.719,80
3.704,77
3.736,84
3.743,86
3.762,79
3.781,83
3.799,81
3.829,89
3.809,90
3.841,92
1.647,108
1.575,109
1.529,110
1.414,113
3.795,107
3.743,86
3.792,73
4.662,96
4.713,97
4.452,92
3.965,99
3.845,100
3.841,99
3.838,98
3.888,98
3.897,101
3.820,93
3.824,94
3.870,93
3.850,88
3.862,91
3.850,88
3.883,90
3.829,89
3.850,88
3.842,86
3.810,84
3.846,87
3.774,76
3.768,80
3.774,81
3.743,71
3.749,76
3.757,78
3.741,74
3.791,74
3.807,78
3.873,81
3.873,81
3.908,84
3.807,78
3.805,89
3.816,92
3.884,97
3.834,97
3.834,97
3.863,98
3.876,102
3.870,100
3.851,102
3.845,100
3.771,100
3.791,106
3.802,102
3.809,104
3.767,99
3.739,98
3.756,103
3.718,92
3.714,91
3.739,85
3.694,80
3.717,74
3.647,75
3.651,76
3.645,71
3.647,75
3.620,71
3.630,77
3.639,79
3.661,84
3.669,86
3.665,85
3.736,84
3.749,76
3.717,67
3.694,71
3.641,65
3.640,64
3.618,67
3.619,73
3.644,73
3.645,71
3.644,72
3.618,74
3.620,70
3.620,71
3.643,67
3.675,76
3.799,81
4.514,83
4.567,84
4.605,81
4.545,63
4.596,66
4.615,60
4.672,71
4.655,94
4.620,98
4.640,97
4.630,94
4.574,73
4.511,39
15.563,72
15.550,95
15.638,114
4.414,39
4.330,68
4.326,64
4.271,54
4.368,55
4.275,62
4.220,40
12.981,128
14.936,119
14.918,114
14.954,117
15.091,121
15.091,121
4.374,63
4.386,76
4.379,68
4.415,48
4.448,19
15.235,126
15.255,111
15.215,127
15.180,118
15.166,121
15.180,118
15.328,137
15.067,121
15.174,123
15.095,122
15.063,120
15.195,122
15.134,119
15.141,121
15.314,127
16.433,133
16.235,127
15.380,131
15.207,125
15.190,127
15.149,123
15.103,124
15.091,121
15.190,127
15.207,125
15.268,128
15.413,133
16.122,130
16.350,131
16.401,125
16.446,124
15.865,128
15.173,129
15.099,123
15.095,122
15.119,128
15.194,128
15.306,125
15.326,117
1.100,26
1.052,41
1.102,44
1.103,50
1.155,53
1.103,48
1.127,44
1.052,47
1.052,44
1.127,46
1.102,45
1.102,47
1.027,43
0.977,45
0.953,48
0.878,50
0.830,54
0.832,59
0.839,66
0.892,69
0.910,62
0.861,63
0.837,64
0.789,66
0.856,78
0.856,78
0.841,73
0.844,75
0.842,70
0.841,72
0.817,69
0.792,70
0.814,66
0.813,65
0.814,66
0.839,66
0.831,57
0.854,51
0.807,58
0.755,53
0.679,52
0.653,49
0.630,54
0.654,52
0.627,45
0.628,50
0.602,44
0.627,45
0.578,49
0.578,50
0.602,47
0.628,50
0.577,45
0.577,44
0.553,48
0.577,45
0.602,46
0.578,49
0.577,44
0.602,47
0.577,40
0.527,47
0.577,46
0.628,50
0.577,46
0.577,42
0.527,45
0.527,44
0.602,46
0.602,41
0.577,46
0.579,51
0.577,40
0.577,47
0.577,40
0.577,46
0.627,46
0.577,45
0.628,48
0.552,45
0.578,48
0.604,52
0.653,49
0.603,49
0.634,61
0.661,63
0.691,73
0.681,78
0.705,83
0.680,83
0.684,84
0.677,77
0.648,76
0.667,70
0.667,70
0.642,69
0.648,76
0.667,80
0.644,75
0.648,76
0.617,70
0.616,72
0.608,60
0.583,60
0.613,65
0.614,66
0.612,64
0.590,67
0.588,65
0.592,69
0.598,76
0.602,77
0.617,71
0.590,74
0.598,76
0.592,71
0.589,66
0.598,76
0.538,65
0.592,70
0.562,64
0.538,65
0.586,63
0.585,62
0.592,69
0.558,60
0.606,57
0.580,53
0.579,51
0.604,51
0.577,47
0.602,44
0.602,40
0.577,43
0.577,44
0.606,56
0.688,65
0.694,75
0.676,82
0.773,81
0.611,79
5.162,73
5.155,61
5.049,50
5.148,45
5.258,64
5.267,87
5.272,102
5.253,111
5.263,114
5.253,111
5.265,107
5.233,105
5.253,111
5.253,111
5.228,111
5.253,111
5.246,109
5.260,113
5.246,109
5.236,106
5.226,103
5.246,88
5.186,67
5.102,57
4.975,42
4.924,16
17.985,82
17.908,94
17.932,101
17.928,20
5.138,69
5.162,92
5.183,105
5.172,102
5.195,94
5.209,65
































































11.515,37
11.689,102
11.670,111
11.710,122
11.680,114
11.689,102
11.665,39




12.014,23
12.029,106
12.052,91
12.098,104
12.044,51



11.716,46
11.747,104
11.778,113
11.799,119
11.799,119
11.795,118
11.802,120
11.735,115
11.595,111
11.598,119
11.591,117
11.555,114
11.577,113
11.555,114
11.520,111
11.534,115
11.530,121
11.544,118
11.555,121
11.544,118
11.534,115
11.534,115
11.548,119
11.523,119
11.534,115
11.550,105
11.522,84
11.529,72
11.569,57

















































































































18.957,49
18.931,39
18.963,61
19.003,94
19.000,87
17.086,108
17.163,116
17.223,119
17.305,114
19.259,111
19.383,96
20.876,89
19.442,73
19.485,97
19.583,111
19.454,117
19.556,103
21.100,95
19.773,101
20.334,105
20.022,94
20.492,100
20.479,111
20.366,107
20.422,109
21.335,85
20.522,88
20.485,85
20.541,75



















15.803,58
15.819,81





16.144,24
16.063,75
16.007,64






















































17.737,38
17.737,41
17.737,40
17.766,18
17.835,29
17.660,27
18.213,55
18.175,71
18.250,86
17.793,104
17.724,113
17.667,118
17.678,121
17.727,121
17.696,119
17.720,119
17.813,117
17.800,106
17.887,95
17.883,116
17.814,103
17.903,75
18.063,103
18.014,118
18.054,122
18.386,89
18.031,81
17.972,120
17.997,120
16.056,126
15.986,92
16.025,118
16.024,103
15.969,116
15.980,119
15.852,111
15.953,125
16.182,98
16.218,116
16.086,121
16.169,123
16.076,131
16.005,119
15.995,109
16.077,104
16.094,109
16.161,114
16.123,124
16.056,126
15.973,117
16.007,126
15.926,118
15.912,114
15.995,123
16.036,121
16.026,111
15.966,115
15.880,119
15.823,117
15.926,118
15.976,118
15.953,125
15.876,118
15.904,97
15.983,98
15.993,101
15.911,68
15.935,106
16.041,135
15.372,129
15.286,120
15.216,114
15.286,120
15.365,114
15.446,116
15.348,109
15.384,132
15.290,121
15.398,109
15.379,118
15.508,112
15.827,131
15.690,134
15.500,130
15.568,122
15.277,124
15.240,121
15.294,122
15.551,124
15.828,144
17.901,114
17.955,115
18.036,117
17.955,115
17.946,105
17.834,109
17.842,104
17.862,95
17.880,122
17.820,112
17.751,73
17.762,43









18.089,56
18.050,69



























































11.538,26
11.591,50
11.622,61















20.128,53
20.131,104
20.139,99
20.111,65




























19.826,46
19.830,78
19.839,74
19.592,99
19.435,97
19.456,103
19.433,111
19.447,115
19.434,104
19.493,114
19.598,108
19.562,112
19.448,108
17.437,123
17.490,130
17.321,125
17.181,114
17.171,111
17.206,114
17.216,117
17.206,114
17.230,114
17.316,117
17.323,119
17.309,122
17.408,128
17.523,132
17.561,129
17.447,119
17.348,119
17.336,81
17.280,86
17.329,99
17.342,110
17.415,117
19.665,106
19.686,112
20.099,102
20.524,37
20.288,72
20.027,110
20.337,113
20.372,109
20.298,82
20.574,36



































































































































20.031,60
20.025,38



























19.826,47
19.874,27
19.841,70
19.518,86
19.479,95
19.491,106
19.406,110
19.384,111
19.440,113
19.408,111
19.462,112
19.561,119
19.721,115
19.675,109
19.580,110
19.493,114
19.507,118
19.540,113
19.605,103
17.533,122
17.454,114
17.499,126
17.380,121
17.373,119
17.305,114
17.344,118
17.330,121
17.301,120
17.255,114
17.284,115
17.337,116
17.369,118
17.461,129
19.859,119
19.881,111
19.949,109
19.944,100
20.809,105
21.045,101
20.595,81
20.453,78
20.497,88
20.283,63








































6.119,29
6.223,53
6.216,76
6.293,88
6.273,83
6.283,67
6.246,50
6.295,39





6.519,37
6.503,62
6.484,72
6.410,86
6.449,96
6.431,98
6.459,99
6.469,102
6.446,95
6.463,93
6.476,90
6.424,78
6.458,67
6.506,65
6.484,68
6.508,74
6.502,84
6.501,90
6.472,89
6.468,88
6.466,81
6.460,86
6.356,85
6.264,87
6.237,75
6.259,73
6.324,78
6.452,84
6.429,79
6.455,64
6.551,61
6.548,57
6.597,54
6.569,45
6.594,42
6.607,67
6.568,82
6.505,105
6.388,93
6.434,99
6.388,100
6.426,104
6.348,83
6.300,58
6.170,41



































































5.415,20
5.448,46
5.401,55
5.399,49
5.399,48
5.399,49
5.449,49
5.424,50
5.401,53
5.450,51
5.373,46
5.373,47
5.424,48
5.400,51
5.373,47
5.398,45
5.398,44
5.399,50
5.399,48
5.401,53
5.348,47
5.350,52
5.374,50
5.376,54
5.399,48
5.349,49
5.350,51
5.376,54
5.402,57
5.399,49
5.351,53
5.352,56
5.399,49
5.402,56
5.398,41
5.398,39
5.447,30









































































































































































































































































13.212,46
13.256,108
13.294,119
13.292,125
13.309,123
13.338,124
13.312,117
13.291,111
13.308,116
13.316,111
13.332,101
13.328,107
13.319,119
13.301,121
11.930,127
12.044,124
11.963,116
12.005,127
12.009,128
12.013,129
11.985,115
11.954,106
11.806,121
11.761,135
12.385,141
13.100,133
13.287,130
13.240,118
13.220,119
13.176,127
12.069,124
11.960,122
11.881,114
11.903,113
11.903,113
11.903,113
11.885,115
11.913,116
11.881,114
11.888,116
11.818,110
11.792,117
11.792,117
11.778,113
11.781,114
11.906,121
12.010,122
12.372,125
12.185,128
12.044,124
12.110,128
12.322,125
12.647,119
12.633,115
12.600,120
12.668,118
12.743,118
12.786,116
12.794,125
12.775,98
12.662,25











































































































































0.219,20
0.251,32
0.326,31
0.377,34
0.427,45
0.427,45
0.477,45
0.504,52
0.528,48
0.553,50
0.527,46
0.580,53
0.577,47
0.552,46
0.553,50
0.530,53
0.577,46
0.577,41
0.527,42
0.552,39
0.552,40
0.527,40
0.477,41
0.402,44
0.352,44
0.377,45
0.377,47
0.327,42
0.278,48
0.278,50
0.278,50
0.281,57
0.255,54
0.281,56
0.257,58
0.282,58
0.257,59
0.256,57
0.259,61
0.281,56
0.283,60
0.283,60
0.255,53
0.281,56
0.257,58
0.260,62
0.257,58
0.256,56
0.255,55
0.228,50
0.252,46
0.276,33
0.262,19
5.009,105
4.948,109
4.993,115
4.976,117
5.049,117
0.779,110
0.786,112
0.799,116
0.732,111
0.679,110
0.812,105
0.769,107
0.646,87
0.566,68
4.234,68
4.159,67
4.122,77
0.526,82
0.695,100
0.659,97
0.604,89
0.662,91
0.620,93
0.653,95
0.713,98
0.755,103
4.078,96
4.109,98
4.055,104
4.097,102
4.073,102
4.078,96
3.997,94
4.010,91
4.010,91
4.055,90
4.035,91
3.949,88
3.816,92
3.803,77
3.838,85
3.813,91
3.796,93
3.856,96
3.930,96
3.988,106
3.978,103
3.999,102
3.944,100
3.933,97
3.982,97
4.073,102
4.159,106
4.166,108
4.200,111
4.159,106
4.201,104
4.216,101
4.195,102
4.150,103
4.163,107
4.176,111
4.131,112
4.120,109
4.118,108
4.136,99
4.420,104
4.734,103
4.782,103
4.792,106
4.814,105
4.912,98
4.916,114
4.961,120
4.897,108
4.896,87
4.915,72
4.890,74
4.920,87
4.952,89
4.961,98
4.939,92
4.883,60
4.889,66
4.898,81
4.936,105
4.912,98
4.863,85
4.837,79
4.922,81
4.984,91
5.057,112
5.005,125
4.885,119
4.839,98
4.678,76
9.712,56
9.707,82
11.404,99
11.424,112
11.423,119
11.409,122
11.405,121
11.417,124
11.444,118
11.405,121
11.398,119
11.410,108
11.399,79
11.393,103
11.430,114
11.442,89
11.460,108
11.434,122
11.455,121
11.448,119
11.444,118
11.398,119
11.391,117
11.410,108
11.478,74
11.453,106
11.454,99
11.458,93
11.429,99
11.450,105
11.446,104
11.433,93
11.424,79
11.373,62
11.364,40









11.464,29
11.475,64
11.430,71
11.465,77
11.471,90
11.496,104
11.488,109
11.470,111
11.487,116
11.487,116
11.491,117
11.512,116
11.511,101
11.519,96
11.477,113
11.444,118
11.451,120
11.451,120
11.430,121
11.459,122
11.471,125
11.409,122
11.455,121
11.430,114
11.426,120
11.405,121
11.421,125
11.459,122
11.434,122
11.419,118
11.423,119
11.480,121
11.426,120
11.437,116
11.391,117
11.441,117
11.430,114
11.423,119
11.419,118
11.484,115
11.471,125
11.413,123
11.416,117
11.430,114
11.489,102
11.486,101
11.484,122
11.455,114
11.580,114
11.641,117
11.643,103
11.735,115
11.727,120
11.714,109
11.642,51

































4.727,22
4.682,46
4.744,68
4.759,96
4.709,103
4.678,101
4.717,98
4.647,92
4.664,97
4.707,95
4.703,94
4.685,103
4.668,98
4.692,105
4.699,107
4.695,106
4.681,102
4.703,101
4.712,90
4.718,66
4.708,51
4.680,17







































9.510,57
9.542,91
9.576,87
9.564,97
9.517,98
9.496,80
9.457,95
9.531,102
9.559,110
9.704,81
9.626,100
9.726,100
9.739,104
9.729,101
9.790,104
9.874,99
9.961,77
9.860,49
3.468,65
3.601,81
3.575,87
3.615,91
3.574,93
3.631,95
3.680,95
3.739,85
3.792,68
3.926,47
4.088,69
4.050,95
3.933,97
3.657,89
3.637,84
3.661,90
3.624,87
3.730,95
3.858,104
3.866,99
3.872,108
3.948,116
3.872,108
3.869,107
3.894,100
3.841,99
3.851,102
3.900,102
3.896,108
3.939,106
3.932,104
3.841,99
3.855,103
3.815,106
3.766,106
3.798,108
3.862,105
3.907,104
3.904,103
3.924,109
3.900,102
3.925,102
3.964,106
3.919,100
3.940,99
3.947,101
3.971,101
3.957,90
3.891,86
3.923,94
3.965,92
3.923,94
3.952,95
3.923,94
3.989,99
3.982,97
3.989,99
3.976,95
4.007,97
4.004,96
4.079,104
3.996,101
4.045,101
3.989,99
3.937,98
3.937,98
3.888,98
3.888,98
3.841,92
3.841,92
3.856,96
3.813,91
3.816,92
3.793,86
3.789,85
3.837,91
3.817,86
3.858,90
3.805,89
3.853,95
3.858,90
3.845,93
3.837,91
3.874,94
3.828,95
3.874,94
3.838,98
3.881,96
3.881,96
3.862,91
3.866,99
3.890,99
3.927,95
3.854,89
3.894,93
3.912,98
3.888,98
3.923,94
3.883,90
3.890,92
3.895,87
3.891,86
3.874,94
3.919,93
3.965,92
4.027,89
4.104,90
4.153,90
4.164,93
4.177,104
4.133,98
4.077,103
4.032,97
3.947,101
3.940,99
3.944,100
3.911,91
3.982,97
3.915,92
3.962,98
3.903,89
3.870,93
3.930,96
3.870,93
3.881,96
3.849,94
3.859,97
3.870,100
3.873,101
3.870,100
3.837,91
3.845,93
3.777,82
3.816,72
3.742,68
3.753,77
3.809,90
3.828,95
3.820,100
3.834,97
3.813,98
3.831,96
3.775,94
3.718,92
3.668,92
-999999999
3.689,91
3.661,90
3.676,94
3.649,87
3.641,85
3.701,94
3.668,92
3.680,95
3.697,100
3.739,98
3.746,100
3.726,94
3.738,105
3.707,103
3.751,109
3.741,106
3.717,106
3.731,110
3.756,103
3.752,102
3.776,109
3.717,106
3.751,109
3.766,106
3.770,107
3.788,105
3.788,105
3.738,105
3.766,106
3.707,103
3.641,98
3.668,99
3.648,100
3.648,100
3.661,97
3.446,73
3.517,65
3.612,61
3.519,74
3.515,79
3.482,77
3.372,68
9.744,65
9.691,63
10.177,86
9.605,88
9.538,104
9.535,103
9.501,108
9.476,108
9.470,99
9.445,92
9.502,101
9.512,104
9.508,110
9.408,103
9.479,109
9.436,104
9.427,116
11.128,73
11.144,111
11.197,119
11.150,120
11.150,120
11.177,74
4.500,74
4.513,89
4.522,98
4.473,85
4.477,114
4.433,108
4.458,108
4.391,110
4.412,109
4.396,61
4.369,96
4.381,114
4.351,112
4.306,72
4.398,79
4.315,109
4.358,107
4.330,106
4.352,105
4.345,103
4.347,90
4.370,59
6.321,95
6.294,82


19.832,60


19.675,23
19.808,97
19.840,72
19.837,98
19.937,65
6.554,64
6.476,104
6.528,112
6.513,115
6.527,119
6.500,111
6.491,101
6.476,90
6.537,93
4.889,113
4.948,109
4.895,100
4.849,101
4.845,107
4.817,106
4.851,109
4.848,108
4.845,107
4.802,109
4.848,108
4.858,111
4.921,108
4.992,100
4.932,104
4.769,99
4.775,108
4.796,107
4.807,103
4.778,109
4.761,104
4.759,96
4.904,103
5.030,97
4.954,56
4.913,66
4.940,71
4.956,60
4.901,45
4.899,28

4.772,20
4.861,63
4.928,89
4.914,106
4.914,106
4.897,108
4.928,110
4.887,91
4.955,59
5.046,16
21.085,98
20.909,105
20.984,105
21.185,98
21.151,110
21.098,102
21.288,99
21.302,103
21.363,99
21.378,96
21.442,100
21.497,88
21.467,93
21.460,98
21.481,97
21.657,79
21.763,86
21.728,59
21.134,91
21.472,109
21.687,72
21.577,57
21.575,95
21.572,82
21.807,63
21.885,66
21.922,82
21.922,82
21.602,57
21.616,93
21.624,48





11.071,61
11.071,97
11.009,108
11.042,110
11.133,115
11.059,115
11.079,114
11.484,115

11.721,58
11.191,89
11.104,86
12.014,17
12.251,79

12.015,32
11.890,102
11.467,110
11.448,119
11.450,105
11.480,121
11.424,112
11.466,117
11.466,117
11.427,113
11.407,107
11.432,75
11.438,12
9.913,55
10.904,114
11.315,117
11.327,106
3.595,71
3.587,84
3.587,84
3.562,90
3.542,85
3.431,88
3.455,88
3.410,89
3.447,86
3.446,92
3.450,93
3.471,92
3.489,84
3.577,81
3.676,94
3.623,93
3.471,92
3.471,99
3.500,100
3.528,94
3.483,95
3.463,90
3.455,88
3.471,99
3.461,96
3.478,101
3.461,96
3.493,98
3.535,96
3.509,89
3.484,89
3.497,86
3.562,90
3.627,94
3.659,96
3.759,104
3.833,104
3.723,87
3.668,73
3.542,65
3.449,75
3.461,78
3.461,78
3.472,70
3.710,90
4.451,106
4.237,100
3.632,89
3.634,96
3.683,96
3.693,99
3.706,89
3.607,89
3.491,79
3.615,91
3.683,96
3.668,99
3.586,90
3.497,86
3.400,75
3.404,76
3.417,79
3.417,79
3.447,80
3.432,82
3.429,81
3.435,83
3.497,86
3.582,95
3.560,96
3.493,85
3.516,91
3.459,89
3.439,84
3.407,82
3.423,80
3.412,78
3.417,79
3.387,78
3.412,78
3.396,74
3.517,85
3.612,84
3.722,93
3.870,100
3.939,106
4.069,108
4.108,105
4.180,112
4.218,109
4.176,111
4.188,107
4.191,108
4.198,103
4.140,100
3.990,86
3.678,82
3.620,86
3.664,91
3.674,108
3.598,100
3.591,98
3.587,97
3.545,99
3.574,100
3.574,100
3.598,100
3.563,97
3.591,98
3.637,97
3.634,96
3.648,100
3.693,99
3.707,103
3.776,109
3.749,101
3.751,109
3.738,105
3.749,101
3.754,95
3.820,93
3.881,96
3.929,103
3.911,105
3.887,105
3.900,102
3.911,105
3.943,107
3.904,103
4.004,96
3.641,85
3.408,77
3.412,78
3.373,80
3.407,82
3.379,76
3.373,80
3.407,82
3.414,90
3.410,89
3.435,83
3.417,79
3.398,80
3.488,90
4.476,92
3.809,90
3.457,77
3.351,75
3.323,68
3.323,72
3.312,83
3.324,80
3.295,85
3.294,91
3.331,94
3.316,84
3.349,86
3.356,94
3.357,88
3.307,88
3.311,89
3.337,83
3.379,81
4.157,91
4.020,108
3.467,91
3.315,90
3.311,89
3.271,85
3.274,92
3.258,88
3.311,89
3.225,86
3.299,86
3.249,73
3.252,75
3.225,69
3.199,67
4.550,80
4.522,98
4.500,106
4.539,103
4.704,109
4.726,108
4.858,111
4.816,113
4.816,113
4.816,113
4.822,115
4.822,115
4.788,112
4.691,112
4.528,107
4.461,109
4.449,98
4.497,105
4.500,106
4.565,111
4.601,107
4.601,107
4.601,107
4.614,111
4.596,113
4.611,110
4.538,110
4.627,115
4.752,116
4.802,123
4.854,117
4.829,117
4.881,118
4.871,115
4.839,120
4.832,118
4.832,118
4.857,118
4.836,119
4.851,123
4.855,124
4.867,121
4.825,116
4.843,121
4.863,120
4.798,115
4.829,117
4.806,110
4.819,114
4.730,102
4.671,99
4.700,100
4.743,106
4.726,108
4.709,103
4.702,108
4.708,110
4.708,110
4.650,107
4.590,104
4.452,92
4.384,87
4.369,96
4.371,104
4.348,104
4.198,103
4.146,102
4.032,97
4.073,102
4.087,99
4.181,105
4.509,109
4.513,110
4.516,111
4.499,113
4.484,116
4.488,117
4.471,112
4.482,108
4.471,112
4.465,110
4.499,113
4.477,114
4.485,109
4.394,111
4.039,99
3.878,95
3.897,101
3.866,99
3.866,99
3.874,94
3.923,94
3.958,84
4.395,90
3.982,97
3.771,93
3.718,92
3.771,93
3.738,91
3.694,86
3.657,89
3.636,90
3.538,84
3.497,86
3.517,85
3.472,86
3.432,82
3.432,82
3.468,85
3.407,82
3.401,93
3.433,95
3.493,98
3.486,96
3.519,106
3.493,98
3.496,99
3.535,96
3.516,91
3.467,91
3.497,86
3.467,91
3.443,85
3.472,86
3.541,91
3.529,88
3.533,89
3.533,89
3.516,91
3.480,88
3.447,86
3.516,91
3.459,89
3.472,86
3.489,84
3.461,78
3.453,76
3.546,86
3.594,99
3.598,100
3.577,81
3.614,79
3.797,87
3.747,87
3.686,84
3.686,97
3.701,94
3.730,95
3.722,93
3.714,91
3.694,86
3.681,89
3.700,81
3.749,76
3.965,73
4.575,69
4.624,71
4.670,67
4.718,66
4.671,72
4.476,68
4.053,57
3.978,53
3.938,66
3.964,67
3.940,73
3.950,82
3.968,93
3.989,99
3.947,101
4.021,101
3.958,97
3.927,95
4.014,92
4.059,105
4.066,107
3.992,107
3.954,103
3.967,107
3.884,97
3.930,96
3.950,102
3.894,100
3.947,101
3.908,97
3.919,100
3.897,101
3.968,100
3.884,97
3.944,100
3.898,94
3.888,98
3.874,94
3.923,94
3.874,94
3.862,91
3.932,90
3.976,95
4.070,101
4.135,106
4.212,107
4.264,108
4.411,116
4.453,114
4.398,112
4.277,112
4.105,97
4.094,101
4.101,103
4.094,101
4.116,93
4.334,107
4.133,98
3.979,96
3.986,98
3.958,97
3.937,98
3.933,97
3.962,98
4.010,105
4.083,105
4.118,108
4.038,106
3.992,107
3.985,105
3.933,97
3.940,99
3.988,106
4.006,104
3.993,100
4.163,107
4.254,105
4.280,113
4.274,111
4.274,111
4.358,107
4.441,103
4.597,106
4.656,109
4.656,109
4.500,106
4.348,104
4.361,108
4.352,105
4.326,112
4.306,106
4.319,110
4.319,110
4.303,105
4.292,102
4.323,104
4.412,109
4.539,103
4.672,86
4.713,61
4.755,41

4.534,15
4.565,59
4.657,82
4.703,101
4.723,107
4.695,106
4.692,91
4.525,73
4.575,86
4.517,90
4.555,108
4.526,114
4.557,116
4.537,117
4.579,115
4.558,109
4.538,110
4.575,114
4.562,110
4.552,107
4.650,107
4.656,109
4.643,105
4.656,109
4.702,108
4.721,114
4.743,106
4.719,106
4.704,109
4.660,110
4.653,108
4.753,123
4.717,120
4.710,118
4.701,115
4.692,105
4.678,101
4.702,108
4.695,106
4.734,103
4.682,77
4.672,69
4.708,51
4.657,33
4.412,24
4.414,45
4.547,65
4.571,85
4.605,101
4.611,110
4.607,109
4.601,107
4.578,93
4.552,75
4.588,78
4.599,69
4.599,70
4.572,66
4.638,58
4.763,62
4.842,73
4.830,89
4.785,104
4.747,107
4.708,110
4.785,104
4.781,89
4.770,70
4.674,75
4.737,90
4.703,94
4.683,95
4.639,104
4.632,102
4.680,88
4.623,72
4.635,52
4.658,38


4.656,25
4.636,53
4.560,37



4.607,12

4.731,35
4.708,51
4.659,50
4.665,62
4.625,75
4.651,93
4.667,105
4.656,109
4.669,113
4.646,106
4.621,113
4.634,117
4.627,115
4.645,113
4.635,110
4.604,108
4.618,112
4.621,113
4.690,119
4.614,111
4.630,116
4.630,116
4.592,119
4.620,120
4.630,116
4.621,113
4.621,113
4.613,118
4.672,121
4.683,117
4.641,119
4.641,119
4.603,115
4.630,116
4.593,112
4.548,106
4.607,109
4.619,105
4.597,106
4.621,113
4.621,113
4.601,107
4.597,106
4.618,112
4.593,112
4.565,111
4.583,109
4.621,113
4.569,112
4.618,112
4.612,103
4.606,94
4.624,86
4.587,83
4.509,88
4.480,93
4.473,98
4.417,103
4.448,105
4.441,103
4.430,107
4.465,110
4.406,107
4.423,112
4.461,109
4.448,105
4.424,105
4.465,110
4.481,115
4.465,110
4.513,110
4.485,109
4.502,114
4.477,114
4.474,113
4.436,109
4.481,115
4.477,114
4.484,116
4.465,110
4.451,106
4.440,110
4.468,111
4.453,114
4.430,107
4.474,113
4.468,111
4.477,114
4.450,113
4.468,111
4.412,109
4.412,109
4.412,109
4.430,107
4.402,106
4.371,104
4.416,110
4.354,106
4.381,114
4.378,113
4.394,111
4.381,114
4.356,114
4.371,111
4.354,106
4.311,100
4.289,101
4.227,97
4.303,105
4.227,97
4.303,105
4.266,94
4.383,100
4.625,107
4.785,104
4.724,100
4.700,100
4.667,105
4.638,111
4.430,107
4.153,104
4.052,103
3.976,95
3.985,91
3.915,92
3.809,90
3.781,83
3.809,90
3.763,91
3.837,91
3.834,97
3.804,95
3.824,94
3.841,99
3.823,101
3.802,102
3.848,101
3.841,99
3.887,105
3.900,102
3.884,97
3.937,98
3.904,103
3.855,103
3.851,102
3.806,103
3.837,105
3.802,102
3.792,99
3.845,100
3.785,97
3.785,97
3.855,103
3.807,96
3.870,100
3.782,96
3.848,101
3.838,98
3.876,102
3.831,96
3.816,99
3.866,99
3.804,95
3.831,96
3.824,94
3.807,96
3.816,92
3.813,91
3.785,97
3.826,102
3.831,96
3.823,101
3.809,90
3.813,91
3.732,83
3.792,92
3.785,84
3.833,90
3.816,92
3.813,85
3.945,87
4.321,96
4.578,93
4.642,79
4.638,58











4.530,21
4.511,42
4.516,58
4.561,49
4.536,43
4.491,56
4.479,75
4.497,91
4.473,98
4.489,110
4.468,111
4.479,107
4.497,105
4.472,105
4.521,105
4.485,88
4.472,64
4.463,46








4.558,10
4.612,53
4.619,64
4.603,87
4.598,99
4.623,99
4.598,92
4.581,81
4.620,65
4.598,68
4.601,75
4.586,89
4.556,101
4.583,109
4.577,107
4.552,107
4.590,104
4.581,81
4.629,81
4.588,96
4.580,108
4.614,111
4.547,98
4.528,75
4.463,47
4.511,36
4.612,55
4.648,70
4.575,70
4.584,82
4.623,92
4.620,85
4.567,97
4.561,95
4.626,100
4.574,99
4.597,106
4.559,102
4.581,101
4.619,105
4.594,105
4.570,105
4.553,100
4.574,99
4.584,102
4.564,96
4.543,84
4.545,79
4.540,78
4.574,72
4.501,73
4.520,79
4.506,87
4.535,102
4.509,109
4.531,108
4.509,109
4.513,110
4.520,112
4.512,117
4.504,107
4.517,104
4.476,99
4.517,104
4.480,100
4.480,100
4.498,98
4.459,101
4.497,105
4.475,106
4.493,104
4.472,105
4.483,101
4.444,90
4.468,58
4.534,15





































































































































































































































































































































































































1.974,16
1.950,30
2.028,48
2.028,48
2.030,54
2.031,57
2.007,60
1.981,59
2.013,66
1.966,71
1.966,71
1.966,71
1.990,69
1.990,68
2.027,77
1.947,76
1.972,76
2.010,79
2.027,77
2.030,83
2.008,84
2.004,78
1.992,75
1.990,70
1.966,70
1.941,69
1.943,75
1.940,72
1.901,77
1.866,80
1.905,96
1.897,101
1.890,99
1.847,101
1.904,103
1.889,106
1.871,108
1.868,107
1.854,103
1.847,101
1.864,106
1.889,106
1.889,106
1.840,99
1.889,106
1.857,104
1.886,105
1.900,102
1.872,101
1.897,101
1.869,100
1.832,90
1.902,95
1.857,90
1.927,95
1.899,88
1.936,91
1.899,88
1.940,92
1.952,95
1.957,90
1.936,91
1.927,95
1.969,93
1.983,97
1.944,100
1.919,93
1.952,95
1.911,91
1.948,94
1.944,93
1.937,98
1.945,87
1.883,84
1.907,90
1.878,89
1.833,84
1.841,86
1.850,82
1.854,83
1.866,86
1.825,82
1.805,78
1.785,79
1.808,84
1.858,84
1.847,81
1.805,78
1.829,83
1.835,79
1.826,77
1.860,79
1.883,84
1.866,80
1.920,87
1.875,82
1.883,84
1.801,77
1.883,84
1.873,94
1.887,98
1.848,94
1.783,84
1.853,89
1.845,87
1.874,88
1.841,80
1.858,84
1.928,89
1.907,90
1.947,101
1.944,100
1.900,102
1.905,96
1.923,94
2.001,95
1.922,81
1.964,74
1.941,69
1.986,64
2.039,66
1.990,72
2.015,68
1.990,73
1.989,74
1.989,67
1.990,69
1.982,60
1.981,58
1.978,52
2.007,60
1.990,73
1.998,88
2.052,102
2.010,112
1.998,109
1.974,109
2.020,115
2.013,113
1.988,113
1.989,106
1.979,103
1.996,101
2.012,98
2.015,92
1.941,86
1.935,79
1.947,76
1.940,72
1.938,66
1.916,71
1.932,60
1.905,57
1.906,59
1.907,60
1.911,64
1.910,63
1.888,66
1.888,66
1.913,66
1.890,73
1.876,77
1.889,74
1.897,76
1.908,84
1.932,90
1.924,88
1.924,88
1.899,88
1.891,86
1.874,88
1.911,91
1.923,94
1.928,89
1.879,83
1.922,81
1.897,76
1.897,76
1.866,70
1.890,68
1.865,68
1.864,67
1.885,63
1.889,67
1.880,56
1.881,58
1.905,56
1.854,54
1.929,53
1.876,46
1.802,50
1.780,57
1.840,68
1.884,62
1.912,65
1.876,39
1.826,35
1.901,36
1.975,33
1.974,12









1.724,25
1.953,52
1.979,55
1.975,30







1.924,28
1.976,35
1.926,36
1.851,44
1.904,55
1.904,55
1.882,60
1.863,66
1.918,75
1.899,88
1.915,99
1.933,97
1.932,104
1.961,105
1.950,102
1.939,106
1.995,108
1.872,101
1.844,100
1.850,102
1.800,102
1.825,102
1.830,96
1.837,98
1.790,92
1.844,100
1.790,99
1.840,99
1.844,100
1.782,90
1.865,99
1.811,91
1.827,95
1.780,96
1.875,102
1.830,96
1.812,98
1.812,98
1.827,95
1.844,100
1.762,85
1.827,95
1.786,91
1.815,99
1.783,97
1.787,98
1.815,99
1.830,96
1.798,94
1.822,101
1.833,97
1.844,100
1.815,92
1.837,98
1.852,95
1.799,88
1.803,89
1.819,93
1.837,98
1.802,95
1.811,91
1.799,88
1.853,89
1.837,85
1.841,86
1.816,86
1.800,82
1.875,82
1.801,77
1.805,78
1.816,69
1.790,73
1.810,79
1.800,82
1.811,91
1.830,96
1.840,99
1.864,106
1.839,106
1.861,105
1.832,104
1.854,103
1.879,103
1.825,102
1.825,102
1.832,90
1.844,100
1.802,95
1.848,94
1.819,93
1.830,96
1.873,94
1.812,85
1.816,80
1.855,78
1.890,73
1.968,75
1.964,74
1.987,85
1.891,86
1.894,93
1.873,94
1.840,92
1.836,91
1.836,91
1.836,91
1.824,88
1.819,93
1.845,87
1.857,90
1.811,91
1.877,95
1.827,95
1.828,89
1.852,95
1.865,92
1.823,94
1.848,94
1.840,92
1.836,91
1.853,89
1.832,90
1.882,90
1.919,93
1.895,87
1.879,83
1.875,82
1.900,82
1.922,81
1.910,79
1.941,80
1.937,85
1.928,89
1.925,82
1.941,86
1.932,90
1.966,86
1.945,87
1.949,88
1.893,75
1.966,80
1.985,79
1.968,75
1.964,67
1.984,62
1.981,58
1.976,46
2.051,16

































































































































































































































































































































































































































21.574,50
21.553,96
21.493,87
21.617,100
21.575,52
21.538,69
21.449,46
21.374,45
21.366,20


21.274,36








































































21.283,79
21.314,86
21.298,102
21.459,91
21.554,111
21.187,67
21.235,98
21.143,87































0.750,14
0.651,32
0.728,49
0.730,53
0.782,58
0.759,61
0.792,71
0.756,78
0.711,79
0.763,85
0.812,91
0.808,90
0.778,95
0.746,87
0.774,94
0.838,98
0.816,92
0.795,93
0.791,99
0.829,89
0.816,92
0.828,95
0.816,92
0.841,92
0.804,89
0.846,87
0.808,90
0.796,87
0.816,92
0.742,86
0.762,91
0.762,91
0.762,91
0.756,96
0.745,93
0.778,95
0.737,91
0.795,100
0.799,94
0.762,91
0.788,85
0.787,91
0.780,83
0.750,88
0.809,84
0.796,87
0.784,84
0.798,81
0.850,88
0.792,86
0.821,87
0.817,80
0.823,76
0.831,78
0.794,75
0.791,68
0.781,56
0.778,49
0.752,41
0.751,29
0.900,9

















































































































































































2.808,19
2.663,31
2.665,39
2.663,32
2.558,36
2.585,41
2.638,38
2.489,19





















2.649,19
2.611,37
2.665,37
2.558,34
2.399,36



























2.900,16
2.842,20









2.685,21
2.769,26
2.718,37
2.691,37
2.718,40
2.718,35
2.851,36
2.824,38
2.851,41
2.797,34
2.770,31
2.770,31
2.823,33
2.849,32
2.824,46
2.824,41
2.851,36
2.797,37
2.822,27
2.823,29
2.875,28
2.875,27
2.927,28
2.927,24
2.928,29
2.900,14
2.769,15
19.716,92
19.738,98
19.724,94
19.662,91
19.634,97
3.007,15
3.031,22
2.981,33
2.981,32
3.035,36
3.087,36
3.035,39
3.035,36
3.034,29
2.982,37
3.009,34
3.013,18
2.974,20
20.414,70
20.656,84
20.602,103
20.446,116
20.419,108
20.530,104
20.579,111
20.476,110
20.623,102
20.689,114
20.747,109
22.218,108
22.068,108
2.923,21
2.822,23
2.823,29
2.769,28
2.848,28
2.955,30
2.954,26
3.033,12
3.034,29
3.033,25
2.824,34
3.009,40
3.035,36
3.061,32
3.034,31
3.087,34
3.086,30
3.027,20
19.490,113
2.927,23
2.929,41
2.929,37
2.956,37
2.981,32
2.980,26
3.029,21
2.976,21
3.060,16


























2.775,18
2.662,27
2.690,32
2.610,32
2.665,39
2.636,28















































































































1.256,18
1.200,17
1.198,22
1.206,18
1.119,20
1.294,20


1.273,22
1.150,17
1.300,11
1.269,20
1.223,22
1.325,26
1.237,19
1.127,35
0.977,37
0.952,46
0.928,48
0.952,44
1.004,52
0.977,46
1.031,56
1.080,54
1.135,62
1.089,66
1.141,68
1.189,66
1.139,66
1.164,66
1.169,75
1.167,80
1.204,89
1.163,85
1.208,90
1.181,96
1.205,103
1.191,99
1.205,103
1.233,104
1.233,104
1.190,106
1.225,109
1.225,109
1.222,108
1.158,104
1.215,106
1.208,104
1.201,102
1.233,104
1.234,97
1.295,100
1.281,96
1.295,100
1.284,97
1.281,96
1.291,92
1.221,87
1.213,85
1.250,88
1.259,84
1.238,85
1.226,82
1.226,82
1.273,81
1.267,80
1.226,82
1.240,74
1.284,84
1.298,81
1.284,84
1.301,82
1.261,79
1.252,77
1.276,82
1.273,81
1.248,76
1.242,71
1.266,73
1.267,71
1.266,73
1.302,77
1.342,71
1.392,80
1.426,82
1.452,77
1.426,82
1.394,75
1.448,76
1.448,76
1.436,79
1.444,75
1.473,76
1.448,76
1.442,80
1.394,75
1.366,73
1.340,74
1.340,74
1.342,71
1.348,76
1.291,72
1.342,70
1.290,74
1.244,75
1.248,76
1.227,77
1.198,76
1.169,75
1.206,78
1.198,76
1.161,79
1.176,82
1.198,81
1.156,78
1.177,77
1.217,80
1.223,81
1.211,79
1.231,78
1.246,87
1.276,82
1.346,87
1.358,90
1.420,93
1.445,93
1.481,96
1.425,88
1.425,88
1.392,86
1.336,79
1.334,84
1.346,87
1.329,89
1.353,95
1.378,95
1.299,94
1.341,99
1.316,92
1.353,95
1.328,95
1.338,98
1.324,94
1.366,99
1.381,96
1.334,97
1.331,96
1.374,94
1.325,88
1.341,92
1.354,89
1.342,86
1.334,84
1.348,81
1.344,75
1.315,74
1.341,72
1.342,70
1.312,64
1.334,61
1.364,66
1.335,62
1.336,63
1.364,66
1.338,65
1.333,60
1.364,66
1.338,65
1.342,70
1.340,67
1.342,70
1.317,70
1.306,78
1.392,86
1.286,79
1.301,82
1.309,84
1.300,88
1.292,86
1.284,84
1.312,91
1.337,91
1.304,89
1.316,92
1.316,92
1.308,90
1.324,94
1.320,93
1.262,91
1.303,95
1.270,93
1.254,89
1.266,92
1.295,93
1.308,90
1.288,85
1.241,72
1.298,76
1.281,78
1.294,75
1.266,72
1.306,78
1.302,77
1.317,80
1.256,78
1.312,91
1.280,83
1.284,84
1.300,88
1.271,87
1.238,85
1.228,95
1.196,87
1.170,93
1.200,88
1.208,90
1.154,89
1.151,82
1.092,71
1.142,71
1.152,77
1.115,74
1.089,66
1.066,72
1.056,78
1.048,76
1.048,76
1.073,81
1.017,80
1.011,79
0.976,82
0.944,75
0.842,70
0.866,73
0.890,74
0.890,74
0.906,78
0.884,84
0.869,75
0.898,76
0.917,80
0.894,75
0.873,76
0.848,76
0.844,75
0.891,73
0.948,76
0.944,75
0.976,82
1.004,89
0.970,93
1.000,88
0.974,94
0.953,95
0.953,95
0.905,83
0.908,90
0.916,92
0.933,90
0.909,84
0.950,88
0.950,88
0.884,84
0.901,82
0.934,84
0.859,84
0.880,83
0.888,85
0.888,85
0.863,85
0.888,85
0.884,84
0.917,86
0.888,85
0.876,82
0.909,84
0.908,90
0.946,87
0.958,90
0.988,85
0.946,87
0.996,87
0.983,90
0.950,88
0.995,93
0.987,91
0.992,86
0.976,82
1.016,92
1.050,88
0.976,82
1.059,84
1.096,87
1.080,83
1.084,84
1.080,83
1.055,83
1.105,83
1.061,79
1.056,78
1.002,77
0.998,76
0.973,81
1.009,84
0.996,87
0.984,84
0.971,87
1.012,91
0.983,90
1.004,89
0.992,86
1.016,92
1.025,88
0.991,92
1.000,88
1.020,93
1.016,92
1.041,92
1.042,86
1.059,84
1.042,86
0.994,75
1.001,82
1.009,84
0.998,76
1.006,78
0.967,80
0.992,80
0.976,82
0.998,76
0.998,76
0.976,82
0.973,81
0.992,80
0.977,77
0.980,83
0.967,80
0.944,75
1.011,79
0.961,79
0.961,79
0.992,80
0.956,78
0.986,79
0.981,78
0.977,77
0.977,77
0.977,77
1.009,84
1.034,84
0.976,82
1.005,83
0.990,74
0.998,76
1.051,82
1.030,83
1.073,81
1.156,78
1.167,80
1.198,81
1.217,80
1.201,82
1.217,71
1.236,63
1.205,55
1.181,57
1.203,49
1.179,52
1.177,42
1.250,26
1.200,25
1.127,42
1.207,59
1.235,62
1.232,59
1.282,59
1.278,48
1.278,48
1.277,46
1.277,47
1.327,44
1.303,48
1.380,53
1.354,51
1.352,46
1.427,43
1.551,41
1.701,36
1.726,36
1.527,49
1.634,62
1.461,63
1.467,80
1.523,81
1.631,59

















1.925,31
1.876,36
1.860,63
1.930,57
1.874,27
2.118,65
1.731,58
1.743,75
1.745,87
1.780,96
1.775,102
1.747,101
1.723,94
1.727,95
1.678,89
1.641,86
1.737,85
1.853,89
2.081,95
2.079,82
1.955,78
1.885,63
0.827,46
0.838,65
0.817,80
0.842,80
0.815,74
0.856,78
0.884,84
0.819,75
0.873,81
0.896,87
0.880,83
0.911,79
0.961,79
0.950,88
0.908,90
0.887,91
0.928,95
0.913,98
0.888,98
0.913,98
0.958,104
0.965,106
0.937,105
0.924,94
0.966,92
0.991,99
0.966,92
1.008,90
1.017,80
1.011,79
1.026,82
0.994,75
1.027,77
0.944,75
0.976,82
0.961,79
1.001,82
1.017,80
1.021,87
1.038,85
1.073,81
1.073,81
1.106,78
1.192,70
1.301,102
1.695,115
2.415,114
2.383,105
2.116,63
2.219,60
2.360,68
2.372,77
2.387,92
2.369,94
2.342,94
2.400,95
2.356,91
2.374,89
2.387,92
2.396,94
2.374,89
2.352,90
2.343,88
2.353,84
2.335,80
2.353,84
2.398,82
2.368,76
2.356,64
2.382,63
2.347,49
2.346,38
12.625,120
12.738,102
12.494,118
12.645,90
12.476,120
12.484,122
12.455,121
12.480,114
12.450,105
11.642,124
10.929,121
10.339,89
5.600,103
5.437,92
5.105,84
5.124,95
5.137,99
2.346,77
2.257,75
2.277,64
2.306,67
2.296,54
2.319,45
2.349,54
2.296,55
2.323,56
2.297,57
2.297,57
2.272,60
2.304,65
2.271,58
2.300,61
2.274,62
2.302,63
2.303,64
2.255,69
2.262,76
2.284,75
2.281,73
2.306,74
2.288,81
2.300,84
2.325,90
2.241,89
2.272,104
2.280,106
2.291,102
2.280,106
2.287,108
2.268,110
2.290,109
2.250,105
2.277,105
2.258,100
2.272,90
2.313,87
2.308,86
2.275,79
2.297,78
2.311,75
2.308,71
2.362,71
2.834,79
3.076,72
3.051,71
3.164,54
3.630,43
3.925,32
12.486,101
12.482,107
12.694,131
14.735,104
14.748,122
14.897,122
14.814,120
14.882,118
3.582,48
3.433,45
3.326,75
3.275,70
3.247,66
3.363,58
3.307,15
14.548,122
14.449,122
14.438,119
14.390,105
















14.683,18
14.868,71
14.818,121
3.062,37
3.113,48
3.095,62
3.058,76
3.071,79
3.018,79
2.997,72
2.997,73
3.201,86
3.245,91
3.250,86
3.198,66
3.447,71
3.362,78
3.104,75
3.025,80
2.998,86
2.942,85
3.047,85
3.050,92
2.639,95
2.376,78
2.392,87
2.304,98
2.284,107
2.311,107
2.320,95
2.313,87
2.306,106
2.294,95
2.290,88
2.282,80
2.335,80
2.270,78
2.249,63
2.368,81
2.498,93
2.583,88
3.076,92
2.301,62
2.281,72
2.248,62
3.685,60
3.582,50
2.372,40
2.298,59
2.301,62
2.306,74
2.380,84
2.321,89
2.318,82
2.317,88
2.308,80
2.322,83
2.400,95
2.391,93
2.403,96
2.488,112
2.533,117
2.504,102
2.474,101
2.433,97
2.365,93
2.418,100
2.430,96
2.370,88
2.302,79
2.315,76
2.248,62
2.267,48
2.185,33
2.237,26


















3.776,24
3.730,49
3.684,58
3.685,60
3.661,60
3.709,58
3.734,59
3.743,69
3.736,84
3.685,90
3.653,88
3.722,100
3.715,98
3.637,84
3.685,90
3.700,81
3.737,79
3.774,76
3.846,87
3.763,91
3.677,88
3.686,97
3.690,98
3.686,97
3.690,98
3.678,82
3.611,60
3.679,42
3.782,57
3.694,86
3.690,98
3.686,97
3.711,97
3.672,93
3.676,94
3.690,98
1.179,110
1.162,105
1.120,100
1.042,86
0.961,79
0.956,78
0.967,80
0.952,77
0.956,78
0.927,77
0.923,81
0.955,83
0.980,83
0.980,83
0.984,84
0.961,79
0.941,72
0.952,77
0.941,73
0.966,72
0.977,77
0.942,69
0.916,68
0.942,71
1.094,75
1.191,72
1.291,72
1.341,72
1.466,72
1.527,77
1.575,82
1.645,87
1.633,97
1.679,103
1.661,105
1.714,106
1.675,102
1.637,98
1.673,94
1.628,89
1.603,89
1.595,87
1.591,86
1.591,86
1.603,89
1.680,96
1.743,107
1.703,110
1.716,114
1.828,124
2.301,119
2.600,92
2.494,70
2.497,75
2.492,74
2.518,66
2.731,67
3.203,75
3.694,70
3.839,66
3.885,62
3.880,55
4.183,66
4.204,79
4.237,100
4.268,102
4.166,108
4.125,103
4.221,95
4.227,84
4.240,76
4.256,67
4.079,60
4.009,63
4.009,79
3.891,86
3.669,80
3.641,65
3.667,67
3.682,54
3.631,48
3.679,46
3.630,37
3.727,26
3.628,27
3.855,53
4.062,74
4.051,89
4.032,97
3.820,93
3.611,90
3.580,82
3.530,82
3.553,94
3.562,90
3.570,92
3.550,87
3.603,88
3.552,76
3.565,79
3.620,80
3.651,81
3.654,82
3.673,87
3.812,79
3.867,80
4.023,88
4.146,102
4.222,110
4.039,99
3.245,91
3.127,80
3.104,75
3.075,74
3.126,73
3.108,76
3.157,76
3.234,82
3.393,91
3.524,100
3.471,92
3.394,85
3.231,81
3.100,74
3.087,77
3.111,82
3.058,76
3.062,77
3.096,79
3.086,82
3.077,80
3.079,75
3.112,77
3.096,79
3.135,82
3.091,78
3.110,88
3.110,88
3.130,87
3.096,79
3.077,80
3.076,73
3.049,74
3.102,80
3.102,70
3.127,80
3.104,75
3.127,86
3.123,85
3.134,88
3.132,81
3.127,80
3.091,78
3.050,73
3.412,78
3.682,83
3.649,87
3.668,92
3.657,89
3.649,87
3.648,93
3.668,92
3.657,89
3.767,92
4.227,97
4.248,96
4.472,105
4.485,109
4.462,102
4.480,100
4.505,93
4.469,84
4.459,81
4.451,74
4.476,72
4.469,61
4.417,55
4.466,54
4.441,53
4.391,52
4.414,42

3.033,27
2.976,21
3.729,40
3.976,48
4.077,53
4.151,56
4.127,59
4.125,55
4.183,66
4.180,63
4.186,70
4.210,80
4.206,85
4.177,90
4.226,90
4.145,88
4.157,91
4.137,86
4.032,84
4.080,84
4.088,86
4.080,84
4.028,83
4.071,94
4.076,89
4.077,83
4.133,98
4.167,101
4.121,102
3.197,85
3.150,68
3.126,73
3.145,79
3.101,73
3.127,80
3.159,88
3.134,88
3.091,78
3.132,81
3.172,85
3.372,92
3.580,102
3.628,88
3.570,73
3.530,82
3.503,81
3.509,83
3.631,95
3.611,90
3.683,96
3.520,92
3.058,81
2.851,77
2.846,76
2.907,83
2.965,79
3.069,84
3.119,84
3.132,81
3.087,77
2.997,72
2.919,73
2.944,68
2.893,71
2.994,65
3.077,71
3.126,73
3.176,71
3.104,75
3.050,72
3.051,70
3.051,70
3.102,71
3.049,67
3.024,72
3.058,76
3.049,74
3.062,77
3.027,75
2.998,71
2.996,74
2.993,64
2.945,69
2.942,66
2.995,66
3.041,59
3.235,47
3.584,54
3.708,57
3.743,70
3.733,78
3.686,84
3.767,92
3.775,94
3.723,87
3.703,82
3.611,90
3.542,85
3.562,90
3.570,92
3.534,83
3.558,89
3.513,84
3.606,95
3.554,88
3.323,72
3.277,75
3.545,73
4.027,89
4.212,107
3.587,84
3.476,87
3.520,92
3.545,92
3.439,97
3.220,91
3.008,82
2.978,76
2.945,71
2.998,70
2.995,66
2.972,71
2.972,69
3.051,70
3.259,82
3.147,85
3.018,79
2.998,71
3.054,75
3.025,70
2.998,71
3.066,78
3.051,80
3.009,77
3.018,79
3.086,82
3.045,79
3.024,73
2.996,74
3.176,80
3.123,85
3.127,86
3.083,81
3.062,77
3.071,79
3.108,81
3.077,80
3.062,77
3.054,75
3.049,74
3.051,69
3.054,75
3.025,71
3.112,77
3.091,78
3.076,73
3.049,74
3.102,71
3.054,75
3.076,68
3.132,76
3.426,93
3.651,101
3.924,109
4.144,116
4.130,119
4.123,117
4.144,116
4.012,113
4.001,117
3.776,109
3.692,106
3.601,101
3.560,96
3.549,100
3.527,101
3.585,96
3.774,101
3.918,107
4.020,108
4.120,109
4.215,108
4.224,118
4.301,119
4.280,113
4.259,114
4.194,109
4.198,103
4.285,107
4.272,103
4.243,102
4.258,92
4.330,92
4.265,81
4.248,78
4.235,80
4.167,76
2.971,73
3.046,64
3.044,62
3.990,71
4.157,85
4.250,90
4.227,97
4.218,109
4.182,98
4.208,106
4.198,103
4.175,96
4.189,93
4.199,78
4.234,68
4.174,54
4.221,49
4.178,61
4.137,80
4.196,95
4.321,96
4.282,70
4.221,50
18.120,105
4.241,10
4.034,63
3.971,81
3.506,82
2.891,74
2.838,74
2.786,73
2.866,80
2.770,82
4.186,86
4.136,99
4.069,108
3.967,107
2.903,102
2.676,85
2.599,74
2.585,77
2.607,81
2.581,76
2.607,81
2.607,81
2.621,79
2.600,73
2.625,67
2.623,65
2.710,93
2.741,94
2.690,82
2.647,79
2.627,71
2.573,73
2.626,72
2.570,65
2.564,58
2.800,52
2.909,58
2.986,53
3.035,43
3.035,36
3.035,34
2.871,21









2.748,18
2.822,25
2.824,41
2.825,48
2.827,54
2.882,58
2.838,67
2.837,66
2.837,66
2.840,71
2.840,70
2.813,69
2.813,69
2.734,71
2.785,74
2.793,76
2.731,74
2.744,77
2.731,74
2.731,74
2.754,79
2.740,76
2.679,73
2.705,74
2.706,72
2.709,75
2.717,82
2.728,91
2.707,86
2.769,88
2.717,82
2.760,86
2.722,78
2.770,82
2.734,80
2.774,83
2.707,80
2.695,78
2.707,80
2.734,80
2.713,76
2.760,80
2.734,71
2.801,83
2.911,84
2.994,91
3.118,90
3.362,96
3.418,91
3.398,86
3.320,85
3.291,84
3.040,78
2.960,78
2.904,77
2.942,85
2.942,85
3.031,81
2.813,80
2.718,77
2.713,76
2.687,76
2.740,76
2.683,75
2.701,79
2.727,79
2.687,76
2.707,80
2.680,86
2.607,81
2.566,84
2.488,79
2.435,79
2.346,77
2.284,75
2.229,71
2.149,69
2.088,62
2.199,66
2.414,72
2.413,67
2.678,74
2.736,75
2.775,78
2.767,81
2.713,76
2.729,85
2.804,90
1.520,100
1.475,109
1.522,108
1.447,108
1.458,104
1.465,106
1.462,105
1.374,94
1.387,91
1.354,89
1.346,87
1.366,92
1.395,93
1.462,91
1.412,91
1.388,85
2.781,91
2.812,92
2.791,87
1.456,96
1.428,95
1.416,92
1.366,92
1.384,97
1.338,85
1.311,79
1.261,79
1.296,87
1.292,86
1.298,81
1.256,78
1.313,85
1.273,76
1.261,79
1.294,75
1.317,80
1.320,93
1.395,93
2.464,85
2.647,79
2.541,79
1.680,78
1.480,83
1.455,83
1.498,81
1.559,62
1.731,58
1.826,45
1.331,56
1.289,66
1.273,76
1.256,78
1.280,83
1.223,81
1.206,78
1.161,79
1.254,89
1.237,91
1.200,88
1.233,90
1.225,88
1.258,90
1.292,86
1.280,83
1.292,86
1.275,88
1.270,93
1.241,99
1.255,103
1.265,106
1.262,105
1.258,104
1.191,99
1.241,99
1.241,99
1.251,102
1.241,99
1.241,99
1.234,97
1.259,97
1.253,95
1.212,91
1.220,93
1.208,90
1.217,86
1.192,86
1.246,87
1.226,82
1.251,82
1.296,87
1.308,90
1.304,89
1.350,88
1.392,86
1.450,88
1.529,89
1.720,87
1.828,89
2.007,90
2.096,86
2.113,90
2.179,93
2.219,90
2.188,89
2.164,78
2.129,81
2.182,81
2.143,79
2.185,82
2.133,77
2.176,80
2.238,82
2.244,78
2.265,82
2.304,85
2.247,84
2.250,91
2.198,98
2.167,97
2.174,92
2.109,89
2.152,93
2.183,94
2.263,94
2.250,91
2.312,93
2.360,99
2.198,98
1.990,92
1.773,94
1.665,92
1.571,87
1.484,84
1.451,82
1.450,88
1.376,82
1.401,82
1.413,85
1.392,86
1.373,81
1.384,84
1.396,87
1.361,79
1.342,80
1.352,77
1.392,80
1.417,80
1.315,74
1.319,75
1.292,69
1.239,66
1.162,64
0.987,64
0.911,63
0.731,56
0.657,58
0.653,50
0.780,54
0.683,60
0.730,54
0.705,53
0.731,57
0.710,62
0.707,58
0.705,55
0.736,63
0.731,57
0.730,54
0.760,62
0.756,57
0.730,54
0.782,58
0.841,68
0.859,61
0.992,69
1.039,66
1.141,73
1.169,75
1.192,70
1.191,73
1.191,72
1.242,70
1.261,79
1.216,72
1.217,71
1.191,73
1.166,68
1.091,72
1.067,70
0.994,75
0.886,63
0.789,66
0.787,64
0.739,66
0.688,65
0.712,64
0.664,66
0.691,68
0.692,69
0.692,69
0.663,65
0.639,66
0.666,68
0.662,64
0.641,68
0.612,64
0.640,67
0.642,69
0.635,62
0.662,64
0.632,59
0.659,61
0.658,60
0.657,58
0.656,57
0.657,59
0.682,59
0.660,62
0.633,60
0.710,62
0.657,59
0.683,60
0.683,60
0.682,59
0.686,63
0.689,66
0.714,66
0.691,72
0.738,65
0.641,68
0.742,69
0.690,67
0.692,71
0.692,69
0.641,68
0.692,70
0.691,68
0.665,74
0.667,70
0.690,74
0.692,69
0.640,67
0.666,68
0.662,64
0.687,64
0.635,62
0.708,60
0.711,63
0.688,65
0.690,67
0.717,69
0.684,61
0.742,70
0.684,61
0.667,69
0.687,64
0.687,64
0.691,68
0.692,70
0.640,67
0.688,65
0.707,59
0.690,67
0.692,70
0.688,65
0.688,65
0.641,68
0.710,62
0.664,66
0.735,62
0.741,68
0.739,66
0.784,61
0.837,64
0.832,59
0.830,55
0.891,68
0.917,69
1.016,72
1.031,78
1.061,79
1.073,81
1.067,80
1.061,79
1.052,77
1.066,72
1.202,77
1.246,87
1.262,91
1.241,92
1.233,90
1.308,90
1.238,85
1.248,81
1.292,86
1.290,74
1.316,73
1.466,68
1.647,76
1.625,82
1.603,89
1.636,91
1.640,92
1.633,84
1.624,88
1.615,92
1.615,92
1.574,94
1.549,94
1.524,94
1.492,86
1.488,85
1.488,85
1.526,82
1.560,79
1.566,80
1.604,83
1.620,87
1.607,90
1.615,92
1.601,102
1.633,97
1.608,104
1.580,103
1.595,100
1.566,99
1.595,100
1.531,96
1.551,102
1.612,105
1.548,101
1.538,98
1.531,96
1.559,97
1.538,98
1.566,99
1.545,100
1.503,95
1.563,98
1.559,97
1.556,96
1.558,90
1.528,95
1.537,91
1.534,84
1.484,84
1.480,83
1.492,80
1.473,81
1.438,85
1.411,79
1.454,89
1.384,84
1.417,86
1.421,87
1.400,88
1.400,88
1.358,90
1.367,80
1.396,87
1.367,80
1.379,89
1.326,82
1.334,84
1.331,78
1.376,82
1.342,86
1.317,86
1.321,87
1.329,89
1.337,91
1.308,90
1.324,94
1.348,101
1.341,99
1.348,101
1.340,106
1.330,103
1.355,103
1.372,108
1.362,105
1.333,104
1.345,100
1.351,102
1.362,105
1.348,101
1.330,103
1.395,100
1.359,97
1.333,90
1.316,92
1.288,85
1.223,81
1.262,91
-999999999
1.224,94
1.231,96
1.281,96
1.270,100
1.245,100
1.245,100
1.238,98
1.224,94
1.245,93
1.212,91
1.220,93
1.250,88
1.237,91
1.246,87
1.242,86
1.216,68
1.316,72
1.390,74
1.326,82
1.292,86
1.212,91
1.206,96
1.167,86
1.188,85
1.188,85
1.171,87
1.173,81
1.161,79
1.240,74
1.373,76
1.589,74
1.690,72
1.685,79
1.780,78
1.933,84
2.043,86
2.002,89
2.031,96
1.961,91
1.973,94
1.936,91
1.945,87
1.940,92
1.932,90
1.982,90
1.937,85
1.916,80
1.940,72
1.990,70
2.093,66
2.251,65
2.362,71
2.094,74
1.815,68
1.789,74
1.715,73
1.714,67
1.843,75
2.022,81
2.182,76
2.306,74
2.700,62
2.780,63
2.726,62
2.559,50
1.626,39
1.402,46
1.331,57
1.392,70
1.436,79
1.459,84
1.467,86
1.446,87
1.434,84
1.455,83
1.476,82
1.451,82
1.455,83
1.390,74
1.390,74
1.390,67
1.342,70
1.341,73
1.342,80
1.348,81
1.330,83
1.326,82
1.344,75
1.342,80
1.344,75
1.355,83
1.323,81
1.351,82
1.423,81
1.597,76
1.715,73
1.772,76
1.740,72
1.705,78
1.745,87
1.748,94
1.750,102
1.750,102
1.730,96
1.773,94
1.758,84
1.697,76
1.743,75
1.690,72
1.716,70
1.691,69
1.689,67
1.635,63
1.662,65
1.636,64
1.641,70
1.637,65
1.637,65
1.606,58
1.629,53
1.676,40
1.875,29
2.452,40
2.454,52
2.517,65
2.521,69
2.572,74
2.536,78
2.601,80
2.601,80
2.578,87
2.482,83
2.459,84
2.455,83
2.448,81
2.477,82
2.561,83
2.532,77
2.558,77
2.594,79
2.548,69
2.571,66
2.520,68
2.521,69
2.530,88
2.542,91
2.525,87
2.539,84
2.527,81
2.536,78
2.523,75
2.494,80
2.466,74
2.474,76
2.573,73
2.516,64
2.484,59
2.507,52
2.533,49
2.532,37
2.451,30
2.399,46
2.429,54
2.463,64
2.466,74
2.488,79
2.512,84
2.507,89
2.485,90
2.533,95
2.506,95
2.555,94
2.516,91
2.521,80
2.574,71
2.568,63
2.585,44
2.504,32
2.436,19
2.504,32
2.424,30
2.346,45
2.453,48
2.564,59
2.517,65
2.521,70
2.568,79
2.548,80
2.530,88
2.538,90
2.570,85
2.525,87
2.574,86
2.561,83
2.570,85
2.531,82
2.532,77
2.527,76
2.492,74
2.488,79
2.478,77
2.501,76
2.548,80
2.550,75
2.464,65
2.460,62
2.400,49
2.346,36
2.470,20














































































21.846,23
21.933,64
21.967,87
2.105,31
2.080,39
2.027,47
2.060,60
2.039,66
2.035,62
2.039,66
2.043,70
2.038,65
2.041,67
2.036,63
2.059,58
2.034,61
2.092,65
2.084,56
2.081,48
2.027,38
2.025,23



1.700,30
1.776,44
1.776,45
1.756,59
1.756,58
1.761,64
1.765,68
1.741,71
1.741,70
1.743,75
1.765,68
1.789,67
1.830,56
1.751,46
1.775,30
































2.503,25
2.576,20
2.662,24
2.583,25
2.610,29
2.660,22










































































































































































































































































































































































































































































































1.150,15
1.071,21
1.173,22
1.175,26
1.175,26
1.175,28
1.352,36
1.327,37
1.626,46
1.504,52
1.330,53
1.281,57
1.205,55
1.180,53
1.182,59
1.159,61
1.160,62
1.140,67
1.090,67
1.091,68
1.116,72
1.156,78
1.144,75
1.144,75
1.091,73
1.144,75
1.161,79
1.119,75
1.184,84
1.136,79
1.176,82
1.130,83
1.117,86
1.142,86
1.120,93
1.166,92
1.166,92
1.142,86
1.150,88
1.159,84
1.134,84
1.150,88
1.126,82
1.126,82
1.142,86
1.150,88
1.146,87
1.113,85
1.144,75
1.142,80
1.111,79
1.134,84
1.101,82
1.126,82
1.119,75
1.161,79
1.123,76
1.166,72
1.156,78
1.144,75
1.141,72
1.156,78
1.152,77
1.142,71
1.089,66
1.142,69
1.116,73
1.142,70
1.117,70
1.092,71
1.141,73
1.148,76
1.115,74
1.115,74
1.141,72
1.148,76
1.140,74
1.141,72
1.165,74
1.167,71
1.167,70
1.141,73
1.177,77
1.144,75
1.148,76
1.211,79
1.217,80
1.211,79
1.188,85
1.201,82
1.198,76
1.194,75
1.152,77
1.117,69
1.141,73
1.091,73
1.091,73
1.042,71
1.066,73
1.092,71
1.142,71
1.173,81
1.148,76
1.156,78
1.176,82
1.217,86
1.204,89
1.238,85
1.209,84
1.180,83
1.192,86
1.188,85
1.205,83
1.200,88
1.204,89
1.200,88
1.208,90
1.231,96
1.231,96
1.237,91
1.295,100
1.284,97
1.281,96
1.320,93
1.353,95
1.367,86
1.421,87
1.448,81
1.543,75
1.626,77
1.685,79
1.729,83
1.729,83
1.689,74
1.787,85
1.697,76
1.722,81
1.710,79
1.754,83
1.701,77
1.705,78
1.697,76
1.758,84
1.758,84
1.755,78
1.693,75
1.722,76
1.722,76
1.691,69
1.716,71
1.741,71
1.736,64
1.686,64
1.684,62
1.728,51
1.752,49
1.726,41
1.726,36
1.768,20






















































2.716,25
2.824,34
2.239,47
2.191,59
2.200,67
2.202,69
2.201,73
2.231,75
2.304,85
2.229,80
2.273,84
2.255,80
2.255,80
2.255,80
2.238,82
2.255,80
2.190,78
2.264,88
2.215,89
2.092,85
1.994,87
1.845,87
1.766,86
1.761,91
1.737,98
1.755,96
1.705,96
1.712,98
1.679,83
1.701,77
1.691,71
1.712,65
2.168,62
2.759,72
2.793,76
2.793,76
2.846,76
2.876,82
2.904,77
2.920,80
2.812,72
2.828,78
2.786,72
2.767,81
2.774,83
2.823,82
2.876,82
2.876,82
2.929,82
2.908,78
2.908,78
2.892,73
2.893,70
2.863,66
2.834,63
2.858,61
2.811,67
2.837,66
2.787,69
2.680,71
2.653,68
2.629,75
2.574,71
2.601,70
2.558,77
2.573,72
2.572,74
2.581,76
2.572,74
2.545,74
2.572,74
2.576,75
2.523,75
2.545,74
2.443,75
2.417,75
2.355,79
2.419,87
2.357,85
2.349,83
2.383,91
2.379,90
2.370,88
2.405,90
2.366,87
2.440,92
2.401,89
2.440,92
2.388,80
2.406,84
2.534,89
2.490,85
2.508,83
2.508,83
2.561,83
2.566,84
2.566,84
2.541,79
2.588,83
2.605,87
2.588,83
2.627,86
2.640,89
2.623,85
2.680,86
2.654,86
2.623,85
2.634,81
2.619,84
2.566,84
2.548,80
2.527,81
2.557,82
2.483,78
2.504,82
2.488,79
2.413,74
2.425,77
2.421,76
2.430,78
2.417,75
2.414,73
2.435,79
2.421,76
2.441,80
2.395,81
2.383,91
2.345,82
2.362,86
2.402,83
2.410,85
2.387,92
2.440,92
2.362,86
2.396,94
2.383,91
2.405,90
2.459,97
2.430,96
2.396,94
2.426,95
2.449,94
2.444,93
2.405,90
2.370,88
2.400,95
2.403,96
2.391,93
2.430,96
2.396,94
2.396,94
2.403,96
2.467,99
2.456,96
2.430,96
2.427,89
2.403,96
2.453,95
2.403,96
2.396,94
2.449,94
2.433,97
2.396,94
2.453,95
2.383,91
2.440,92
2.449,94
2.401,89
2.392,87
2.436,91
2.437,98
2.448,101
2.285,93
1.836,91
1.199,94
1.178,95
1.117,86
1.096,87
1.042,86
1.030,83
1.058,90
1.050,88
1.070,93
1.128,95
1.108,90
1.050,88
1.096,87
1.066,92
1.038,85
1.075,88
1.051,82
1.056,78
1.056,78
0.992,71
0.986,63
0.967,69
0.888,65
0.832,59
0.862,64
0.838,65
0.832,58
0.782,59
0.757,59
0.814,66
0.781,57
0.735,62
0.715,67
0.762,64
0.789,66
0.732,59
0.788,65
0.788,65
0.790,67
0.840,67
0.794,75
0.856,78
0.869,75
0.906,78
0.944,75
0.956,78
1.011,79
0.965,74
0.991,73
0.998,76
1.041,68
1.010,62
0.936,63
0.857,58
0.780,55
0.681,56
0.681,57
0.684,61
0.635,62
0.635,62
0.683,60
0.710,62
0.707,59
0.706,57
0.736,63
0.788,65
0.866,68
0.867,71
0.917,70
0.942,71
1.042,80
1.048,81
1.069,75
1.061,79
1.092,80
1.040,74
1.069,75
1.066,68
1.067,70
1.091,72
1.037,64
1.030,54
0.903,50
0.830,54
0.730,53
0.680,54
0.680,55
0.629,52
0.654,52
0.680,54
0.634,61
0.680,55
0.658,60
0.632,58
0.681,56
0.655,53
0.656,56
0.679,52
0.681,56
0.629,51
0.628,49
0.679,51
0.656,57
0.705,53
0.606,56
0.681,57
0.704,51
0.706,57
0.705,53
0.678,50
0.755,54
0.780,53
0.830,54
0.807,58
0.805,54
0.932,58
0.931,56
0.915,67
0.886,63
0.916,73
0.886,63
0.790,67
0.766,68
0.742,70
0.739,66
0.685,62
0.740,67
0.690,67
0.686,63
0.737,64
0.689,66
0.713,65
0.713,65
0.741,68
0.692,70
0.736,63
0.737,64
0.790,67
0.691,73
0.710,62
0.739,66
0.736,63
0.739,66
0.792,69
0.759,84
0.756,96
0.716,99
0.723,101
0.728,95
0.741,92
0.738,85
0.730,83
0.742,70
0.742,71
0.687,64
0.757,58
0.758,60
0.863,65
0.992,70
1.010,62
1.092,70
1.142,70
1.252,77
1.290,74
1.167,80
1.023,76
0.998,76
0.902,77
0.923,81
0.817,70
0.791,72
0.792,71
0.740,67
0.767,71
0.766,68
0.906,78
1.140,74
1.202,77
1.216,68
1.140,74
1.141,72
1.090,67
1.066,72
1.091,73
1.144,75
1.119,75
1.127,77
1.098,76
1.141,73
1.166,68
1.314,66
1.417,71
1.341,68
1.239,66
1.060,62
0.832,59
0.758,60
0.762,64
0.763,65
0.736,63
0.742,71
0.741,68
0.741,72
0.740,74
0.716,72
0.792,70
0.765,74
0.798,76
0.791,68
0.792,69
0.791,73
0.838,65
0.892,70
0.992,70
1.044,75
1.148,76
1.211,79
1.236,79
1.248,76
1.190,74
1.090,74
0.891,68
0.742,70
0.741,68
0.744,75
0.727,77
0.706,78
0.719,75
0.702,77
0.773,81
0.741,73
0.717,69
0.742,69
0.837,64
0.917,70
0.966,73
0.942,71
0.892,70
0.815,67
0.741,73
0.741,73
0.691,72
0.736,79
0.692,80
0.808,90
0.801,82
0.827,77
0.890,74
0.888,65
0.866,72
0.860,62
0.841,73
0.767,69
0.792,70
0.763,65
0.742,71
0.737,64
0.730,55
0.733,60
0.734,61
0.731,57
0.737,64
0.737,64
0.684,61
0.714,66
0.731,56
0.757,58
0.937,64
0.942,69
0.917,69
0.892,69
0.890,67
0.891,68
0.866,72
0.881,78
0.900,88
0.879,89
0.923,101
0.909,97
0.934,97
0.870,93
0.916,92
0.884,84
0.876,82
0.867,69
0.867,69
0.839,66
0.867,69
0.942,69
1.069,75
1.141,73
1.169,75
1.238,85
1.206,78
1.236,79
1.246,87
1.217,86
1.167,80
1.181,78
1.141,72
1.252,77
1.194,75
1.273,76
1.336,79
1.298,76
1.341,73
1.323,81
1.323,76
1.344,75
1.400,88
1.333,90
1.350,88
1.329,89
1.308,90
1.301,82
1.317,86
1.236,79
1.223,81
1.152,77
1.116,73
1.091,72
1.056,78
1.067,71
1.041,73
1.052,77
1.041,72
1.027,77
1.015,74
1.017,69
0.991,73
0.991,73
0.991,73
0.991,68
0.890,67
0.861,63
0.807,59
0.680,55
0.605,54
0.529,52
0.377,47
0.302,46
0.278,48
0.252,44
0.252,47
0.229,51
0.255,54
0.255,55
0.230,55
0.282,59
0.281,56
0.286,63
0.287,64
0.264,66






















































































































0.306,78
0.380,83
0.317,80



















0.342,80
0.277,77
0.240,74
0.262,64
0.231,57
0.327,47
0.452,47
0.781,57
0.758,60
0.761,63
0.788,65
0.839,66
0.866,68
0.841,73
0.967,69
0.998,76
1.031,78
1.084,84
1.155,83
1.188,85
1.199,94
1.224,94
1.203,95
1.223,101
1.203,95
1.213,98
1.191,92
1.216,99
1.228,95
1.228,95
1.224,94
1.183,90
1.198,76
1.190,67
1.137,64
1.138,65
1.092,69
1.117,71
1.115,67
1.135,62
1.114,66
1.116,72
1.116,72
1.140,74
1.148,76
1.180,83
1.142,86
1.123,81
1.136,79
1.094,75
1.098,76
1.102,77
1.152,77
1.116,73
1.131,78
1.117,80
1.142,86
1.150,88
1.120,93
1.131,96
1.141,99
1.145,100
1.173,101
1.113,98
1.099,94
1.120,93
1.099,94
1.124,94
1.104,89
1.120,93
1.103,95
1.088,85
1.121,87
1.073,81
1.117,80
1.094,75
1.077,77
1.092,69
1.111,63
1.087,64
1.055,54
1.108,60
1.102,45
0.954,51
0.927,40
0.952,47
0.953,49
0.905,55
0.880,54
0.883,60
0.935,62
0.942,69
0.990,67
0.942,70
0.942,71
0.984,84
0.988,85
0.975,88
0.992,86
0.967,86
0.934,84
0.979,89
0.958,90
0.954,89
0.925,88
0.966,92
0.979,89
0.967,86
0.966,92
0.963,85
0.921,87
0.938,85
0.934,84
0.930,83
0.948,76
0.913,65
0.936,63
0.881,56
0.856,57
0.807,59
0.836,63
0.784,61
0.789,66
0.792,70
0.790,67
0.811,79
0.769,75
0.759,84
0.742,86
0.808,90
0.784,97
0.779,89
0.775,88
0.750,88
0.850,88
0.791,72
0.790,67
0.786,63
0.765,74
0.766,73
0.792,70
0.791,73
0.798,76
0.791,73
0.790,74
0.748,76
0.786,79
0.791,72
0.791,73
0.794,75
0.744,75
0.817,80
0.748,76
0.776,82
0.786,79
0.780,83
0.748,81
0.748,81
0.734,84
0.826,82
0.773,81
0.748,76
0.780,83
0.781,78
0.742,80
0.781,78
0.748,76
0.742,71
0.766,73
0.748,76
0.752,77
0.792,80
0.776,82
0.781,78
0.748,76
0.756,78
0.744,75
0.765,74
0.748,76
0.742,70
0.791,72
0.742,69
0.742,71
0.742,71
0.744,75
0.742,71
0.741,73
0.742,80
0.742,80
0.773,81
0.690,74
0.780,83
0.740,74
0.717,80
0.723,81
0.742,80
0.752,77
0.798,81
0.761,79
0.755,83
0.734,84
0.717,80
0.734,84
0.771,87
0.702,77
0.734,84
0.742,86
0.729,89
0.723,81
0.726,82
0.738,85
0.780,83
0.717,80
0.751,82
0.752,77
0.723,81
0.748,81
0.691,73
0.742,69
0.742,71
0.741,72
0.734,61
0.714,66
0.738,65
0.733,60
0.710,62
0.731,57
0.756,57
0.791,73
0.823,81
0.896,87
0.871,87
0.838,85
0.900,88
0.904,89
0.954,89
0.913,85
0.895,93
0.853,95
0.934,97
0.884,97
0.956,96
0.920,93
3.305,81
3.192,60
3.334,40
3.309,36
3.235,42
3.208,25






























































































































14.754,43
14.560,60
1.377,43
1.427,47
1.385,62
1.409,61
1.442,71
1.390,74
1.417,70
1.358,60
1.492,70
1.495,93
1.441,92
1.455,83
1.441,72
1.442,70
1.467,69
1.442,69
1.467,80
1.470,93
1.466,99
1.478,95
1.441,99
1.431,96
1.445,93
1.462,91
1.445,93
1.470,93
1.466,92
1.474,94
1.454,89
1.446,87
1.398,76
1.417,70
1.410,62
1.386,63
1.435,62
1.382,59
1.479,52
1.431,57
1.430,53
1.407,59
1.387,64
1.410,62
1.367,70
1.390,67
1.392,71
1.391,73
1.390,74
1.366,73
1.406,78
1.452,77
1.467,80
1.394,75
1.423,81
1.467,80
1.480,83
1.426,82
1.459,84
1.492,86
1.427,77
1.451,82
1.448,81
1.446,87
1.438,85
1.442,86
1.458,90
1.454,89
1.462,91
1.470,93
1.491,92
1.491,92
1.466,92
1.506,96
1.503,95
1.437,91
1.505,103
1.445,100
1.505,103
1.515,106
1.465,106
1.497,108
1.515,106
1.494,107
1.505,103
1.506,96
1.516,92
1.470,93
1.481,96
1.451,102
1.505,103
1.490,106
1.480,103
1.515,106
1.483,104
1.525,109
1.507,111
1.483,104
1.520,100
1.509,84
1.463,65
1.437,64
1.360,62
1.336,63
1.366,72
1.391,72
1.413,85
1.355,83
1.416,92
1.409,97
1.381,96
1.416,99
1.358,90
1.413,98
1.391,99
1.374,94
1.388,98
1.384,97
1.406,96
1.381,96
1.448,101
1.409,97
1.406,96
1.381,96
1.428,95
1.438,98
1.391,99
1.416,99
1.413,98
1.384,97
1.415,106
1.358,90
1.409,97
1.403,95
1.381,96
1.391,99
1.384,97
1.378,95
1.388,98
1.408,90
1.388,98
1.384,97
1.378,95
1.381,96
1.431,96
1.395,93
1.358,90
1.387,91
1.370,93
1.370,93
1.358,90
1.408,90
1.383,90
1.392,86
1.392,86
1.379,89
1.363,85
1.359,84
1.380,83
1.359,84
1.392,86
1.384,84
1.359,84
1.326,82
1.350,88
1.408,90
1.450,88
1.423,81
1.326,82
1.329,89
1.379,89
1.484,97
1.517,80
1.515,74
1.467,70
1.516,68
1.490,74
1.511,79
1.519,75
1.541,69
1.538,66
1.532,60
1.506,56
1.404,51
1.330,53
1.305,54
1.378,48
1.484,61
1.539,74
1.526,82
1.562,91
1.533,90
1.528,95
1.499,94
1.534,97
1.563,98
1.549,94
1.534,97
1.524,94
1.503,95
1.512,105
1.544,107
1.544,107
1.554,110
1.546,115
1.490,106
1.567,114
1.536,112
1.553,117
1.536,112
1.529,110
1.554,110
1.533,104
1.558,104
1.545,100
1.584,97
1.546,87
1.567,86
1.563,85
1.542,80
1.530,83
1.480,83
1.508,90
1.516,92
1.499,94
1.495,100
1.498,101
1.501,102
1.495,100
1.491,99
1.495,100
1.506,96
1.506,96
1.508,90
1.512,91
1.500,88
1.471,87
1.500,88
1.537,91
1.517,86
1.476,82
1.509,84
1.542,86
1.525,88
1.504,89
1.488,85
1.578,95
1.558,90
1.566,92
1.541,92
1.505,83
1.558,90
1.538,85
1.550,88
1.513,85
1.473,81
1.531,78
1.465,74
1.391,73
1.415,67
1.392,70
1.389,66
1.340,67
1.384,61
1.290,67
1.283,60
1.339,66
1.342,69
1.342,69
1.335,62
1.336,63
1.385,62
1.357,59
1.363,65
1.380,55
1.377,46
1.378,49
1.352,46
1.377,37
1.352,36
1.402,39
1.377,34
1.302,34
1.327,39
1.302,43
1.328,49
1.329,52
1.330,55
1.358,60
1.362,64
1.387,64
1.364,66
1.362,64
1.410,62
1.387,64
1.408,60
1.412,64
1.430,55
1.382,59
1.380,55
1.383,60
1.410,62
1.357,59
1.410,62
1.433,60
1.384,61
1.409,61
1.383,60
1.391,68
1.336,63
1.388,65
1.342,70
1.366,73
1.406,78
1.356,78
1.348,81
1.361,79
1.376,82
1.398,76
1.340,74
1.364,66
1.336,63
1.336,63
1.331,56
1.356,56
1.478,49
1.456,56
1.431,57
1.442,69
1.423,76
1.402,77
1.396,87
1.400,88
1.433,90
1.399,94
1.412,91
1.396,87
1.445,93
1.400,88
1.408,90
1.400,88
1.437,91
1.408,90
1.391,99
1.384,97
1.473,101
1.445,100
1.420,100
1.455,103
1.406,96
1.481,96
1.484,97
1.428,95
1.420,93
1.499,94
1.521,87
1.520,93
1.538,85
1.537,91
1.591,86
1.517,80
1.542,86
1.570,93
1.562,91
1.562,91
1.574,94
1.554,89
1.603,95
1.558,90
1.542,80
1.567,86
1.542,80
1.511,79
1.516,73
1.465,74
1.448,76
1.392,80
1.417,80
1.405,83
1.351,82
1.311,79
1.326,82
1.326,82
1.288,85
1.362,91
1.366,92
1.255,83
1.292,86
1.316,92
1.267,86
1.254,89
1.259,84
1.320,93
1.299,94
1.229,89
1.295,93
1.300,88
1.325,88
1.334,97
1.430,103
1.462,105
1.372,108
1.230,103
1.021,87
1.034,84
1.000,88
1.026,82
1.026,82
0.992,69
0.958,60
1.017,70
0.990,67
0.991,68
0.969,75
1.017,71
1.048,76
1.042,71
1.092,80
1.081,78
1.061,79
1.080,83
1.084,84
1.088,85
1.076,82
1.073,81
1.076,82
1.052,77
1.019,75
1.026,82
1.038,85
1.063,85
1.048,81
1.048,81
1.048,81
1.034,84
1.051,82
1.076,82
1.038,85
1.080,83
1.073,81
1.084,84
1.086,79
1.126,82
1.077,77
1.117,80
1.134,84
1.076,82
1.123,81
1.134,84
1.125,88
1.142,86
1.138,85
1.138,85
1.138,85
1.092,80
1.101,82
1.138,85
1.101,82
1.088,85
1.113,85
1.076,82
1.088,85
1.088,85
1.117,86
1.146,87
1.092,86
1.092,80
1.081,78
1.123,81
1.134,84
1.098,81
1.067,80
1.146,87
1.091,72
1.142,70
1.091,68
1.089,66
1.032,59
1.032,59
1.030,53
1.028,50
1.027,43
0.975,28
1.150,7
18.115,111
18.189,118
18.164,118
18.082,116
18.024,92
18.098,74
18.046,98
18.008,116
18.118,119
18.288,96
18.415,104
20.057,97
17.027,120
17.124,119
17.070,118
19.914,106
19.914,106
16.272,124
16.381,120
16.337,107
20.563,92
19.878,110
20.210,105
16.351,97
20.951,89
16.430,120
16.480,120
20.537,67
7.150,62
7.159,107
7.185,100
7.166,102
7.214,116
7.173,104
7.212,108
7.197,111
7.254,113
7.297,111
7.276,112
7.276,112
7.284,107
7.256,99
7.266,102
7.270,103
7.310,93
7.273,90
7.296,96
7.288,81
7.303,65
7.192,42
13.925,100
13.855,109
13.810,110
21.506,84
20.003,103
0.850,26
0.852,43
0.957,58
0.942,69
0.942,71
0.942,71
0.948,76
0.991,68
0.952,77
0.973,76
0.981,78
0.952,77
0.930,83
0.980,83
0.927,77
0.919,75
0.952,77
0.967,80
0.976,82
0.961,79
0.967,80
0.944,75
0.915,67
0.941,72
0.940,67
0.942,71
0.939,66
0.965,74
0.941,73
0.944,75
0.992,69
0.941,73
0.998,76
0.944,75
0.981,78
0.969,75
0.991,73
0.981,78
0.956,78
1.011,79
0.961,79
0.973,81
0.967,80
0.961,79
0.984,84
0.988,85
0.979,89
0.992,86
0.976,82
0.942,80
1.013,85
0.980,83
1.006,78
0.980,83
1.002,77
0.941,73
0.937,64
0.886,63
0.905,55
0.877,45
0.927,35
0.977,35
1.026,30
1.025,28
1.075,25
1.052,35
1.076,33
1.073,22
0.977,40
1.054,52
1.056,57
0.985,62
1.090,67
1.112,64
1.089,66
0.953,49
0.986,63
7.486,87
1.081,57
7.615,82
7.595,96
7.544,103
7.578,113
7.543,110
7.542,95
7.598,84
7.546,58
7.342,37
7.440,17
22.348,39
22.326,54
20.054,78
20.182,97
20.231,104
20.223,109
20.438,92
20.379,59
20.374,40
7.448,60
7.506,72
7.518,89
7.554,106
1.579,83
1.620,87
1.599,88
1.587,85
1.669,93
1.655,96
1.627,95
1.652,95
1.599,88
1.711,91
1.690,92
1.583,84
1.647,76
7.559,100
7.537,101
7.519,103
7.515,102
7.518,110
7.539,109
7.526,105
7.543,110
7.543,110
7.529,106
7.564,109
7.533,107
7.568,110
7.610,115
7.575,112
7.606,114
7.597,104
7.647,90
7.606,71
7.646,58
1.787,65
1.822,76
1.854,83
1.853,89
1.850,102
1.794,100
1.603,95
1.334,97
1.045,93
1.000,88
0.958,90
0.912,91
0.892,86
0.876,82
0.852,77
0.841,72
0.852,77
0.844,75
0.905,83
0.901,82
0.892,86
0.867,80
0.891,72
0.834,61
0.839,66
0.862,64
0.859,61
0.837,64
0.816,73
0.866,68
0.840,67
0.862,64
0.807,59
0.834,61
0.805,55
0.879,52
0.856,56
0.886,63
0.882,58
0.887,64
0.886,63
0.885,62
0.888,65
0.889,66
0.889,66
0.865,67
0.867,70
0.841,68
0.866,68
0.841,72
0.839,66
0.866,72
0.841,68
0.842,70
0.842,71
0.841,68
0.841,68
0.844,75
0.842,70
0.842,70
0.865,74
0.841,73
0.841,72
0.869,75
0.842,71
0.844,75
0.844,75
0.840,74
0.842,71
0.865,67
0.866,68
0.864,66
0.842,70
0.838,65
0.835,62
0.834,61
0.881,56
0.879,51
0.904,52
0.877,45
0.927,44
0.902,46
0.931,56
1.035,62
1.252,77
1.194,75
1.392,71
1.259,61
1.227,42
1.178,48
1.179,51
1.236,63
1.241,68
1.244,75
1.215,74
1.231,78
1.256,78
1.217,80
1.254,89
1.271,87
1.246,87
1.267,86
1.258,90
1.262,91
1.255,83
1.279,89
1.270,93
1.266,92
1.320,93
1.279,89
1.295,100
1.284,97
1.305,103
1.301,102
1.284,97
1.295,100
1.284,97
1.331,96
1.348,101
1.334,97
1.320,93
1.329,89
1.312,91
1.371,87
1.400,88
1.362,91
1.378,95
1.395,100
1.349,94
1.301,102
1.270,100
1.241,99
1.174,94
1.162,91
1.141,92
1.166,92
1.108,90
1.156,96
1.145,93
1.145,100
1.141,99
1.163,98
1.181,96
1.184,97
1.128,95
1.173,101
1.166,99
1.184,97
1.170,93
1.154,89
1.195,93
1.138,85
1.102,77
1.194,75
1.202,77
1.192,69
1.240,74
1.315,74
1.292,71
1.341,72
1.298,76
1.315,74
1.342,70
1.291,72
1.267,70
1.285,62
1.234,61
1.232,58
1.230,55
1.202,46
1.127,43
1.077,43
1.002,46
0.980,53
1.030,55
1.116,68
1.088,65
1.090,67
1.117,70
1.091,68
1.090,74
1.094,75
1.061,79
1.069,75
1.067,80
1.051,82
0.998,81
0.956,78
0.956,78
0.902,77
0.917,80
0.881,78
0.802,77
0.831,78
0.823,81
0.831,78
0.830,83
0.826,82
0.794,75
0.811,79
0.856,78
0.844,75
0.798,76
0.798,76
0.740,74
0.741,72
0.767,70
0.739,66
0.741,72
0.742,70
0.744,75
0.740,74
0.766,73
0.806,78
0.740,74
0.742,71
0.767,80
0.736,79
0.759,84
0.788,85
0.754,89
0.755,83
0.803,95
0.784,97
0.838,98
0.781,96
0.791,99
0.809,97
0.845,100
0.841,92
0.812,91
0.821,87
0.825,88
0.817,86
0.811,79
0.836,79
0.836,79
0.823,76
0.873,81
0.867,80
0.898,76
0.841,68
0.866,73
0.892,69
0.891,68
0.891,72
0.892,70
0.917,71
0.965,74
0.990,74
1.002,77
1.023,76
1.080,83
1.096,87
1.080,83
1.075,88
1.075,88
1.112,91
1.081,96
1.028,95
1.029,89
1.031,96
0.995,93
0.946,87
0.946,87
0.917,80
0.923,81
0.856,78
0.873,81
0.877,77
0.906,78
0.891,72
0.840,74
0.865,67
0.865,74
0.842,69
0.915,67
0.941,68
0.967,70
1.040,67
1.092,70
1.141,72
1.141,72
1.090,74
1.167,80
1.161,79
1.217,71
1.244,75
1.244,75
1.219,75
1.240,74
1.173,76
1.190,74
1.144,75
1.167,69
1.156,78
1.142,80
1.136,79
1.130,83
1.105,83
1.142,86
1.113,85
1.121,87
1.056,78
1.073,76
1.076,82
1.066,72
1.098,76
1.098,76
1.065,74
1.077,77
1.066,72
1.141,72
1.141,73
1.098,76
1.127,77
1.111,79
1.086,79
1.084,84
1.092,86
1.042,80
1.104,89
1.046,87
1.013,85
1.009,84
1.017,86
0.986,79
0.961,79
1.005,83
1.023,81
1.029,89
0.996,87
0.995,93
1.016,92
0.987,91
1.028,95
1.020,93
0.962,91
0.999,94
0.958,90
1.016,92
1.020,93
1.020,93
0.999,94
1.028,95
0.970,93
0.983,90
1.012,91
1.034,84
1.016,92
1.041,92
0.980,83
1.025,88
1.000,88
1.025,88
1.025,88
1.025,88
0.980,83
1.042,86
1.026,82
1.023,81
1.023,76
1.041,68
1.092,71
1.091,68
1.289,66
1.492,71
1.612,65
1.641,71
1.643,75
1.610,79
1.649,88
1.666,86
1.625,82
1.605,78
1.689,74
1.691,71
1.666,69
1.656,58
1.604,54
1.634,62
1.680,57
1.705,57
1.591,69
1.467,80
1.267,80
1.287,91
1.253,95
1.241,99
1.149,94
1.195,100
1.223,101
1.220,100
1.241,99
1.203,95
1.196,87
1.241,92
1.204,89
1.180,83
1.304,89
1.259,84
1.267,80
1.276,82
1.248,81
1.302,77
1.311,79
1.248,76
1.263,85
1.161,79
1.111,79
0.791,73
0.392,71
0.385,62
0.358,60
0.334,61
0.288,65
0.282,59
0.257,59
0.260,62
0.286,63
0.282,58
0.282,59
0.332,58
0.337,64
0.309,61
0.286,63
0.287,64
0.309,61
0.290,67
0.311,63
0.337,64
0.287,64
0.337,64
0.281,57
0.332,58
0.361,63
0.366,68
0.388,65
0.383,60
0.539,66
0.691,73
0.417,71
0.342,71
0.282,59
0.308,60
0.332,58
0.329,51
0.328,50
0.329,52
0.542,70
0.991,73
1.067,80
1.125,88
1.170,93
1.153,95
1.178,95
1.170,100
1.145,100
1.151,102
1.151,102
1.170,100
1.138,98
1.166,99
1.116,99
1.138,98
1.087,91
1.108,90
1.046,87
1.046,87
1.100,88
1.108,90
1.096,87
1.120,93
1.103,95
1.129,89
1.158,90
1.104,89
1.096,87
1.076,82
1.129,89
1.134,84
1.138,85
1.019,75
0.741,68
0.842,70
1.019,75
1.134,84
1.191,92
1.247,108
1.280,103
1.230,103
1.195,100
1.158,90
1.056,78
0.994,75
0.919,75
0.952,77
0.906,78
0.948,81
0.923,76
0.952,77
0.980,83
0.956,78
0.948,81
0.973,81
0.976,82
0.992,86
0.998,81
0.967,80
1.038,85
1.017,80
1.027,77
1.065,74
1.117,69
1.112,64
1.140,67
1.232,58
1.234,61
1.234,61
1.187,64
1.136,63
1.089,66
0.982,59
0.885,62
0.885,62
0.839,66
0.837,64
0.835,62
0.834,61
0.888,65
0.992,70
0.966,72
0.967,70
1.006,78
1.050,88
1.033,90
1.056,96
1.063,98
1.041,99
1.041,99
1.031,96
1.020,93
0.971,87
0.902,77
0.917,80
0.927,77
0.844,75
0.817,69
0.841,68
0.827,77
0.841,72
0.841,73
0.819,75
0.791,72
0.816,73
0.815,67
0.740,67
0.742,70
0.785,62
0.764,66
0.790,67
0.791,68
0.838,65
0.814,66
0.836,63
0.838,65
0.889,66
0.942,69
0.992,69
0.991,68
0.991,68
1.042,69
1.042,71
1.090,74
1.088,85
1.084,84
1.100,88
1.046,87
1.050,88
1.000,88
1.050,88
1.031,78
1.017,86
0.961,79
1.076,82
1.017,80
0.941,73
0.998,76
0.944,75
0.952,77
0.986,79
1.013,85
1.026,82
0.973,81
0.998,76
0.967,80
1.013,85
0.961,79
0.986,79
0.973,76
0.973,81
0.969,75
0.936,79
0.919,75
0.941,73
0.916,73
0.967,70
0.892,70
0.891,73
0.942,69
0.892,69
0.892,70
0.867,69
0.840,74
0.792,70
0.665,74
0.656,78
0.565,74
0.465,74
0.492,71
0.490,74
0.467,69
0.487,64
0.535,62
0.506,57
0.479,52
0.402,43
0.427,42
0.528,48
0.942,71
1.398,76
1.572,76
1.649,88
1.687,85
1.691,80
1.737,85
1.757,90
1.795,87
1.799,88
1.803,89
1.882,90
1.911,91
1.928,89
1.920,87
1.920,87
1.923,94
1.898,94
1.753,89
1.715,92
1.516,92
1.376,82
1.261,79
1.261,79
1.217,80
1.161,79
1.116,73
1.042,71
0.967,70
0.912,64
0.855,53
0.831,56
0.804,52
0.756,57
0.763,65
0.831,56
0.789,66
0.784,61
0.837,64
0.786,63
0.809,61
0.783,60
0.779,52
0.731,56
0.731,56
0.780,53
0.781,57
0.831,56
0.831,57
0.862,64
0.887,64
0.866,68
0.891,68
0.915,67
0.892,70
0.912,64
0.892,71
0.892,70
0.944,75
0.948,76
0.961,79
0.917,80
0.951,82
0.917,80
0.973,81
0.967,80
0.923,76
0.948,76
1.001,82
0.952,77
0.992,80
0.961,79
1.002,77
1.011,79
0.976,82
1.030,83
1.048,81
1.042,86
1.076,82
1.042,80
1.063,85
1.080,83
1.123,81
1.048,76
1.073,81
1.061,79
1.076,82
1.061,79
1.002,77
0.988,85
0.996,87
1.016,92
1.000,88
1.008,90
1.004,89
1.012,91
1.008,90
1.041,92
0.988,85
0.861,79
0.789,66
0.864,66
0.838,65
0.986,79
1.078,95
1.081,96
1.106,96
1.120,93
1.096,87
1.076,82
1.006,78
1.013,85
1.055,83
1.026,82
1.067,80
1.098,76
1.066,73
1.067,70
1.044,75
1.102,77
1.202,77
1.406,78
1.597,81
1.750,82
1.887,85
1.875,82
1.929,83
0.398,81
0.342,80
0.311,79
0.342,86
0.277,77
0.331,78
2.092,85
2.102,81
0.548,76
2.136,83
2.102,76
2.122,80
2.153,87
0.561,79
2.079,82
2.087,84
2.096,86
2.100,87
2.034,84
2.081,95
2.042,92
2.095,99
2.068,99
0.491,99
2.046,100
0.548,101
0.501,102
2.049,101
2.038,98
2.046,100
2.056,103
2.060,104
1.999,102
2.052,102
2.049,101
2.042,99
2.015,92
2.068,92
2.064,91
0.370,93
0.353,95
0.384,97
0.366,99
0.348,101
0.362,91
0.362,91
0.338,85
0.330,83
0.267,80
0.256,78
0.338,85
0.298,81
0.326,82
0.298,76
0.264,66
0.289,66
0.267,71
0.292,71
0.292,69
0.287,64
0.265,67
0.234,61
0.259,61
0.259,61
0.284,61
0.259,61
0.284,61
0.279,52
0.255,53
0.279,51
0.279,52
0.277,47
0.279,51
0.277,47
0.277,47
0.228,48
0.252,45
0.278,50
0.279,51
0.241,68
0.294,75
0.311,79
0.367,86
0.323,81
0.309,84
0.358,90
0.325,88
0.304,89
0.358,90
0.374,94
0.350,88
0.371,87
0.346,87
0.396,87
0.342,86
0.367,86
0.379,89
0.396,87
0.408,90
0.400,88
0.446,87
0.400,88
0.392,86
0.405,83
0.409,84
0.369,75
0.439,66
0.404,51
0.391,68
0.342,69
0.367,69
0.292,69
0.330,83
0.325,88
0.388,98
0.351,102
0.394,107
0.381,96
0.386,63
0.352,47
0.377,44
0.403,49
0.427,44
0.427,42
0.427,45
0.431,56
0.390,67
0.465,67
0.462,64
0.387,64
0.442,70
0.439,66
0.414,66
0.440,67
0.367,70
0.440,67
0.392,71
0.410,62
0.437,64
0.411,63
0.431,57
0.433,60
0.382,58
0.435,62
0.435,62
0.405,53
0.429,52
0.405,55
0.430,53
0.430,55
0.430,53
0.404,51
0.403,50
0.377,44
0.452,42
0.427,42
0.427,43
0.428,48
0.452,41
0.428,49
0.485,62
0.464,66
0.456,56
0.427,47
0.427,38
0.402,40
0.427,45
0.452,41
0.427,35
0.452,36
0.426,31
0.427,34
0.425,27
0.476,32
0.426,31
0.526,30
0.450,24
0.525,27
0.476,29
0.473,22
0.550,24
0.525,25
0.498,22
0.450,14
0.419,20
0.475,10
15.675,143
15.738,140
15.645,129
0.376,29
0.252,38
0.302,45
0.277,47
0.253,50
0.279,51
0.253,50
0.302,46
0.277,40
0.252,41
0.277,40
0.301,30
0.301,30
0.377,34
0.375,27
0.426,33
0.450,16
0.396,21
5.830,79
5.863,107
5.844,109
5.844,109
5.848,110
5.855,112
5.898,110
5.893,116
5.906,105
5.890,87
5.857,98
5.869,109
5.905,112
5.915,115
5.880,112
5.890,115
5.911,114
5.918,116
5.926,111
6.090,108
5.970,102
5.897,95
5.884,106
5.901,111
5.897,95
6.050,111
6.057,113
6.074,118
6.033,106
6.050,111
6.068,109
6.052,97
5.961,69
5.853,61
5.981,105
6.017,116
1.233,90
1.282,111
1.282,111
1.255,103
1.288,98
1.262,91
1.291,92
1.241,92
1.200,88
1.148,76
1.148,76
1.131,78
1.205,83
1.136,79
1.159,84
1.136,79
1.196,87
1.196,87
1.117,80
1.163,85
1.192,86
1.204,89
1.184,84
1.204,89
1.208,90
1.154,89
1.216,92
1.199,94
1.166,92
1.208,90
1.179,89
1.142,86
1.184,97
1.212,91
1.170,93
1.191,92
1.192,86
1.208,90
1.155,83
1.196,87
1.173,81
1.161,79
1.198,81
1.141,73
1.161,79
1.159,84
1.151,82
1.167,86
1.184,84
1.156,78
1.152,77
1.148,76
1.123,76
1.111,63
1.133,60
1.077,47
1.077,47
1.177,40
1.211,63
1.294,75
1.265,74
1.206,57
1.210,62
1.198,76
1.287,91
1.250,88
1.278,95
1.378,95
1.381,96
1.224,94
1.226,82
1.330,83
1.352,77
5.992,81
1.177,77
1.241,68
1.190,67
1.303,50
1.177,34
8.757,64
3.060,88
3.145,112
3.254,122
3.268,119
3.313,118
6.093,123
6.135,121
6.154,112
6.044,82
6.031,98
5.967,101
5.964,100
5.975,118
5.993,116
5.965,115
6.001,111
6.054,112
6.049,96
6.076,90
6.113,93
6.084,92
6.039,87
0.913,85
0.887,91
0.908,90
0.958,90
6.053,119
6.067,116
6.042,116
6.067,116
6.028,119
6.014,115
6.011,114
6.029,112
5.998,110
5.994,109
5.991,108
6.018,109
6.033,106
6.040,108
6.033,106
6.114,115
6.037,107
6.075,111
6.083,106
6.056,98
6.035,86
6.074,78
6.059,72
6.035,71
6.053,62
6.010,68
6.016,76
8.451,84
8.501,97
8.414,101
8.395,110
8.415,116
6.067,129
6.167,116
6.154,112
6.082,113
6.075,111
6.097,110
6.093,109
6.110,114
6.094,102
6.193,109
6.157,113
8.475,104
8.504,105
8.549,96
8.652,125
8.508,127
8.439,108
8.456,113
8.489,108
8.465,101
8.484,86
8.564,115
8.519,102
8.490,101
8.483,99
8.557,113
8.699,124
2.806,62
2.718,45
2.718,46
2.771,34
2.851,77
8.602,104
8.606,105
8.563,100
8.564,87
8.663,134
10.302,121
10.259,116
10.277,114
10.250,106
10.375,113
10.497,132
10.493,131
10.387,136
10.412,136
10.393,131
10.401,133
8.784,139
8.770,129
8.668,116
8.672,117
8.624,103
8.619,109
8.668,116
8.629,119
8.554,112
10.177,114
10.174,113
10.171,112
10.181,115
10.181,115
10.141,118
10.152,114
10.146,112
10.191,118
10.188,117
8.841,128
8.771,123
8.762,121
8.796,123
8.808,126
8.741,122
8.719,116
8.702,111
8.723,117
8.824,130
8.782,132
8.867,128
10.272,126
10.210,109
10.231,115
10.157,108
10.200,106
10.267,111
10.295,119
10.316,118
10.338,117
10.321,112
10.377,127
10.339,143
8.860,139
8.820,129
3.689,91
3.918,107
3.879,110
3.871,115
3.849,116
3.902,117
3.895,115
3.839,113
3.780,110
3.709,111
3.667,106
2.362,70
2.281,72
2.229,71
2.244,57
2.252,66
2.224,65
2.282,70
2.229,69
2.249,63
2.186,45
2.239,42
2.186,41
2.239,44
2.186,47
2.240,50
2.299,60
2.253,67
2.221,62
2.250,64
2.224,65
2.225,66
2.221,62
2.252,66
2.200,74
2.252,66
2.201,68
2.252,66
2.229,70
2.249,63
2.249,63
2.189,54
2.294,49
2.186,46
2.240,48
2.213,40
9.355,130
9.302,123
14.568,127
9.060,112
9.174,116
9.085,112
8.942,107
8.926,110
8.944,115
8.997,116
9.053,124
9.178,117
8.930,104
8.855,104
8.843,108
8.948,123
9.147,135
10.242,131
10.145,119
10.131,115
10.074,113
10.088,117
10.134,116
9.879,115
3.516,91
3.492,91
3.478,101
3.517,98
3.479,94
3.447,86
3.390,84
3.458,95
3.418,91
3.393,91
3.353,87
3.394,85
3.398,86
3.439,84
3.439,84
3.431,88
3.442,91
3.475,93
3.486,96
3.496,99
3.481,102
3.446,99
3.489,97
3.402,87
3.446,92
3.418,91
3.422,92
3.467,91
3.479,94
3.454,94
3.461,96
3.508,95
3.520,92
3.447,69
3.446,73
3.441,63
3.442,64
3.573,75
3.324,80
3.219,79
3.426,93
3.678,102
3.759,104
3.788,105
3.742,99
3.767,92
3.838,98
3.807,96
3.911,91
9.009,112
8.994,115
8.948,109
8.957,84
8.798,44
9.026,42
8.975,77
9.048,94
9.002,110
8.977,110
8.995,108
9.031,111
9.087,120
9.018,100
9.099,109
9.069,100
9.065,99
9.040,92
9.109,97
9.108,104
4.485,88
4.462,82
4.402,74
4.393,78
4.464,95
4.322,111
4.024,102
3.930,96
3.884,97
3.884,97
3.841,99
3.771,93
3.725,81
3.768,86
3.742,73
3.667,74
3.675,76
3.713,79
3.732,83
3.728,82
3.760,84
3.760,84
3.801,88
3.824,94
3.828,95
3.848,101
3.862,105
3.888,98
3.845,93
3.831,96
3.849,94
3.911,105
3.907,104
3.928,110
3.964,106
3.996,101
9.192,127
4.529,100
4.584,102
9.136,112
9.121,115
9.268,114
9.048,94
9.028,110
9.205,124
9.107,111
8.992,107
9.056,111
9.075,102
9.233,131
9.242,127
9.229,130
9.271,128
9.286,138
9.296,134
9.303,136
9.321,134
9.355,130
9.281,124
2.771,37
2.771,37
2.744,37
2.665,46
2.730,66
2.725,61
8.201,112
8.129,106
8.146,111
8.129,106
8.146,111
8.136,108
8.180,106
8.191,102
8.173,97
8.129,106
8.161,108
8.202,105
8.529,112
9.321,107
9.314,105
9.335,104
9.389,112
9.503,116
10.102,121
9.875,114
9.737,118
9.692,112
9.671,106
9.692,105
9.739,104
9.715,97
9.740,84
9.954,100
10.231,115
6.459,127
6.204,112
9.775,107
8.225,119
8.337,122
8.243,117
8.201,112
8.164,109
8.136,108
8.187,108
8.169,103
8.152,98
6.439,115
6.410,121
6.328,119
6.240,108
8.195,103
8.267,102
8.323,111
9.899,92
9.891,90
9.996,105
9.925,114
9.900,114
9.872,113
6.359,127
6.239,122
6.118,109
6.143,109
6.154,112
6.150,111
6.160,114
6.154,112
6.153,119
6.157,113
6.175,111
6.175,111
6.169,102
6.129,79
6.085,69
6.046,49
6.045,37
5.988,20
13.917,64
13.871,68
13.846,73
13.841,79
13.876,87
13.838,90
13.880,88
13.885,83
13.886,78
13.868,65
13.863,60
5.894,13
6.020,35
6.052,61
6.108,74
6.149,96
6.180,105
6.204,112
6.190,108
6.217,116
6.293,123
6.328,119
6.347,110
6.213,100
6.188,93
6.193,109
6.173,103
6.143,109
6.157,113
6.157,113
6.160,114
6.182,113
6.221,117
6.243,123
6.334,127
6.387,134
6.404,132
6.324,118
6.209,99
6.213,93
6.215,108
6.254,112
6.285,114
6.272,110
6.355,105
6.363,100
6.391,101
6.566,129
6.628,132
6.620,130
6.577,119
6.456,85
6.456,98
6.480,105
6.488,100
6.438,100
6.427,97
6.456,98
6.480,105
6.450,111
6.460,114
6.465,108
6.472,110
6.457,113
6.467,116
6.510,114
6.500,111
6.500,111
6.465,108
6.497,110
6.479,112
6.504,112
6.504,112
6.466,101
6.589,108
6.573,118
6.513,115
6.566,116
6.541,116
6.553,112
6.596,110
6.596,110
6.586,107
6.592,109
6.588,115
6.517,109
6.517,109
6.564,108
6.532,106
6.514,108
6.500,111
4.680,109
4.618,112
4.569,112
4.652,115
4.663,111
4.614,111
4.672,114
4.637,118
4.635,110
4.599,114
4.538,110
4.521,105
4.469,97
4.497,91
4.522,98
2.295,110
2.366,115
2.285,100
2.299,90
2.202,71
2.208,76
2.235,76
2.255,80
2.270,78
2.254,72
2.204,75
2.239,77
2.291,82
2.238,82
2.268,89
2.295,89
2.341,101
2.443,107
2.526,108
2.304,98
2.401,110
2.296,83
2.395,101
2.414,99
2.503,109
2.350,96
2.300,84
2.322,83
2.321,89
2.321,89
2.424,102
2.444,93
2.410,85
4.506,115
4.594,105
4.526,86
4.543,84
4.537,95
4.549,99
4.563,103
4.612,103
4.605,101
4.584,102
4.608,102
4.653,108
4.728,129
4.788,132
4.815,139
4.797,128
4.510,82
4.588,96
4.517,104
4.586,117
4.534,109
4.538,110
4.528,107
4.570,105
4.531,108
4.552,107
4.514,103
4.521,105
4.514,103
4.486,102
4.555,108
4.570,105
4.539,103
4.556,101
4.546,105
4.552,107
4.573,106
4.635,110
4.680,109
4.686,118
4.686,118
4.781,117
4.718,113
4.787,119
4.774,115
4.783,118
4.749,115
4.725,115
4.707,117
4.721,114
4.710,118
4.663,111
4.627,115
4.593,112
4.575,114
4.541,111
4.558,109
4.517,104
4.521,105
4.530,115
4.520,112
4.565,111
4.552,107
4.555,108
4.562,110
4.542,104
4.524,106
-999999999
4.531,108
4.566,104
4.595,98
4.601,107
4.593,112
4.565,111
4.533,116
4.526,114
4.528,107
4.554,115
4.572,113
4.513,110
4.522,98
4.531,108
4.534,109
4.569,112
4.568,119
4.540,118
4.557,116
4.579,115
4.575,114
4.533,116
4.571,120
4.530,115
4.572,113
4.542,104
4.581,101
4.586,95
4.526,86
4.510,82
4.563,83
4.569,79
4.575,80
4.575,86
4.619,105
4.601,107
4.611,110
4.565,111
4.552,107
4.581,101
4.587,103
4.522,98
4.522,98
4.564,96
4.505,93
4.505,93
4.505,93
4.501,92
4.491,96
4.497,91
4.494,97
4.473,98
4.480,100
4.535,102
4.483,101
4.483,101
4.515,96
4.512,95
4.476,92
4.564,96
4.542,90
4.469,84
4.428,72
4.403,73
4.403,72
4.425,65
4.380,69
4.424,64
4.428,68
4.429,70
4.429,70
4.427,74
4.429,70
4.453,80
4.451,74
4.438,77
4.462,82
4.453,80
4.430,75
4.477,86
4.466,83
4.473,85
4.442,78
4.404,69
4.379,68
4.427,67
4.462,82
4.501,92
4.501,92
4.500,106
4.520,112
4.588,118
4.621,113
6.339,122
6.409,127
6.414,122
6.324,118
6.335,121
6.371,130
6.413,128
6.421,130
8.302,112
8.259,107
8.230,106
8.274,104
8.271,103
8.335,107
8.291,109
8.313,108
8.288,108
8.330,113
8.316,109
8.311,100
8.317,102
8.374,104
8.415,116
8.517,116
8.638,107
8.411,100
6.365,108
6.332,113
6.337,107
6.374,118
4.743,133
4.809,131
4.748,128
4.671,127
4.550,114
8.281,106
8.231,99
8.152,98
4.617,119
4.541,111
4.568,119
4.648,121
4.563,103
4.563,103
4.490,103
4.504,107
4.500,106
4.497,105
4.486,102
4.469,97
4.486,102
1.154,89
4.549,92
4.595,98
4.584,102
4.564,96
1.234,84
4.553,93
4.578,100
1.123,101
1.345,100
1.205,103
1.262,105
4.594,105
1.262,105
1.325,109
1.204,110
1.325,109
1.286,112
1.222,108
1.319,107
1.148,101
1.258,104
1.205,103
1.109,97
1.234,97
1.166,92
1.201,82
1.117,80
1.146,87
1.241,99
1.146,87
1.308,104
1.251,102
1.190,106
1.255,103
1.158,90
1.204,89
1.234,84
1.142,69
1.041,72
1.131,56
1.127,41
1.077,39
1.102,35
1.076,33
1.173,22
1.125,26
1.226,31
1.152,36
1.026,33
1.225,26
1.175,28
1.226,32
1.075,28
1.126,33
1.076,30
1.151,29
1.125,26
1.075,27
1.075,23
1.126,29
1.100,28
1.046,21
1.125,28
1.100,26
1.125,28
1.125,27
1.100,27
1.175,23
1.075,28
1.073,22
1.050,25
1.126,31
1.127,35
1.228,49
1.157,59
1.042,70
1.077,77
1.184,84
1.258,90
1.274,94
1.188,98
1.258,104
1.275,109
1.297,108
1.279,110
1.304,110
1.212,105
1.282,111
1.205,103
1.208,104
1.226,102
1.287,105
1.262,105
1.315,106
1.286,112
1.332,111
1.417,114
4.619,105
1.312,105
4.631,109
1.257,111
4.631,109
4.643,105
4.636,103
4.602,93
4.681,102
4.757,110
4.725,115
4.710,118
4.742,120
4.721,114
4.770,121
4.770,114
4.774,122
4.753,123
4.766,120
4.794,121
1.449,116
4.749,115
4.752,116
1.307,111
4.767,113
1.347,108
1.372,108
1.351,102
1.172,108
1.300,109
1.266,92
1.156,78
1.286,63
1.127,42
1.102,34
1.071,21
1.026,29
1.150,25
1.075,26
1.127,36
1.050,27
1.027,39
0.977,46
1.028,49
1.032,58
1.088,65
1.089,66
1.123,76
1.066,72
1.167,80
1.106,78
1.111,79
1.091,73
1.090,74
1.098,76
1.117,80
1.106,78
1.090,74
1.098,76
1.130,83
1.092,70
1.094,75
1.117,80
1.073,76
1.094,75
1.142,80
1.142,86
1.098,76
1.048,76
1.106,78
1.073,76
1.102,77
1.090,74
1.117,80
1.056,78
1.091,73
1.094,75
1.081,78
1.098,76
1.090,74
1.094,75
1.092,80
1.041,72
1.123,81
1.081,78
1.076,82
1.048,76
1.098,81
1.098,76
1.067,80
1.106,78
1.131,78
1.126,82
1.081,78
1.048,76
1.130,83
1.126,82
1.094,75
1.077,77
1.081,78
1.065,74
1.098,76
1.081,78
1.092,80
1.090,74
1.076,82
1.041,73
1.094,75
1.044,75
1.094,75
1.081,78
1.077,77
1.090,74
1.106,78
1.073,76
1.090,74
1.080,83
1.086,79
1.102,77
1.131,78
